current directory: /Users/iouna/Documents/INFO /CV+Homepage+PPT/github + Homepage /Yiounah.github.io/vendor/bundle/ruby/4.0.0/gems/ffi-1.15.1/ext/ffi_c
/opt/homebrew/opt/ruby/bin/ruby extconf.rb
checking for pkg-config for libffi... not found
checking for ffi.h... no
checking for ffi.h in /usr/local/include,/usr/include/ffi,/Library/Developer/CommandLineTools/SDKs/MacOSX.sdk/usr/include/ffi,/Applications/Xcode.app/Contents/Developer/Platforms/MacOSX.platform/Developer/SDKs/MacOSX.sdk/usr/include/ffi... yes
checking for ffi_prep_closure_loc() in -lffi... yes
checking for ffi_prep_cif_var()... yes
checking for ffi_raw_call()... yes
checking for ffi_prep_raw_closure()... yes
checking for whether -pthread is accepted as LDFLAGS... yes
creating extconf.h
creating Makefile

current directory: /Users/iouna/Documents/INFO /CV+Homepage+PPT/github + Homepage /Yiounah.github.io/vendor/bundle/ruby/4.0.0/gems/ffi-1.15.1/ext/ffi_c
make -j11 DESTDIR\= sitearchdir\=./.gem.20260901-96313-b73hyz sitelibdir\=./.gem.20260901-96313-b73hyz clean

current directory: /Users/iouna/Documents/INFO /CV+Homepage+PPT/github + Homepage /Yiounah.github.io/vendor/bundle/ruby/4.0.0/gems/ffi-1.15.1/ext/ffi_c
make -j11 DESTDIR\= sitearchdir\=./.gem.20260901-96313-b73hyz sitelibdir\=./.gem.20260901-96313-b73hyz
compiling AbstractMemory.c
compiling ArrayType.c
compiling Buffer.c
compiling Call.c
compiling ClosurePool.c
compiling DynamicLibrary.c
compiling Function.c
compiling FunctionInfo.c
compiling LastError.c
compiling LongDouble.c
compiling MappedType.c
ArrayType.c:87:5: warning: 'rb_data_object_get_warning' is deprecated: by TypedData [-Wdeprecated-declarations]
   87 |     Data_Get_Struct(self, ArrayType, array);
      |     ^
/opt/homebrew/Cellar/ruby/4.0.6_1/include/ruby-4.0.0/ruby/internal/core/rdata.h:278:34: note: expanded from macro 'Data_Get_Struct'
  278 |     ((sval) = RBIMPL_CAST((type*)rb_data_object_get(obj)))
      |                                  ^
/opt/homebrew/Cellar/ruby/4.0.6_1/include/ruby-4.0.0/ruby/internal/core/rdata.h:370:31: note: expanded from macro 'rb_data_object_get'
  370 | #define rb_data_object_get    RUBY_MACRO_SELECT(rb_data_object_get_2, RUBY_UNTYPED_DATA_WARNING)
      |                               ^
/opt/homebrew/Cellar/ruby/4.0.6_1/include/ruby-4.0.0/ruby/internal/core/rdata.h:50:35: note: expanded from macro 'RUBY_MACRO_SELECT'
   50 | #define RUBY_MACRO_SELECT(x, y)   RBIMPL_MACRO_SELECT(x, y)
      |                                   ^
/opt/homebrew/Cellar/ruby/4.0.6_1/include/ruby-4.0.0/ruby/internal/core/rdata.h:49:35: note: expanded from macro 'RBIMPL_MACRO_SELECT'
   49 | #define RBIMPL_MACRO_SELECT(x, y) x ## y
      |                                   ^
<scratch space>:83:1: note: expanded from here
   83 | rb_data_object_get_1
      | ^
/opt/homebrew/Cellar/ruby/4.0.6_1/include/ruby-4.0.0/ruby/internal/core/rdata.h:368:31: note: expanded from macro 'rb_data_object_get_1'
  368 | #define rb_data_object_get_1  rb_data_object_get_warning
      |                               ^
/opt/homebrew/Cellar/ruby/4.0.6_1/include/ruby-4.0.0/ruby/internal/core/rdata.h:317:1: note: 'rb_data_object_get_warning' has been explicitly marked deprecated here
  317 | RBIMPL_ATTRSET_UNTYPED_DATA_FUNC()
      | ^
/opt/homebrew/Cellar/ruby/4.0.6_1/include/ruby-4.0.0/ruby/internal/core/rdata.h:47:5: note: expanded from macro 'RBIMPL_ATTRSET_UNTYPED_DATA_FUNC'
   47 |     RBIMPL_ATTR_DEPRECATED(("by TypedData"))
      |     ^
/opt/homebrew/Cellar/ruby/4.0.6_1/include/ruby-4.0.0/ruby/internal/attr/deprecated.h:36:53: note: expanded from macro 'RBIMPL_ATTR_DEPRECATED'
   36 | # define RBIMPL_ATTR_DEPRECATED(msg) __attribute__((__deprecated__ msg))
      |                                                     ^
ArrayType.c:91:5: warning: 'rb_data_object_get_warning' is deprecated: by TypedData [-Wdeprecated-declarations]
   91 |     Data_Get_Struct(rbComponentType, Type, array->componentType);
      |     ^
/opt/homebrew/Cellar/ruby/4.0.6_1/include/ruby-4.0.0/ruby/internal/core/rdata.h:278:34: note: expanded from macro 'Data_Get_Struct'
  278 |     ((sval) = RBIMPL_CAST((type*)rb_data_object_get(obj)))
      |                                  ^
/opt/homebrew/Cellar/ruby/4.0.6_1/include/ruby-4.0.0/ruby/internal/core/rdata.h:370:31: note: expanded from macro 'rb_data_object_get'
  370 | #define rb_data_object_get    RUBY_MACRO_SELECT(rb_data_object_get_2, RUBY_UNTYPED_DATA_WARNING)
      |                               ^
/opt/homebrew/Cellar/ruby/4.0.6_1/include/ruby-4.0.0/ruby/internal/core/rdata.h:50:35: note: expanded from macro 'RUBY_MACRO_SELECT'
   50 | #define RUBY_MACRO_SELECT(x, y)   RBIMPL_MACRO_SELECT(x, y)
      |                                   ^
/opt/homebrew/Cellar/ruby/4.0.6_1/include/ruby-4.0.0/ruby/internal/core/rdata.h:49:35: note: expanded from macro 'RBIMPL_MACRO_SELECT'
   49 | #define RBIMPL_MACRO_SELECT(x, y) x ## y
      |                                   ^
<scratch space>:84:1: note: expanded from here
   84 | rb_data_object_get_1
      | ^
/opt/homebrew/Cellar/ruby/4.0.6_1/include/ruby-4.0.0/ruby/internal/core/rdata.h:368:31: note: expanded from macro 'rb_data_object_get_1'
  368 | #define rb_data_object_get_1  rb_data_object_get_warning
      |                               ^
/opt/homebrew/Cellar/ruby/4.0.6_1/include/ruby-4.0.0/ruby/internal/core/rdata.h:317:1: note: 'rb_data_object_get_warning' has been explicitly marked deprecated here
  317 | RBIMPL_ATTRSET_UNTYPED_DATA_FUNC()
      | ^
/opt/homebrew/Cellar/ruby/4.0.6_1/include/ruby-4.0.0/ruby/internal/core/rdata.h:47:5: note: expanded from macro 'RBIMPL_ATTRSET_UNTYPED_DATA_FUNC'
   47 |     RBIMPL_ATTR_DEPRECATED(("by TypedData"))
      |     ^
/opt/homebrew/Cellar/ruby/4.0.6_1/include/ruby-4.0.0/ruby/internal/attr/deprecated.h:36:53: note: expanded from macro 'RBIMPL_ATTR_DEPRECATED'
   36 | # define RBIMPL_ATTR_DEPRECATED(msg) __attribute__((__deprecated__ msg))
      |                                                     ^
ArrayType.c:115:5: warning: 'rb_data_object_get_warning' is deprecated: by TypedData [-Wdeprecated-declarations]
  115 |     Data_Get_Struct(self, ArrayType, array);
      |     ^
/opt/homebrew/Cellar/ruby/4.0.6_1/include/ruby-4.0.0/ruby/internal/core/rdata.h:278:34: note: expanded from macro 'Data_Get_Struct'
  278 |     ((sval) = RBIMPL_CAST((type*)rb_data_object_get(obj)))
      |                                  ^
/opt/homebrew/Cellar/ruby/4.0.6_1/include/ruby-4.0.0/ruby/internal/core/rdata.h:370:31: note: expanded from macro 'rb_data_object_get'
  370 | #define rb_data_object_get    RUBY_MACRO_SELECT(rb_data_object_get_2, RUBY_UNTYPED_DATA_WARNING)
      |                               ^
/opt/homebrew/Cellar/ruby/4.0.6_1/include/ruby-4.0.0/ruby/internal/core/rdata.h:50:35: note: expanded from macro 'RUBY_MACRO_SELECT'
   50 | #define RUBY_MACRO_SELECT(x, y)   RBIMPL_MACRO_SELECT(x, y)
      |                                   ^
/opt/homebrew/Cellar/ruby/4.0.6_1/include/ruby-4.0.0/ruby/internal/core/rdata.h:49:35: note: expanded from macro 'RBIMPL_MACRO_SELECT'
   49 | #define RBIMPL_MACRO_SELECT(x, y) x ## y
      |                                   ^
<scratch space>:85:1: note: expanded from here
   85 | rb_data_object_get_1
      | ^
/opt/homebrew/Cellar/ruby/4.0.6_1/include/ruby-4.0.0/ruby/internal/core/rdata.h:368:31: note: expanded from macro 'rb_data_object_get_1'
  368 | #define rb_data_object_get_1  rb_data_object_get_warning
      |                               ^
/opt/homebrew/Cellar/ruby/4.0.6_1/include/ruby-4.0.0/ruby/internal/core/rdata.h:317:1: note: 'rb_data_object_get_warning' has been explicitly marked deprecated here
  317 | RBIMPL_ATTRSET_UNTYPED_DATA_FUNC()
      | ^
/opt/homebrew/Cellar/ruby/4.0.6_1/include/ruby-4.0.0/ruby/internal/core/rdata.h:47:5: note: expanded from macro 'RBIMPL_ATTRSET_UNTYPED_DATA_FUNC'
   47 |     RBIMPL_ATTR_DEPRECATED(("by TypedData"))
      |     ^
/opt/homebrew/Cellar/ruby/4.0.6_1/include/ruby-4.0.0/ruby/internal/attr/deprecated.h:36:53: note: expanded from macro 'RBIMPL_ATTR_DEPRECATED'
   36 | # define RBIMPL_ATTR_DEPRECATED(msg) __attribute__((__deprecated__ msg))
      |                                                     ^
ArrayType.c:130:5: warning: 'rb_data_object_get_warning' is deprecated: by TypedData [-Wdeprecated-declarations]
  130 |     Data_Get_Struct(self, ArrayType, array);
      |     ^
/opt/homebrew/Cellar/ruby/4.0.6_1/include/ruby-4.0.0/ruby/internal/core/rdata.h:278:34: note: expanded from macro 'Data_Get_Struct'
  278 |     ((sval) = RBIMPL_CAST((type*)rb_data_object_get(obj)))
      |                                  ^
/opt/homebrew/Cellar/ruby/4.0.6_1/include/ruby-4.0.0/ruby/internal/core/rdata.h:370:31Buffer.c:98:5: warning: 'rb_data_object_get_warning' is deprecated: by TypedData [-Wdeprecated-declarations]
   98 |     Data_Get_Struct(self, Buffer, p);
      |     ^
: note: expanded from macro 'rb_data_object_get'
  370 | #define rb_data_object_get    RUBY_MACRO_SELECT(rb_data_object_get_2, RUBY_UNTYPED_DATA_WARNING)
      |                               ^
/opt/homebrew/Cellar/ruby/4.0.6_1/include/ruby-4.0.0/ruby/internal/core/rdata.h:50:35: note: expanded from macro 'RUBY_MACRO_SELECT'
   50 | #define RUBY_MACRO_SELECT(x, y)   RBIMPL_MACRO_SELECT(x, y)
      |                                   ^
/opt/homebrew/Cellar/ruby/4.0.6_1/include/ruby-4.0.0/ruby/internal/core/rdata.h:49:35: note: expanded from macro 'RBIMPL_MACRO_SELECT'
   49 | #define RBIMPL_MACRO_SELECT(x, y) x ## y
      |                                   ^
<scratch space>:86:1: note: expanded from here
   86 | rb_data_object_get_1
      | ^
/opt/homebrew/Cellar/ruby/4.0.6_1/include/ruby-4.0.0/ruby/internal/core/rdata.h:368:31: note: expanded from macro 'rb_data_object_get_1'
/opt/homebrew/Cellar/ruby/4.0.6_1/include/ruby-4.0.0/ruby/internal/core/rdata.h:278:34: note: expanded from macro 'Data_Get_Struct'
  278 |     ((sval) = RBIMPL_CAST((type*)rb_data_object_get(obj)))
      |                                  ^
/opt/homebrew/Cellar/ruby/4.0.6_1/include/ruby-4.0.0/ruby/internal/core/rdata.h:370:31: note: expanded from macro 'rb_data_object_get'
  370 | #define rb_data_object_get    RUBY_MACRO_SE  LECT(rb_data_object_get_2, RUBY_UNTYPED_DATA_WARNING)
      |                               ^
/opt/homebrew/Cellar/ruby/4.0.6_1/include/ruby-4.0.0/ruby/internal/core/rdata.h:50:35: note: expanded from macro 'RUBY_MACRO_SELECT'
   50 | #define RUBY_MACRO_SELECT(x, y)   RBIMPL_MACRO_SELECT(x, y)
      |                                   ^
/opt/homebrew/Cellar/ruby/4.0.6_1/include/ruby-4.0.0/ruby/internal/core/rdata.h:49:35: note: expanded from macro 'RBIMPL_MACRO_SELECT'
   49 | #def368 | ine RBIMPL_MACRO_SELECT(x, y) x ### y
      |                                   ^
<scratch space>:82:1: note: expanded from here
d   82 | rb_data_objeecfitn_eg ertb__data_o1
      | ^
/opt/homebrew/Cellar/ruby/4.0.6_1/include/ruby-4.0.0/ruby/internal/core/rdata.h:368:31: note: expanded from macro 'rb_data_object_get_1'
  368 | #define rb_data_bject_get_1  object_gret_1  rb_data_object_get_warning
      |                               ^
b_/opt/homebrew/Cellar/ruby/4.0.6_1/include/ruby-4.0.0/ruby/internal/core/rdata.h:317:1: note: 'rb_data_object_get_warning' has been explicitly marked deprecated here
  317 | RBIMPL_ATTRSET_UNTYPED_DATA_FUNC()
      | ^
/opt/homebrew/Cellar/ruby/4.0.6_1/include/ruby-4.0.0/ruby/internal/core/rdata.h:47:5: note: expanded from macro 'RBIMPL_ATTRSET_UNTYPED_DATA_FUNC'
   47 |     RdaBtaI_MoPbLj_eAcTtT_Rg_eDt_warnEiPRECATED(("bny TypedData"))
      |     ^
g/opt/homebrew/Cellar/ruby/4.0.6_1/include/ruby-4.0.0/ruby/internal/attr/deprecated.h:36:53: note: expanded from macro 'RBIMPL_ATTR_DEPRECATED'
   36 | # define RBIMPL_ATTR_DEPRECATED(msg) __attribute__((__deprecated__ msg))
      |                                                     ^

      |                               ^
/opt/homebrew/Cellar/ruby/4.0.6_1/include/ruby-4.0.0/ruby/internal/core/rdata.h:317:1: note: 'rb_data_object_get_warning' has been explicitly marked deprecated here
  317 | RBIMPL_ATTRSET_UNBuffer.c:141:5: warning: 'rb_data_object_get_warning' is deprecated: by TypedData [-Wdeprecated-declarations]
  141 |     Data_Get_Struct(self, Buffer, dst);
      |     ^
/opt/homebrew/Cellar/ruby/4.0.6_1/include/ruby-4.0.0/ruby/internal/core/rdata.h:278:34: note: expanded from macro 'Data_Get_Struct'
  278 |     ((sval) = RBIMPL_CAST((type*)rb_data_object_get(obj)))
      |                                  ^
/opt/homebrew/Cellar/ruby/4.0.6_1/include/ruby-4.0.0/ruby/internal/core/rdata.h:370:31: note: expanded from macro 'rb_data_object_get'
  370 | #define rb_data_object_get    RUBY_MACRO_SELECT(rb_data_object_get_2, RUBY_UNTYPED_DATA_WARNING)
      |                               ^
/opt/homebrew/Cellar/ruby/4.0.6_1/include/ruby-4.0.0/ruby/internal/core/rdata.h:50:35: note: expanded from macro 'RUBY_MACRO_SELECT'
   50 | #define RUBY_MACRO_SELECT(x, y)   RBIMPL_MACRO_SELECT(x, y)
      |                                   ^
/opt/homebrew/Cellar/ruby/4.0.6_1/include/ruby-4.0.0/ruby/internal/core/rdata.h:49:35: note: expanded from macro 'RBIMPL_MACRO_SELECT'
   49 | #define RBIMPL_MACRO_SELECT(x, y) x ## y
      |                                   ^
<scratch space>:83:1: note: expanded from here
   83 | rb_data_object_get_1
      | ^
/opt/homebrew/Cellar/ruby/4.0.6_1/include/ruby-4.0.0/ruby/internal/core/rdata.h:368:31: note: expanded from macro 'rb_data_object_get_1'
  368 | #define rb_data_object_get_1  rb_data_object_get_warning
      |                               ^
/opt/homebrew/Cellar/ruby/4.0.6_1/include/ruby-4.0.0/ruby/internal/core/rdata.h:317:1: note: 'rb_data_object_get_warning' has been explicitly marked deprecated here
  317 | RBIMPL_ATTRSET_UNTYPED_DATA_FUNC()
      | ^
/opt/homebrew/Cellar/ruby/4.0.6_1/include/ruby-4.0.0/ruby/internal/core/rdata.h:47:5: note: expanded from macro 'RBIMPL_ATTRSET_UNTYPED_DATA_FUNC'
   47 |     RBIMPL_ATTR_DEPRECATED(("by TypedData"))
      |     ^
/opt/homebrew/Cellar/ruby/4.0.6_1/include/ruby-4.0.0/ruby/internal/attr/deprecated.h:36:53: note: expanded from macro 'RBIMPL_ATTR_DEPRECATED'
   36 | # define RBIMPL_ATTR_DEPRECATED(msg) __attribute__((__deprecated__ msg))
      |                                                     ^
TYPED_DATA_FUNC()
      | ^
Buffer.c:175:5: warning: 'rb_data_object_get_warning' is deprecated: by TypedData [-Wdeprecated-declarations]
  175 |     Data_Get_Struct(self, Buffer, ptr);
      |     ^
/opt/homebrew/Cellar/ruby/4.0.6_1/include/ruby-4.0.0/ruby/internal/core/rdata.h:278:34: note: expanded from macro 'Data_Get_Struct'
  278 |     ((sval) = RBIMPL_CAST((type/opt/homebrew/Cellar/ruby/4.0.6_1/include/ruby-4.0.0/ruby/internal/core/rdata.h*)rb_data_object_get(obj)))
      |                                  ^
/opt/homebrew/Cellar/ruby/4.0.6_1/include/ruby-4.0.0/ruby/internal/core/rdata.h:370:31: note: expanded from macro 'rb_data_object_get'
  370 | #:47define rb_data_object_get    RUBY_MACRO_SELECT(rb_data_object_get_2, RUBY_UNTYPED_DATA_WARNING)
      |                               ^
/opt/homebrew/Cellar/ruby/4.0.6_1/include/ruby-4.0.0/ruby/internal/core/rdata.h:50:35: note: expanded from macro 'RUBY_MACRO_SELECT'
   50 | #define RUBY_MACRO_SELECT(x, y)   RBIMPL_MACRO_SELECT(x, y)
      |                                   ^
/opt/homebrew/Cellar/ruby/4.0.6_1/include/ruby-4.0.0/ruby/internal/core/rdata.h:49:35: note: expanded from macro 'RBIMPL_MACRO_SELECT'
   49 | #define RBIMPL_MACRO_SELECT(x, y) x ## y
      |                                   ^
<scratch space>:84:1: note: expanded from here
   84 | rb_data_object_get_1
      | ^
/opt/homebrew/Cellar/ruby/4.0.6_1/include/ruby-4.0.0/ruby/internal/core/rdata.h:368:31: note: expanded from macro 'rb_data_object_get_1'
  368 | #define rb_data_object_get_1  rb_data_object_get_warning
      |                               ^
/opt/homebrew/Cellar/ruby/4.0.6_1/include/ruby-4.0.0/ruby/internal/core/rdata.h:317:1: note: 'rb_data_object_get_warning' has been explicitly marked deprecated here
  317 | R:BIMPL_ATTRSET_UNTYPED_DATA_FUNC()
      | ^
/opt/homebrew/Cellar/ruby/4.0.6_1/include/ruby-4.0.0/ruby/internal/core/rdata.h:47:5: note: expanded from macro 'RBIMPL_ATTRSET_UNTYPED_DATA_FUNC'
   47 |     RBIMPL_ATTR_DEPRECATED(("by TypedData"))
      |     ^
/opt/homebrew/Cellar/ruby/4.0.6_1/include/ruby-4.0.0/ruby/internal/attr/deprecated.h:36:53: note: expanded from macro 'RBIMPL_ATTR_DEPRECATED'
   36 | # define RBIMPL_ATTR_DEPRECATED(msg) __attribute__((__deprecated__ msg))
      |                                                     ^
5: note: expanded from macro 'RBIMPL_ATTRSET_UNTYPED_DATA_FUNC'
   47 |     RBIMPL_ATTR_DEPRECATED(("by TypedData"))
      |     ^
/opt/homebrew/Cellar/ruby/4.0.6_1/include/ruby-4.0.0/ruby/internal/attr/deprecated.h:36:53: note: expanded from macro 'RBIMPL_ATTR_DEPRECATED'
   36 | # define RBIMPL_ATTR_DEPRECATED(msg) __attribute__((__deprecBuffer.c:200:5: warning: 'rb_data_object_get_warning' is deprecated: by TypedData [-Wdeprecated-declarations]
  200 |     Data_Get_Struct(self, Buffer, ptr);
      |     ^
/opt/homebrew/Cellar/ruby/4.0.6_1/include/ruby-4.0.0/ruby/internal/core/rdata.h:278:34: note: expanded from macro 'Data_Get_Struct'
  278 |     ((sval) = RBIMPL_CAST((type*)rb_data_object_get(obj)))
      |                                  ^
/opt/homebrew/Cellar/ruby/4.0.6_1/include/ruby-4.0.0/ruby/internal/core/rdata.h:370:31: note: expanded from macro 'rb_data_object_get'
  370 | #define rb_data_object_get    RUBY_MACRO_SELECT(rb_data_object_get_2, RUBY_UNTYPED_DATA_WARNING)
      |                               ^
/opt/homebrew/Cellar/ruby/4.0.6_1/include/ruby-4.0.0/ruby/internal/core/rdata.h:50:35: note: expanded from macro 'RUBY_MACRO_SELECT'
   50 | #define RUBY_MACRO_SELECT(x, y)   RBIMPL_MACRO_SELECT(x, y)
      |                                   ^
/opt/homebrew/Cellar/ruby/4.0.6_1/include/ruby-4.0.0/ruby/internal/core/rdata.h:49:35: note: expanded from macro 'RBIMPL_MACRO_SELECT'
   49 | #define RBIMPL_MACRO_SELECT(x, y) x ## y
      |                                   ^
<scratch space>:85:1: note: expanded from here
   85 | rb_data_object_get_1
      | ^
/opt/homebrew/Cellar/ruby/4.0.6_1/include/ruby-4.0.0/ruby/internal/core/rdata.h:368:31: note: expanded from macro 'rb_data_object_get_1'
  368 | #define rb_data_object_get_1  rb_data_object_get_warning
      |                               ^
/opt/homebrew/Cellar/ruby/4.0.6_1/include/ruby-4.0.0/ruby/internal/core/rdata.h:317:1: note: 'rb_data_object_get_warning' has been explicitly marked deprecated here
  317 | RBIMPL_ATTRSET_UNTYPED_DATA_FUNC()
      | ^
/opt/homebrew/Cellar/ruby/4.0.6_1/include/ruby-4.0.0/ruby/internal/core/rdata.h:47:5: note: expanded from macro 'RBIMPL_ATTRSET_UNTYPED_DATA_FUNC'
   47 |     RBIMPL_ATTR_DEPRECATED(("by TypedData"))
      |     ^
/opt/homebrew/Cellar/ruby/4.0.6_1/include/ruby-4.0.0/ruby/internal/attr/deprecated.h:36:53: note: expanded from macro 'RBIMPL_ATTR_DEPRECATED'
   36 | # define RBIMPL_ATTR_DEPRECATED(msg) __attribute__((__deprecated__ msg))
      |                                                     ^ated_
Buffer.c:229:5: warning: 'rb_data_object_get_warning' is deprecated: by TypedData [-Wdeprecated-declarations]
  229 |     Data_Get_Struct(self, Buffer, ptr);
      |     ^
/opt/homebrew/Cellar/ruby/4.0.6_1/include/ruby-4.0.0/ruby/internal/core/rdata.h:278:_ m34: note: expanded from macro 'Data_Get_Struct'
  278 |     ((sval) = RBIMPL_CAST((type*)rb_data_object_get(obj)))
      |                                  ^
/opt/homebrew/Cellar/ruby/4.0.6_1/include/ruby-4.0.0/ruby/internal/core/rdata.h:370:31: note: expanded from macro 'rb_data_object_get'
  370 | #define rb_data_object_get  s g))
      |                                                     ^
 RUBY_MACRO_SELECT(rb_data_object_get_2, RUBY_UNTYPED_DATA_WARNING)
      |                               ^
/opt/homebrew/Cellar/ruby/4.0.6_1/include/ruby-4.0.0/ruby/internal/core/rdata.h:50:35: note: expanded from macro 'RUBY_MACRO_SELECT'
   50 | #define RUBY_MACRO_SELECT(x, y)   RBIMPL_MACRO_SELECT(x, y)
      |                                   ^
/opt/homebrew/Cellar/ruby/4.0.6_1/include/ruby-4.0.0/ruby/internal/core/rdata.h:49:35: note: expanded from macro 'RBIMPL_MACRO_SELECT'
   49 | #define RBIMPL_MACRO_SELECT(x, y) x ## y
      |                                   ^
<scratch space>:86:1: note: expanded from here
   86 | rb_data_object_get_1
      | ^
/opt/homebrew/Cellar/ruby/4.0.6_1/include/ruby-4.0.0/ruby/internal/core/rdata.h:368:31: note: expanded from macro 'rb_data_object_get_1'
  368 | #define rb_data_object_get_1  rb_data_object_get_warning
      |                               ^
/opt/homebrew/Cellar/ruby/4.0.6_1/include/ruby-4.0.0/ruby/internal/core/rdata.h:317:1: note: 'rb_data_object_get_warning' has been explicitly marked deprecated here
  317 | RBIMPL_ATTRSET_UNTYPED_DATA_FUNC()
      | ^
/opt/homebrew/Cellar/ruby/4.0.6_1/include/ruby-4.0.0/ruby/internal/core/rdata.h:47:5: note: expanded from macro 'RBIMPL_ATTRSET_UNTYPED_DATA_FUNC'
   47 |     RBIMPL_ATTR_DEPRECATED(("by TypedData"))
      |     ^
/opt/homebrew/Cellar/ruby/4.0.6_1/include/ruby-4.0.0/ruby/internal/attr/deprecated.h:36:53: note: expanded from macro 'RBIMPL_ATTR_DEPRECATED'
   36 | # define RBIMPL_ATTR_DEPRECATED(msg) __attribute__((__deprecated__ msg))
      |                                                     ^
DynamicLibrary.c:116:5: warning: 'rb_data_object_get_warning' is deprecated: by TypedData [-Wdeprecated-declarations]
  116 |     Data_Get_Struct(self, Library, library);
      |     ^
Buffer.c:258:5: warning: 'rb_data_object_get_warning' is deprecated: by TypedData [-Wdeprecated-declarations]
  258 |     Data_Get_Struct(self, Buffer, ptr);
      |     ^
/opt/homebrew/Cellar/ruby/4.0.6_1/include/ruby-4.0.0/ruby/internal/core/rdata.h:278:34: note: expanded from macro 'Data_Get_Struct'
  278 |     ((sval) = RBIMPL_CAST((type*)rb_data_object_get(obj)))
      |                                  ^
/opt/homebrew/Cellar/ruby/4.0.6_1/include/ruby-4.0.0/ruby/internal/core/rdata.h:370:31: note: expanded from macro 'rb_data_object_get'
  370 | #define rb_data_object_get    RUBY_MACRO_SELECT(rb_data_object_get_2, RUBY_UNTYPED_DATA_WARNING)
      |                               ^
/opt/homebrew/Cellar/ruby/4.0.6_1/include/ruby-4.0.0/ruby/internal/core/rdata.h:50:35: note: expanded from macro 'RUBY_MACRO_SELECT'
   50 | #define RUBY_MACRO_SELECT(x, y)   RBIMPL_MACRO_SELECT(x, y)
      |                                   ^
/opt/homebrew/Cellar/ruby/4.0.6_1/include/ruby-4.0.0/ruby/internal/core/rdata.h:49:35: note: expanded from macro 'RBIMPL_MACRO_SELECT'
   49 | #define RBIMPL_MACRO_SELECT(x, y) x ## y
      |                                   ^
<scratch space>:87:1: note: expanded from here
   87 | rb_data_object_get_1
      | ^
/opt/homebrew/Cellar/ruby/4.0.6_1/include/ruby-4.0.0/ruby/internal/core/rdata.h:368:31: note: expanded from macro 'rb_data_object_get_1'
  368 | #define rb_data_object_get_1  rb_data_object_get_warning
      |                               ^
/opt/homebrew/Cellar/ruby/4.0.6_1/include/ruby-4.0.0/ruby/internal/core/rdata.h:317:1: note: 'rb_data_object_get_warning' has been explicitly marked deprecated here
  317 | RBIMPL_ATTRSET_UNTYPED_DATA_FUNC()
      | ^
/opt/homebrew/Cellar/ruby/4.0.6_1/include/ruby-4.0.0/ruby/internal/core/rdata.h:47:5: note: expanded from macro 'RBIMPL_ATTRSET_UNTYPED_DATA_FUNC'
   47 |     RBIMPL_ATTR_DEPRECATED(("by TypedData"))
      |     ^
/opt/homebrew/Cellar/ruby/4.0.6_1/include/ruby-4.0.0/ruby/internal/attr/deprecated.h:36:53: note: expanded from macro 'RBIMPL_ATTR_DEPRECATED'
   36 | # define RBIMPL_ATTR_DEPRECATED(msg) __attribute__((__deprecated__ msg))
      |                                                     ^
Buffer.c:282:13: warning: 'rb_data_object_get_warning' is deprecated: by TypedData [-Wdeprecated-declarations]
  282 |             Data_Get_Struct(retval, Buffer, p2);
      |             ^
/opt/homebrew/Cellar/ruby/4.0.6_1/include/ruby-4.0.0/ruby/internal/core/rdata.h:278:34: note: expanded from macro 'Data_Get_Struct'
  278 |     ((sval) = RBIMPL_CAST((type*)rb_data_object_get(obj)))
      |                                  ^
/opt/homebrew/Cellar/ruby/4.0.6_1/include/ruby-4.0.0/ruby/internal/core/rdata.h:370:31: note: expanded from macro 'rb_data_object_get'
  370 | #define rb_data_object_get    RUBY_MACRO_SELECT(rb_data_object_get_2, RUBY_UNTYPED_DATA_WARNING)
      |                               ^
/opt/homebrew/Cellar/ruby/4.0.6_1/include/ruby-4.0.0/ruby/internal/core/rdata.h:50:35: note: expanded from macro 'RUBY_MACRO_SELECT'
   50 | #define RUBY_MACRO_SELECT(x, y)   RBIMPL_MACRO_SELECT(x, y)
      |                                   ^
/opt/homebrew/Cellar/ruby/4.0.6_1/include/ruby-4.0.0/ruby/internal/core/rdata.h:49:35: note: expanded from macro 'RBIMPL_MACRO_SELECT'
   49 | #define RBIMPL_MACRO_SELECT(x, y) x ## y
      |                                   ^
<scratch space>:88:1: note: expanded from here
   88 | rb_data_object_get_1
      | ^
/opt/homebrew/Cellar/ruby/4.0.6_1/include/ruby-4.0.0/ruby/internal/core/rdata.h:368:31: note: expanded from macro 'rb_data_object_get_1'
  368 | #define rb_data_object_get_1  rb_data_object_get_warning
      |                               ^
/opt/homebrew/Cellar/ruby/4.0.6_1/include/ruby-4.0.0/ruby/internal/core/rdata.h:317:1: note: 'rb_data_object_get_warning' has been explicitly marked deprecated here
  317 | RBIMPL_ATTRSET_UNTYPED_DATA_FUNC()
      | ^
/opt/homebrew/Cellar/ruby/4.0.6_1/include/ruby-4.0.0/ruby/internal/core/rdata.h:47:5: note: expanded from macro 'RBIMPL_ATTRSET_UNTYPED_DATA_FUNC'
   47 |     RBIMPL_ATTR_DEPRECATED(("by TypedData"))
      |     ^
/opt/homebrew/Cellar/ruby/4.0.6_1/include/ruby-4.0.0/ruby/internal/attr/deprecated.h:36:53: note: expanded from macro 'RBIMPL_ATTR_DEPRECATED'
   36 | # define RBIMPL_ATTR_DEPRECATED(msg) __attribute__((__deprecated__ msg))
      |                                                     ^
Buffer.c:297:5: warning: 'rb_data_object_get_warning' is deprecated: by TypedData [-Wdeprecated-declarations]
  297 |     Data_Get_Struct(self, Buffer, ptr);
      |     ^
/opt/homebrew/Cellar/ruby/4.0.6_1/include/ruby-4.0.0/ruby/internal/core/rdata.h:278:34: note: expanded from macro 'Data_Get_Struct'
  278 |     ((sval) = RBIMPL_CAST((type*)rb_data_object_get(obj)))
      |                                  ^
/opt/homebrew/Cellar/ruby/4.0.6_1/include/ruby-4.0.0/ruby/internal/core/rdata.h:370:31: note: expanded from macro 'rb_data_object_get'
  370 | #define rb_data_object_get    RUBY_MACRO_SELECT(rb_data_object_get_2, RUBY_UNTYPED_DATA_WARNING)
      |                               ^
/opt/homebrew/Cellar/ruby/4.0.6_1/include/ruby-4.0.0/ruby/internal/core/rdata.h:50:35: note: expanded from macro 'RUBY_MACRO_SELECT'
   50 | #define RUBY_MACRO_SELECT(x, y)   RBIMPL_MACRO_SELECT(x, y)
      |                                   ^
/opt/homebrew/Cellar/ruby/4.0.6_1/include/ruby-4.0.0/ruby/internal/core/rdata.h:49:35: note: expanded from macro 'RBIMPL_MACRO_SELECT'
   49 | #define RBIMPL_MACRO_SELECT(x, y) x ## y
      |                                   ^
<scratch space>:89:1: note: expanded from here
   89 | rb_data_object_get_1
      | ^
/opt/homebrew/Cellar/ruby/4.0.6_1/include/ruby-4.0.0/ruby/internal/core/rdata.h:368:31: note: expanded from macro 'rb_data_object_get_1'
  368 | #define rb_data_object_get_1  rb_data_object_get_warning
      |                               ^
/opt/homebrew/Cellar/ruby/4.0.6_1/include/ruby-4.0.0/ruby/internal/core/rdata.h:317:1: note: 'rb_data_object_get_warning' has been explicitly marked deprecated here
  317 | RBIMPL_ATTRSET_UNTYPED_DATA_FUNC()
      | ^
/opt/homebrew/Cellar/ruby/4.0.6_1/include/ruby-4.0.0/ruby/internal/core/rdata.h:47:5: note: expanded from macro 'RBIMPL_ATTRSET_UNTYPED_DATA_FUNC'
   47 |     RBIMPL_ATTR_DEPRECATED(("by TypedData"))
      |     ^
/opt/homebrew/Cellar/ruby/4.0.6_1/include/ruby-4.0.0/ruby/internal/attr/deprecated.h:36:53: note: expanded from macro 'RBIMPL_ATTR_DEPRECATED'
   36 | # define RBIMPL_ATTR_DEPRECATED(msg) __attribute__((__deprecated__ msg))
      |                                                     ^
/opt/homebrew/Cellar/ruby/4.0.6_1/include/ruby-4.0.0/ruby/internal/core/rdata.h:278:34: note: expanded from macro 'Data_Get_Struct'
  278 |     ((sval) = RBIMPL_CAST((type*)rb_data_object_get(obj)))
      |                                  ^
/opt/homebrew/Cellar/ruby/4.0.6_1/include/ruby-4.0.0/ruby/internal/core/rdata.h:370:31: note: expanded from macro 'rb_data_object_get'
  370 | #define rb_data_object_get    RUBY_MACRO_SELECT(rb_data_object_get_2, RUBY_UNTYPED_DATA_WARNING)
      |                               ^
/opt/homebrew/Cellar/ruby/4.0.6_1/include/ruby-4.0.0/ruby/internal/core/rdata.h:50:35: note: expanded from macro 'RUBY_MACRO_SELECT'
   50 | #define RUBY_MACRO_SELECT(x, y)   RBIMPL_MACRO_SELECT(x, y)
      |                                   ^
/opt/homebrew/Cellar/ruby/4.0.6_1/include/ruby-4.0.0/ruby/internal/core/rdata.h:49:35: note: expanded from macro 'RBIMPL_MACRO_SELECT'
   49 | #define RBIMPL_MACRO_SELECT(x, y) x ## y
      |                                   ^
<scratch space>:92:1: note: expanded from here
   92 | rb_data_object_get_1
      | ^
/opt/homebrew/Cellar/ruby/4.0.6_1/include/ruby-4.0.0/ruby/internal/core/rdata.h:368:31: note: expanded from macro 'rb_data_object_get_1'
  368 | #define rb_data_object_get_1  rb_data_object_get_warning
      |                               ^
/opt/homebrew/Cellar/ruby/4.0.6_1/include/ruby-4.0.0/ruby/internal/core/rdata.h:317:1: note: 'rb_data_object_get_warning' has been explicitly marked deprecated here
  317 | RBIMPL_ATTRSET_UNTYPED_DATA_FUNC()
      | ^
/opt/homebrew/Cellar/ruby/4.0.6_1/include/ruby-4.0.0/ruby/internal/core/rdata.h:47:5: note: expanded from macro 'RBIMPL_ATTRSET_UNTYPED_DATA_FUNC'
   47 |     RBIMPL_ATTR_DEPRECATED(("by TypedData"))
      |     ^
/opt/homebrew/Cellar/ruby/4.0.6_1/include/ruby-4.0.0/ruby/internal/attr/deprecated.h:36AbstractMemory.c:250:1: warning: 'rb_data_object_get_warning' is deprecated: by TypedData [-Wdeprecated-declarations]
  250 | NUM_OP(:53: note: expanded from macro 'RBIMPL_ATTR_DEPRECATED'
   36 | # define RBIMPL_ATTR_DEPRECATEDint8, int(msg) __attribute__((_8_t_deprecate, NUM2INT, INT2NUM, NOSWAP);
d      | ^
__ msgAbstractMemory.c:90:5: note: expanded from macro 'NUM_OP'
   90 |     Data_Get_Struct(self, AbstractMemory, memory); \
      |     ^
/opt/homebrew/Cellar/ruby/4.0.6_1/include/ruby-4.0.0/ruby/internal/core/rdata.h:278:34: note: expanded from macro 'Data_Get_Struct'
  278 |     ((sval) = RBIMPL_CAST((type*)rb_data_object_get(obj)))
      |                                  ^
/opt/homebrew/Cellar/ruby/4.0.6_1/include/ruby-4.0.0/ruby/internal/core/rdata.h:370:31: note: expanded from macro 'rb_data_object_get'
  )370) | 
      #| d                                                    ^
efine rb_data_object_get    RUBY_MACRO_SELECT(rb_data_object_get_2, RUBY_UNTYPED_DATA_WARNING)
      |                               ^
note: (skipping 1 expansions in backtrace; use -fmacro-backtrace-limit=0 to see all)
/opt/homebrew/Cellar/ruby/4.0.6_1/include/ruby-4.0.0/ruby/internal/core/rdata.h:49:35: note: expanded from macro 'RBIMPL_MACRO_SELECT'
   49 | #define RBIMPL_MACRO_SELECT(x, y) x ## y
      |                                   ^
<scratch space>:104:1: note: expanded from here
  104 | rb_data_object_get_1
      | ^
/opt/homebrew/Cellar/ruby/4.0.6_1/include/ruby-4.0.0/ruby/internal/core/rdata.h:368:31: note: expanded from macro 'rb_data_object_get_1'
  368 | #define rb_data_object_get_1  rb_data_object_get_warning
      |                               ^
/opt/homebrew/Cellar/ruby/4.0.6_1/include/ruby-4.0.0/ruby/internal/core/rdata.h:317:1: note: 'rb_data_object_get_warning' has been explicitly marked deprecated here
  317 | RBIMPL_ATTRSET_UDynamicLibrary.c:147:5: warning: 'rb_data_object_get_warning' is deprecated: by TypedData [-Wdeprecated-declarations]
  147 |     Data_Get_Struct(self, Library, library);
NTYPED_DATA_FUNC()
      | ^
/opt/homebrew/Cellar/ruby/4.0.6_1/include/ruby-4.0.0/ruby/internal/core/rdata.h:47:5: note: expanded from macro 'RBIMPL_ATTRSET_UNTYPED_DATA_FUNC'
   47 |     RBIMPL_ATTR_DEPRECATED(("by TypedData"))
      |     ^
/opt/homebrew/Cellar/ruby/4.0.6_1/include/ruby-4.0.0/ruby/internal/attr/deprecated.h:36:53: note: expanded from macro 'RBIMPL_ATTR_DEPRECATED'      |     ^

   36 | # def/opt/homebrew/Cellar/ruby/4.0.6_1/include/ruby-4.0.0/ruby/internal/core/rdata.hi:ne278 :R34B:IMPL_ATTR_DEPRECATED( note: msg) __attribexpanded from macro 'Data_Get_Struct'
ute__((__deprecated__ ms  278 |     ((sval) = RBIMPL_CAST((type*)rgb)_)d
a      t| a                                                    ^_
object_get(obj)))
      |                                  ^
/opt/homebrew/Cellar/ruby/4.0.6_1/include/ruby-4.0.0/ruby/internal/core/rdata.h:370:31: note: expanded from macro 'rb_data_object_get'
  370 | #define rb_data_object_get    RUBY_MACRO_SELECT(rb_data_object_get_2, RUBY_UNTYPED_DATA_WARNING)
      |                               ^
/opt/homebrew/Cellar/ruby/4.0.6_1/include/ruby-4.0.0/ruby/internal/core/rdata.h:50:35: note: expanded from macro 'RUBY_MACRO_SELECT'
   50 | #define RUBY_MACRO_SELECT(x, y)   RBIMPL_MACRO_SELECT(x, y)
      |                                   ^
/opt/homebrew/Cellar/ruby/4.0.6_1/include/ruby-4.0.0/ruby/internal/core/rdata.h:49:35: note: expanded from macro 'RBIMPL_MACRO_SELECT'
   49 | #define AbstractMemory.c:250:1RBIMPL_MACRO_SELECT(x, y) x ## y
      | : warning: 'rb_data_object_get_warning' is deprecated: by TypedData [-Wdeprecated-declarations]
  250 |                                   ^NUM_O
<scratch space>:93:1:P( note: expanded from here
   93 | rintb_data_ob8, intje8ct_t, NUM_get_1
      | ^
2INT,/opt/homebrew/Cellar/ruby/4.0.6_1/include/ruby-4.0.0/ruby/internal/core/rdata.h :368:31: note: expanded from macro 'rb_data_object_get_1'
  368 | #define rb_data_object_get_1  rb_data_object_get_warning
      |                               ^
/opt/homebrew/Cellar/ruby/4.0.6_1/include/ruby-4.0.0/ruby/internal/core/rdata.h:317:1: note: 'rb_data_object_get_warning' has been explicitly marked deprecated here
  317 | RBIMPL_ATTRSET_UNTYPED_DATA_FUNC()
      | ^
/opt/homebrew/Cellar/ruby/4.0.6_1/include/ruby-4.0.0/ruby/internal/core/rdata.h:47:5: note: expanded from macro 'RBIMPL_ATTRSET_UNTYPED_DATA_FUNC'
I   47NT2NUM,  |     RBIMPL_ATTR_DEPRECATED(("by TypedData"))
      NOSWAP);
      | ^
AbstractMemory.c:99:5: note: expanded from macro 'NUM_OP'
   99 |     Data_Get_Struct(self, AbstractM| e    ^m
ory, memory); \
      |     ^/opt/homebrew/Cellar/ruby/4.0.6_1/include/ruby-4.0.0/ruby/internal/attr/deprecated.h:36:53: note: expanded from macro 'RBIMPL_ATTR_DEPRECATED'
   36 | # defi
/opt/homebrew/Cellar/ruby/4.0.6_1/include/ruby-4.0.0/ruby/internal/core/rdata.h:278:34: note: expanded from macro 'Data_Get_Struct'
  278 |     ((sval) = RBIMPL_CAST((ne RBIMPL_ATTR_DEPRECAtyTED(msg) __attribute__((__pe*)rb_data_object_deprecget(obj))ated_)
_ msg))
      |                                                     ^
      |                                  ^
/opt/homebrew/Cellar/ruby/4.0.6_1/include/ruby-4.0.0/ruby/internal/core/rdata.h:370:31: note: expanded from macro 'rb_data_object_get'
  370 | #define rb_data_object_get    RUBY_MACRO_SELECT(rb_data_object_get_2, RUBY_UNTYPED_DATA_WARNING)
      |                               ^
note: (skipping 1 expansions in backtrace; use -fmacro-backtrace-limit=0 to see all)
/opt/homebrew/Cellar/ruby/4.0.6_1/include/ruby-4.0.0/ruby/internal/core/rdata.h:49:35: note: expanded from macro 'RBIMPL_MACRO_SELECT'
   49 | #define RBIMPL_MACRO_SELECT(x, y) x ## y
      |                                   ^
<scratch space>:108:1: note: expanded from here
  108 | rb_data_object_get_1
      | ^
/opt/homebrew/Cellar/ruby/4.0.6_1/include/ruby-4.0.0/ruby/internal/core/rdata.h:368:31: note: expanded from macro 'rb_data_object_get_1'
  368 | #define rb_data_object_get_1  rb_data_object_get_warning
      |                               ^
/opt/homebrew/Cellar/ruby/4.0.6_1/include/ruby-4.0.0/ruby/internal/core/rdata.h:317:1: note: 'rb_data_object_get_warning' has been explicitly marked deprecated here
  317 | RBIMPL_ATTRSET_UNTYPED_DATA_FUNC()
      | ^
/opt/homebrew/Cellar/ruby/4.0.6_1/include/ruby-4.0.0/ruby/internal/core/rdata.h:47:5: note: expanded from macro 'RBIMPL_ATTRSET_UNTYPED_DATA_FUNC'
   47 |     RBIMPL_ATTR_DEPRECATED(DynamicLibrary.c:257:5: warning: 'rb_data_object_get_warning' is deprecated: by TypedData [-Wdeprecated-declarations]
  257 |     Data_Get_Struct(sel("by TypedData"))
      |     ^
/opt/homebrew/Cellar/ruby/4.0.6_1/include/ruby-4.0.0/ruby/internal/attr/deprecated.h:f, LibrarySymbol, sy36:53:m);
      |     ^
/opt/homebrew/Cellar/ruby/4.0.6_1/include/ruby-4.0.0/ruby/internal/core/rdata.h:278 note: expanded from macro 'RBIMPL_ATTR_DEPRECATED'
   36 | # define RBIMPL_ATT:34: note: expanded from macro 'Data_Get_Struct'
  278 |     ((sval) = RBIMPL_CR_DEPRECATED(msg) __attributeAST((type*)rb_data_object_get(obj)))
      |                                  ^
/opt/homebrew/Cellar/ruby/4.0.6_1/include/ruby-4.0.0/ruby/internal/core/rdata.h:370:31: note: expanded from macro 'rb_data_object_get'
  370 | #define rb_data_object_get    RUBY_MACRO_SELECT(rb_data_object_get_2, RUBY_UNTYPED_DATA_WARNING)
      |                               ^
/opt/homebrew/Cellar/ruby/4.0.6_1/include/ruby-4.0.0/ruby/internal/core/rdata.h:50:35__: note: expanded from macro 'RUBY_MACRO_SELECT'
   50 | #define RUBY_MACRO_SELECT(x, y)   RBIMPL_MACRO_SELECT(x, y)
      |                                   ^
/opt/homebrew/Cellar/ruby/4.0.6_1/include/ruby-4.0.0/ruby/internal/core/rdata.h:49:35: note: expanded from macro 'RBIMPL_MACRO_SELECT'
   49 | #define RBIMPL_MACRO_SELECT(x, y) x ## y
      |                                   ^
<scratch space>:94:1: note: expanded from here
   94 | rb_data_object_get_1
      | ^
/opt/homebrew/Cellar/ruby/4.0.6_1/include/ruby-4.0.0/ruby/internal/core/rdata.h:368:31: note: expanded from macro 'rb_data_object_get_1'
  368 | #define rb_data_object_get_1  rb_data_object_get_warning
      |                               ^
Function.c:257:9: /opt/homebrew/Cellar/ruby/4.0.6_1/include/ruby-4.0.0/ruby/internal/core/rdata.hwarning: :'rb_data_object_get_warning' is deprecated: by TypedData [-Wdeprecated-declarations]317
:1  257 |         Data((_G: note: 'rb_data_object_get_warning' has been explicitly marked deprecated here
et_Struct(cbref, Funct  317 | RBion, fp);
      |         ^
IMPL_ATTRSET_UNT/opt/homebrew/Cellar/ruby/4.0.6_1/include/ruby-4.0.0/ruby/internal/core/rdata.hY:P278E:34: note: expanded from macro 'Data_Get_Struct'
  278D_DATA_FUN |     (C()
(sval) = RBIM      PL| _^C
AST(/opt/homebrew/Cellar/ruby/4.0.6_1/include/ruby-4.0.0/ruby/internal/core/rdata.h(:t47:5: note: expanded from macro 'RBIMPL_ATTRSET_UNTYPED_DATA_FUNC'ype*)rb_data_object_get(obj)))
      |                                  ^
/opt/homebrew/Cellar/ruby/4.0.6_1/include/ruby-4.0.0/ruby/internal/core/rdata.h:370:31: note: expanded from macro 'rb_data_object_get'
  370 | #define rb_data_object_get    RUBY_MACRO_SELECT(rb_data_object_get_2, RUBY_UNTYPED_DATA__deprecated__ msg))
      |                                                     ^
_WARNING)
      |                               ^
/opt/homebrew/Cellar/ruby/4.0.6_1/include/ruby-4.0.0/ruby/internal/core/rdata.h:50:35: note: expanded from macro 'RUBY_MACRO_SELECT'
   50 | #define RUBY_MACRO_SELEC
T(x,    y)   RBIMPL_MACRO_SELECT(x, y)
      |                                   ^
/opt/homebrew/Cellar/ruby/4.0.6_1/include/ruby-4.0.0/ruby/internal/core/rdata.h:49:3547: |     RBIMPL note: expanded from macro 'RBIMPL_MACRO_SELECT'
_ATTR_   49 | #define RBIMPL_MACRO_SELDECT(x, y) x ## y
      |                                   ^
<scratch space>:110:1: note: expanded from here
  E110P | RrEbC_Adata_object_get_1
      | ^
/opt/homebrew/Cellar/ruby/4.0.6_1/include/ruby-4.0.0/ruby/internal/core/rdata.hAbstractMemory.c::TED(("by 368:31:250:1T:ypedDa  warning: 'rb_data_object_get_warning' is deprecated: by TypedData [-Wdeprecated-declarations]
note: expanded from macro 'rb_data_object_get_1'
  250 |   368 | #define rb_data_object_get_1  rbNUM__dataOP(in_object_t8, ignte8t__tw,arning
      |                               ^
ta"))
      |     ^
/opt/homebrew/Cellar/ruby/4.0.6_1/include/ruby-4.0.0/ruby/internal/core/rdata.h:317:1: note: 'rb_data_object_get_warning' has been explicitly marked deprecated here/opt/homebrew/Cellar/ruby/4.0.6_1/include/ruby-4.0.0/ruby/internal/attr/deprecated.h:36:53
: note: expanded from macro 'RBIMPL_ATTR_DEPRECATED'  
317 | RB   36 | # defIMPLine RBIMPL_AT_ATTRSET_UNTYPED_DTR_DATA_FUNC()
      | ^
/opt/homebrew/Cellar/ruby/4.0.6_1/include/ruby-4.0.0/ruby/internal/core/rdata.h:47:5: note: expanded from macro 'RBIMPL_ATTRSET_UNTYPED_DATA_FUNC'
   47 |   E  RBIMPREPL_ATTR_DEPRECATED(("by TypedDatCATED(msg) __attrai"b)ute__((__d)
      |     ^
/opt/homebrew/Cellar/ruby/4.0.6_1/include/ruby-4.0.0/ruby/internal/attr/deprecated.h:36:eprecated__ m53s:g )note: )expanded from macro 'RBIMPL_ATTR_DEPRECATED'

         36 | |                                                     ^# d
efine RBIMPL_ATTR_DEPRECATED(msg) __attribute__((__deprecated__ msg))
      |                                                     ^
 NUM2INT, INT2NUM, NOSWAP);
      | ^
AbstractMemory.c:118:5: note: expanded from macro 'NUM_OP'
  118 |     Data_Get_Struct(self, AbstractMemory, memory); \
      |     ^
/opt/homebrew/Cellar/ruby/4.0.6_1/include/ruby-4.0.0/ruby/internal/core/rdata.h:278:34: note: expanded from macro 'Data_Get_Struct'
  278 |     ((sval) = RBIMPL_CAST((type*)rb_data_object_gFunction.c:301:5: warning: 'rb_data_object_get_warning' is deprecated: by TypedData [-Wdeprecated-declarations]
  301 |     Data_Get_Structet(obj)())
s      e| lf, Function, fn);
      |     ^
/opt/homebrew/Cellar/ruby/4.0.6_1/include/ruby-4.0.0/ruby/internal/core/rdata.h:278:34: note: expanded from macro 'Data_Get_Struct'
  278 |     ((sval) = RBIMPL_CAST((type*)rb_data_object_get(obj)))
      |                                  ^
/opt/homebrew/Cellar/ruby/4.0.6_1/include/ruby-4.0.0/ruby/internal/core/rdata.h:370:31: note: expanded from macro 'rb_data_object_get'
  370 | #define rb_data_object_get    RUBY_MAC                                 ^
/opt/homebrew/Cellar/ruby/4.0.6_1/include/ruby-4.0.0/ruby/internal/core/rdata.h:370:31: note: expanded from macro 'rb_data_object_get'
RO_SELEC  T(rb_370data_object_get_2, RU | #dBY_UNTYPED_DATA_WAReNING)
      |                               ^
/opt/homebrew/Cellar/ruby/4.0.6_1/include/ruby-4.0.0/ruby/internal/core/rdata.h:50:35: note: expanded from macro 'RUBY_MACRO_SELECT'
   50 | #define RUBY_MACRO_SELECT(x, y)   RBIMPL_MAfCiRnOe_ SrEbL_EdCaTt(ax_,o byj)e
c      t| _                                  ^g
et /opt/homebrew/Cellar/ruby/4.0.6_1/include/ruby-4.0.0/ruby/internal/core/rdata.h : 49 :R35U:B Ynote: _expanded from macro 'RBIMPL_MACRO_SELECT'M
ACR   O_SELEC49 | #define RBIMPL_MACRO_SELECT(x, y) x ## y
      |                                   ^
<scratch space>:111:1: note: expanded from here
  111 | rb_data_object_get_1
      | ^
/opt/homebrew/Cellar/ruby/4.0.6_1/include/ruby-4.0.0/ruby/internal/core/rdata.h:368:31: note: expanded from macro 'rb_data_object_get_1'
  368 | #define rb_data_object_get_1  rb_data_object_get_warning
      |                               ^
T/opt/homebrew/Cellar/ruby/4.0.6_1/include/ruby-4.0.0/ruby/internal/core/rdata.h:317:1: note: 'rb_data_object_get_warning' has been explicitly marked deprecated here
  317 | RBIMPL_ATTRSET_UNTYPED_DATA_FUNC()
      | ^
/opt/homebrew/Cellar/ruby/4.0.6_1/include/ruby-4.0.0/ruby/internal/core/rdata.h:47:5: note: expanded from macro 'RBIMPL_ATTRSET_UNTYPED_DATA_FUNC'
   47 |     RBIMPL_ATTR_DEPRECATED(("by TypedData"))
      |     ^
(/opt/homebrew/Cellar/ruby/4.0.6_1/include/ruby-4.0.0/ruby/internal/attr/deprecated.h:36rb:_53d:a tnote: aexpanded from macro 'RBIMPL_ATTR_DEPRECATED'_
ob   36 | # define jRecBtI_geMtP_L2_, RATTR_DEPRECATED(msg) __attribute__((__deprecated__ msg))
      |                                                     ^
UBY_UNTYPEDFunction.c:305:5_:D ATA_WAwarning: R'rb_data_object_get_warning' is deprecated: by TypedData [-Wdeprecated-declarations]NING
  305 |     Data_Get_Struct(fn->rbFunctionInfo, FunctionType, fn->info);
      |     ^
/opt/homebrew/Cellar/ruby/4.0.6_1/include/ruby-4.0.0/ruby/internal/core/rdata.h:278:34: note: expanded from macro 'Data_Get_Struct'
  278 |     ((sval) = RBIMPL_CAST((type*)rb_data_object_get(obj)))
      |                                  ^
)/opt/homebrew/Cellar/ruby/4.0.6_1/include/ruby-4.0.0/ruby/internal/core/rdata.h:370:31: note: expanded from macro 'rb_data_object_get'
  370 | #de
      fine rb_data_object_get    RU|                               ^BY_MACRO_SELECT(rb_data_object_get_2, RUBY_UNTYPED_DATA_WARNING)
      |                               ^
/opt/homebrew/Cellar/ruby/4.0.6_1/include/ruby-4.0.0/ruby/internal/core/rdata.h:50:35: note: expanded from macro 'RUBY_MACRO_SELECT'
   50 | #define RUBY_MACRO_SELECT(x, y)   RBIMPL_MACRO_SELECT(x, y)
      |                                   ^
/opt/homebrew/Cellar/ruby/4.0.6_1/include/ruby-4.0.0/ruby/internal/core/rdata.h:49:35: note: expanded from macro 'RBIMPL_MACRO_SELECT'
   49 | #define RBIMPL_MACRO_SELECT(x, y) x ## y
      |                                   ^
<scratch space>
:112:1: note: expanded from here
  note: (skipping 1 expansions in backtrace; use -fmacro-backtrace-limit=0 to see all)
112 | rb_data_object_get_1
      | ^
/opt/homebrew/Cellar/ruby/4.0.6_1/include/ruby-4.0.0/ruby/internal/core/rdata.h:368:31: note: expanded from macro 'rb_data_object_get_1'
/opt/homebrew/Cellar/ruby/4.0.6_1/include/ruby-4.0.0/ruby/internal/core/rdata.h:49:35: note: expanded from macro 'RBIMPL_MACRO_SELECT'
     368 | #define49 rb_data_object_get_1  rb_data_object_get_warnin | #define RBIMPLg
      |                               ^
/opt/homebrew/Cellar/ruby/4.0.6_1/include/ruby-4.0.0/ruby/internal/core/rdata.h:317:1: note: 'rb_data_object_get_warning' has been explicitly marked deprecated here
  317 | RBIMPL_ATTRSET_UNTYPED_DATA_FUNC()
      | ^
/opt/homebrew/Cellar/ruby/4.0.6_1/include/ruby-4.0.0/ruby/internal/core/rdata.h:47:5: note: expanded from macro 'RBIMPL_ATTRSET_UNTYPED_DATA_FUNC'
   47 |     RB_IMMAPCLR_OA_TSTERL_EDCEPRECATED(("by TypedData"))
      |     ^
/opt/homebrew/Cellar/ruby/4.0.6_1/include/ruby-4.0.0/ruby/internal/attr/deprecated.h:36:53: note: expanded from macro 'RBIMPL_ATTR_DEPRECATED'
   36 | # define RBIMPL_ATTR_DEPRECATED(msg) __attribute__((__deprecated__ msg))
      |                                                     ^
Function.c:309:9: warning: 'rb_data_object_get_warning' is deprecated: by TypedData [-Wdeprecated-declarations]
  309 |         Data_Get_Struct(rbProc, Pointer, orig);
      |         ^
/opt/homebrew/Cellar/ruby/4.0.6_1/include/ruby-4.0.0/ruby/internal/core/rdata.h:278:34: note: expanded from macro 'Data_Get_Struct'
  278 |     ((sval) = RBIMPL_CAST((type*)rb_data_object_get(obj)))
      |                                  ^
/opt/homebrew/Cellar/ruby/4.0.6_1/include/ruby-4.0.0/ruby/internal/core/rdata.h:370:31: note: expanded from macro 'rb_data_object_get'
  370 | #define rb_data_objecTt_get    RUBY_MACRO_SELECT(rb(_x, y) x ## y
      |                                   ^
d<scratch space>:a114t:a1_objec: note: t_get_2, RUBY_UNTYPED_DATA_Wexpanded from hereAR
NING)
      |                               ^
/opt/homebrew/Cellar/ruby/4.0.6_1/include/ruby-4.0.0/ruby/internal/core/rdata.h:  114 | rb_data_ob50j:e35c:t _note: gexpanded from macro 'RUBY_MACRO_SELECT'e
t_1
      | ^
   50 | #define /opt/homebrew/Cellar/ruby/4.0.6_1/include/ruby-4.0.0/ruby/internal/core/rdata.hRUBY_MACR:O_368S:E31LECT(x: note: , y)expanded from macro 'rb_data_object_get_1'
   RBI  M368P | L#_dMeAfCiRnOe_ SELECT(x, rb_dy)
      |                                   ^
/opt/homebrew/Cellar/ruby/4.0.6_1/include/ruby-4.0.0/ruby/internal/core/rdata.h:ata_o49bj:e35c:t _note: gexpanded from macro 'RBIMPL_MACRO_SELECT'
   49 | #det_1 e rfbi_ndea RBIMPL_MACRO_Sta_oEbjLeEcCtT_(gxe,t _yw) x ## y
      |                                   ^arning
      |                               ^

<scratch space>:113:1: /opt/homebrew/Cellar/ruby/4.0.6_1/include/ruby-4.0.0/ruby/internal/core/rdata.h:317:1note: expanded from here
  113: note: 'rb_data_object_get_warning' has been explicitly marked deprecated here
 | rb_data_ob  317j | eRcBtI_MgPeLt__A1T
T      R| S^E
T/opt/homebrew/Cellar/ruby/4.0.6_1/include/ruby-4.0.0/ruby/internal/core/rdata.h:368:31: note: expanded from macro 'rb_data_object_get_1'
  368 | #d_efUiNnCall.c:469:9: e rb_datTwarning: YPED_DAa_o'rb_data_object_get_warning' is deprecated: by TypedData [-Wdeprecated-declarations]
TA_FUNC(bj  e469c | t _ g e)t_1  rb_da t    
D      | a^
_obja/opt/homebrew/Cellar/ruby/4.0.6_1/include/ruby-4.0.0/ruby/internal/core/rdata.ht:a47_:G5e:t _note: Sexpanded from macro 'RBIMPL_ATTRSET_UNTYPED_DATA_FUNC'e
ct_get_   w47a | r n   RBItiruncgt
(proc,      |                               ^
MPL_ATT/opt/homebrew/Cellar/ruby/4.0.6_1/include/ruby-4.0.0/ruby/internal/core/rdata.h :A317b:s1t:r note: 'rb_data_object_get_warning' has been explicitly marked deprecated here
a  ctMemory, 317p | tRrB)I;M
P      L| _        ^A
TTRSET/opt/homebrew/Cellar/ruby/4.0.6_1/include/ruby-4.0.0/ruby/internal/core/rdata.h_:U278N:T34Y:P Enote: Dexpanded from macro 'Data_Get_Struct'_
DATA_FUNC(  )278
 |        |  ^ 
 ((sva/opt/homebrew/Cellar/ruby/4.0.6_1/include/ruby-4.0.0/ruby/internal/core/rdata.h:47:5: note: l) = RBIMPL_CAST((type*)rb_data_expanded from macro 'RBIMPL_ATTRSET_UNTYPED_DATA_FUNC'o
bject_get   (47o | b j ) ) )R
B      I| M                                 ^P
L_ATTR_DEPRECAT/opt/homebrew/Cellar/ruby/4.0.6_1/include/ruby-4.0.0/ruby/internal/core/rdata.h:370:31: note: expanded from macro 'rb_data_object_get'
ED(("  b370y |  #TdyepfeidData"))
      n|     ^
/opt/homebrew/Cellar/ruby/4.0.6_1/include/ruby-4.0.0/ruby/internal/attr/deprecated.he:36: 53r:b _note: dexpanded from macro 'RBIMPL_ATTR_DEPRECATED'a
ta_object_   g36e | t#   d e fRiUnBeY _RMBAIMPL_ATTR_DECRO_SPELREECCTA(TrEb_dataD(msg) ___oabtjtercit_get_2, RUBYbuteR_D_UNTYP__((__depErePcREaEDt_eDdA_T_A _mWsAgR)N)I
N      G|                                                     ^
)
      |                               ^
/opt/homebrew/Cellar/ruby/4.0.6_1/include/ruby-4.0.0/ruby/internal/core/rdata.h:50:35: note: expanded from macro 'RUBY_MACRO_SELECT'
   50 | #define RUBY_MACRO_SELECT(x, y)   RBIMPL_MACRO_SELECT(x, y)CATED(
      |                                   ^
/opt/homebrew/Cellar/ruby/4.0.6_1/include/ruby-4.0.0/ruby/internal/core/rdata.h:49:35: note: expanded from macro 'RBIMPL_MACRO_SELECT'
   49 | #define RBIMPL_MACRO_SELECT(x, y) x ## y
      |                                   ^
<scratch space>:94:1: note: expanded from here
   94 | rb_data_object_get_1
      | ^
/opt/homebrew/Cellar/ruby/4.0.6_1/include/ruby-4.0.0/ruby/internal/core/rdata.h:368:31: note: expanded from macro 'rb_data_object_get_1'
  368 | #define rb_data_o(bjec"t_gbet_1  rb_data_object_get_warning
      |                               ^
/opt/homebrew/Cellar/ruby/4.0.6_1/include/ruby-4.0.0/ruby/internal/core/rdata.h:317:1: note: 'rb_data_object_get_warning' has been explicitly marked deprecated here
  317 | RBIMPL_ATTRSET_UNTYPED_DATA_FUNC()
      | ^
/opt/homebrew/Cellar/ruby/4.0.6_1/include/ruby-4.0.0/ruby/internal/core/rdata.h:y TypedD47a:5: note: expanded from macro 'RBIMPL_ATTRSET_UNTYPED_DATA_FUNC'
   47 |     RBIMPL_ATTR_DEPRECATED(("by TypedData"))
      |     ^
t/opt/homebrew/Cellar/ruby/4.0.6_1/include/ruby-4.0.0/ruby/internal/attr/deprecated.h:a36":)53):
       |     ^
note: /opt/homebrew/Cellar/ruby/4.0.6_1/include/ruby-4.0.0/ruby/internal/attr/deprecated.h:36:53: note: expanded from macro 'RBIMPL_ATTR_DEPRECATED'
expanded from macro 'RBIMPL_ATTR_DEPRECATED'
   36   36 | # define RBIMP | # dLefi_nAeT TRRB_IDMEPPLR_EACTATTRE_DD(EmPsRgE)C A_T_EaDt(tmrsigb)u t_e__attrib_u(te__((__deprecated(__deprecated__ msg))
      |                                                     ^
__ msg))
      |                                                     ^
AbstractMemory.c:250:1: warning: 'rb_data_object_get_warning' is deprecated: by TypedData [-Wdeprecated-declarations]
  250 | NUM_OP(int8, int8_t, NUM2INT, INT2NUM, NOSWAP);
      | ^
AbstractMemory.c:126:5: note: expanded from macro 'NUM_OP'
  126 |     Data_Get_Struct(self, AbstractMemory, memory); \
      |     ^
/opt/homebrew/Cellar/ruby/4.0.6_1/include/ruby-4.0.0/ruby/internal/core/rdata.h:278:34: note: expanded from macro 'Data_Get_Struct'
  278 |     ((sval) = RBIMPL_CAST((Function.c:363:5: warning: 'rb_data_object_get_warning' is deprecated: by TypedData [-Wdeprecated-declarations]
  363 |     Data_Get_Struct(self, Function, fn);
      |     ^
/opt/homebrew/Cellar/ruby/4.0.6_1/include/ruby-4.0.0/ruby/internal/core/rdata.h:278:34:type*)rb _note: dexpanded from macro 'Data_Get_Struct'a
ta_ob  j278e | c t _  ((sval) = RBIMPL_CAST((type*)rb_data_object_get(obj)))
      |                                  ^
/opt/homebrew/Cellar/ruby/4.0.6_1/include/ruby-4.0.0/ruby/internal/core/rdata.h:370:31: note: expanded from macro 'rb_data_object_get'
  370 | #define rb_data_object_get    RUBY_MACRO_SELECT(rb_data_object_get_2, RUBY_UNTYPED_DATA_WARNING)
      |                               ^
/opt/homebrew/Cellar/ruby/4.0.6_1/include/ruby-4.0.0/ruby/internal/core/rdata.h:50:35: note: expanded from macro 'RUBY_MACRO_SELECT'
   50 | #define RUBY_MACRO_SELECT(x, y)   RBIMPL_get(objM)))
      |                                  ^
A/opt/homebrew/Cellar/ruby/4.0.6_1/include/ruby-4.0.0/ruby/internal/core/rdata.h:370CRO_SELECT(x, y)
      :31: note: expanded from macro 'rb_data_object_get'|                                   ^

/opt/homebrew/Cellar/ruby/4.0.6_1/include/ruby-4.0.0/ruby/internal/core/rdata.h  :37049 | :#35d: note: expanded from macro 'RBIMPL_MACRO_SELECT'
   49 | #define RBIMPL_MACRO_SELECT(x, y) x ## y
      |                                   ^
<scratch space>:114e:1: note: expanded from here
  114 | rb_data_object_get_1
      | ^
/opt/homebrew/Cellar/ruby/4.0.6_1/include/ruby-4.0.0/ruby/internal/core/rdata.h:368:31: note: expanded from macro 'rb_data_object_get_1'
  368 | #define rb_data_object_get_1  rb_data_object_get_warning
      |                               ^
/opt/homebrew/Cellar/ruby/4.0.6_1/include/ruby-4.0.0/ruby/internal/core/rdata.h:317:1: note: 'rb_data_object_get_warning' has been explicitly marked deprecated here
  317 | RBIMPL_ATTRSET_UNTYPED_DATA_FUNC()
      | ^
/opt/homebrew/Cellar/ruby/4.0.6_1/include/ruby-4.0.0/ruby/internal/core/rdata.h:47:5: note: expanded from macro 'RBIMPL_ATTRSET_UNTYPED_DATA_FUNC'
   47 |     RBIMPL_ATTR_DEPRECATED(("by TypedData"))
      |     ^
/opt/homebrew/Cellar/ruby/4.0.6_1/include/ruby-4.0.0/ruby/internal/attr/deprecated.h:36:53: note: expanded from macro 'RBIMPL_ATTR_DEPRECATED'
   36 | # define RBIMPL_ATTR_DEPRECATED(msg) __attribute__((__deprecated__ msg))
      |                                                     ^
fine rb_data_object_get    RUBY_MACRO_SELECT(rb_data_object_get_2, RUBY_UNTYPED_DATA_WARNING)
      |                               ^
note: (skipping 1 expansions in backtrace; use -fmacro-backtrace-limit=0 to see all)
/opt/homebrew/Cellar/ruby/4.0.6_1/include/ruby-4.0.0/ruby/internal/core/rdata.h:49:35: note: expanded from macro 'RBIMPL_MACRO_SELECT'
   49 | #define RBIMPL_MACRO_SELECT(x, y) x ## y
      |                                   ^Function.c:381:5: warning: 'rb_data_object_get_warning' is deprecated: by TypedData [-Wdeprecated-declarations]
  381 | 
    Data_Get_Struct(self, Function, f<scratch space>:118:1n);
      |     ^
/opt/homebrew/Cellar/ruby/4.0.6_1/include/ruby-4.0.0/ruby/internal/core/rdata.h:278:34: note: expanded from here
: note: expanded from macro 'Data_Get_Struct'
  118 | rb_d  278 |     ((sval) = RBIMPL_CAST((typatae_o*b)jrebc_data_object_get(obj)))
      |                                  ^t_ge
/opt/homebrew/Cellar/ruby/4.0.6_1/include/ruby-4.0.0/ruby/internal/core/rdata.h:370:31: note: expanded from macro 'rb_data_object_get'
  t370 | _#1d
e      fine rb_data_object_get    RUBY_MACRO_SELECT(rb_data_object_get_2, R| UBY_UNTYPED_DATA_WARNING)
      |                               ^
/opt/homebrew/Cellar/ruby/4.0.6_1/include/ruby-4.0.0/ruby/internal/core/rdata.h:50:35: note: expanded from macro 'RUBY_MACRO_SELECT'
   50 | #define RUBY_MACRO_SELECT(x, y)   RBIMPL_MACRO_SELECT(x, y)
      |                                   ^
/opt/homebrew/Cellar/ruby/4.0.6_1/include/ruby-4.0.0/ruby/internal/core/rdata.h:49:35: note: expanded from macro 'RBIMPL_MACRO_SELECT'
   49 | #define RBIMPL_MACRO_SELECT(x, y) x ## y
      |                                   ^
<scratch space>:115:1: note: expanded from here
  115 | rb_data_object_get_1
      | ^
/opt/homebrew/Cellar/ruby/4.0.6_1/include/ruby-4.0.0/ruby/internal/core/rdata.h:368:31: note: expanded from macro 'rb_data_object_get_1'
  368 | #define rb_data_object_get_1  rb_data_object_get_warning
      |                               ^
/opt/homebrew/Cellar/ruby/4.0.6_1/include/ruby-4.0.0/ruby/internal/core/rdata.h:317:1: note: 'rb_data_object_get_warning' has been explicitly marked deprecated here
  317 | RBIMPL_ATTRSET_UNTYPED_DATA_FUNC()
      | ^
/opt/homebrew/Cellar/ruby/4.0.6_1/include/ruby-4.0.0/ruby/internal/core/rdata.h:47:5: note: expanded from macro 'RBIMPL_ATTRSET_UNTYPED_DATA_FUNC'
   47 |     RBIMPL_ATTR_DEPRECATED(("by TypedData"))
      |     ^
/opt/homebrew/Cellar/ruby/4.0.6_1/include/ruby-4.0.0/ruby/internal/attr/deprecated.h:36:53: note: expanded from macro 'RBIMPL_ATTR_DEPRECATED'
   36 | # define RBIMPL_ATTR_DEPRECATED(msg) __attribute__((__deprecated__ msg))
      |                                                     ^
^
/opt/homebrew/Cellar/ruby/4.0.6_1/include/ruby-4.0.0/ruby/internal/core/rdata.h:368:31: note: expanded from macro 'rb_data_object_get_1'
  368 | #define rb_data_object_get_1  rb_data_object_get_warning
      |                               ^
/opt/homebrew/Cellar/ruby/4.0.6_1/include/ruby-4.0.0/ruby/internal/core/rdata.h:317:1: note: 'rb_data_object_get_warning' has been explicitly marked deprecated here
  317 | RBIMPL_ATTRSET_UNTYPED_DATA_FUNC()
      | ^
/opt/homebrew/Cellar/ruby/4.0.6_1/include/ruby-4.0.0/ruby/internal/core/rdata.h:47:5: note: expanded from macro 'RBIMPL_ATTRSET_UNTYPED_DATA_FUNC'
   47 |     RBIMPL_ATTR_DEPRECATED(("by TypedData"))
      |     ^
/opt/homebrew/Cellar/ruby/4.0.6_1/include/ruby-4.0.0/ruby/internal/attr/deprecated.h:36:53: note: expanded from macro 'RBIMPL_ATTR_DEPRECATED'
   36 | # define RBIMPL_ATTR_DEPRECATED(msg) __attribute__((__deprecated__ msg))
      |                                                     ^
Function.c:424:5: warning: 'rb_data_object_get_warning' is deprecated: by TypedData [-Wdeprecated-declarations]
  424 |     Data_Get_Struct(self, Function, fn);
      |     ^
/opt/homebrew/Cellar/ruby/4.0.6_1/include/ruby-4.0.0/ruby/internal/core/rdata.h:278:34: note: expanded from macro 'Data_Get_Struct'
  278 |     ((sval) = RBIMPL_CAST((type*)rb_data_object_get(obj)))
      |                                  ^
/opt/homebrew/Cellar/ruby/4.0.6_1/include/ruby-4.0.0/ruby/internal/core/rdata.h:370:31: note: expanded from macro 'rb_data_object_get'
  370 | #define rb_data_object_get    RUBY_MACRO_SELECT(rb_data_object_get_2, RUBY_UNTYPED_DATA_WARNING)
      |                               ^
/opt/homebrew/Cellar/ruby/4.0.6_1/include/ruby-4.0.0/ruby/internal/core/rdata.h:50:35: note: expanded from macro 'RUBY_MACRO_SELECT'
   50 | #define RUBY_MACRO_SELECT(x, y)   RBIMPL_MACRO_SELECT(x, y)
      |                                   ^
/opt/homebrew/Cellar/ruby/4.0.6_1/include/ruby-4.0.0/ruby/internal/core/rdata.h:49:35: note: expanded from macro 'RBIMPL_MACRO_SELECT'
   49 | #define RBIMPL_MACRO_SELECT(x, y) x ## y
      |                                   ^
<scratch space>:116:1: note: expanded from here
  116 | rb_data_object_get_1
      | ^
/opt/homebrew/Cellar/ruby/4.0.6_1/include/ruby-4.0.0/ruby/internal/core/rdata.h:368:31: note: expanded from macro 'rb_data_object_get_1'
  368 | #define rb_data_object_get_1  rb_data_object_get_warning
      |                               ^
/opt/homebrew/Cellar/ruby/4.0.6_1/include/ruby-4.0.0/ruby/internal/core/rdata.h:317:1: note: 'rb_data_object_get_warning' has been explicitly marked deprecated here
  317 | RBIMPL_ATTRSET_UNTYPED_DATA_FUNC()
      | ^
/opt/homebrew/Cellar/ruby/4.0.6_1/include/ruby-4.0.0/ruby/internal/core/rdata.h:47:5: note: expanded from macro 'RBIMPL_ATTRSET_UNTYPED_DATA_FUNC'
   47 |     RBIMPL_ATTR_DEPRECATED(("by TypedData"))
      |     ^
/opt/homebrew/Cellar/ruby/4.0.6_1/include/ruby-4.0.0/ruby/internal/attr/deprecated.h:36:53: note: expanded from macro 'RBIMPL_ATTR_DEPRECATED'
   36 | # define RBIMPL_ATTR_DEPRECATED(msg) __attribute__((__deprecated__ msg))
      |                                                     ^
Function.c:436:5: warning: 'rb_data_object_get_warning' is deprecated: by TypedData [-Wdeprecated-declarations]
  436 |     Data_Get_Struct(self, Function, fn);
      |     ^
/opt/homebrew/Cellar/ruby/4.0.6_1/include/ruby-4.0.0/ruby/internal/core/rdata.h:278:34: note: expanded from macro 'Data_Get_Struct'
  278 |     ((sval) = RBIMPL_CAST((type*)rb_data_object_get(obj)))
      |                                  ^
/opt/homebrew/Cellar/ruby/4.0.6_1/include/ruby-4.0.0/ruby/internal/core/rdata.h:370:31: note: expanded from macro 'rb_data_object_get'
  370 | #define rb_data_object_get    RUBY_MACRO_SELECT(rb_data_object_get_2, RUBY_UNTYPED_DATA_WARNING)
      |                               ^
/opt/homebrew/Cellar/ruby/4.0.6_1/include/ruby-4.0.0/ruby/internal/core/rdata.h:50:35: note: expanded from macro 'RUBY_MACRO_SELECT'
   50 | #define RUBY_MACRO_SELECT(x, y)   RBIMPL_MACRO_SELECT(x, y)
      |                                   ^
/opt/homebrew/Cellar/ruby/4.0.6_1/include/ruby-4.0.0/ruby/internal/core/rdata.h:49:35: note: expanded from macro 'RBIMPL_MACRO_SELECT'
   49 | #define RBIMPL_MACRO_SELECT(x, y) x ## y
      |                                   ^
<scratch space>:117:1: note: expanded from here
  117 | rb_data_object_get_1
      | ^
/opt/homebrew/Cellar/ruby/4.0.6_1/include/ruby-4.0.0/ruby/internal/core/rdata.h:368:31: note: expanded from macro 'rb_data_object_get_1'
  368 | #define rb_data_object_get_1  rb_data_object_get_warning
      |                               ^
/opt/homebrew/Cellar/ruby/4.0.6_1/include/ruby-4.0.0/ruby/internal/core/rdata.h:317:1: note: 'rb_data_object_get_warning' has been explicitly marked deprecated here
  317 | RBIMPL_ATTRSET_UNTYPED_DATA_FUNC()
      | ^
/opt/homebrew/Cellar/ruby/4.0.6_1/include/ruby-4.0.0/ruby/internal/core/rdata.h:47:5: note: expanded from macro 'RBIMPL_ATTRSET_UNTYPED_DATA_FUNC'
   47 |     RBIMPL_ATTR_DEPRECATED(("by TypedData"))
      |     ^
/opt/homebrew/Cellar/ruby/4.0.6_1/include/ruby-4.0.0/ruby/internal/attr/deprecated.h:36:53: note: expanded from macro 'RBIMPL_ATTR_DEPRECATED'
   36 | # define RBIMPL_ATTR_DEPRECATED(msg) __attribute__((__deprecated__ msg))
      |                                                     ^
Function.c:451:5: warning: 'rb_data_object_get_warning' is deprecated: by TypedData [-Wdeprecated-declarations]
  451 |     Data_Get_Struct(self, Function, fn);
      |     ^
/opt/homebrew/Cellar/ruby/4.0.6_1/include/ruby-4.0.0/ruby/internal/core/rdata.h:278:34: note: expanded from macro 'Data_Get_Struct'
  278 |     ((sval) = RBIMPL_CAST((type*)rb_data_object_get(obj)))
      |                                  ^
/opt/homebrew/Cellar/ruby/4.0.6_1/include/ruby-4.0.0/ruby/internal/core/rdata.h:370:31: note: expanded from macro 'rb_data_object_get'
  370 | #define rb_data_object_get    RUBY_MACRO_SELECT(rb_data_object_get_2, RUBY_UNTYPED_DATA_WARNING)
      |                               ^
/opt/homebrew/Cellar/ruby/4.0.6_1/include/ruby-4.0.0/ruby/internal/core/rdata.h:50:35: note: expanded from macro 'RUBY_MACRO_SELECT'
   50 | #define RUBY_MACRO_SELECT(x, y)   RBIMPL_MACRO_SELECT(x, y)
      |                                   ^
/opt/homebrew/Cellar/ruby/4.0.6_1/include/ruby-4.0.0/ruby/internal/core/rdata.h:49:35: note: expanded from macro 'RBIMPL_MACRO_SELECT'
   49 | #define RBIMPL_MACRO_SELECT(x, y) x ## y
      |                                   ^
<scratch space>:118:1: note: expanded from here
  118 | rb_data_object_get_1
      | ^
/opt/homebrew/Cellar/ruby/4.0.6_1/include/ruby-4.0.0/ruby/internal/core/rdata.h:368:31: note: expanded from macro 'rb_data_object_get_1'
  368 | #define rb_data_object_get_1  rb_data_object_get_warning
      |                               ^
/opt/homebrew/Cellar/ruby/4.0.6_1/include/ruby-4.0.0/ruby/internal/core/rdata.h:317:1: note: 'rb_data_object_get_warning' has been explicitly marked deprecated here
  317 | RBIMPL_ATTRSET_UNTYPED_DATA_FUNC()
      | ^
/opt/homebrew/Cellar/ruby/4.0.6_1/include/ruby-4.0.0/ruby/internal/core/rdata.h:47:5: note: expanded from macro 'RBIMPL_ATTRSET_UNTYPED_DATA_FUNC'
   47 |     RBIMPL_ATTR_DEPRECATED(("by TypedData"))
      |     ^
/opt/homebrew/Cellar/ruby/4.0.6_1/include/ruby-4.0.0/ruby/internal/attr/deprecated.h:36:53: note: expanded from macro 'RBIMPL_ATTR_DEPRECATED'
   36 | # define RBIMPL_ATTR_DEPRECATED(msg) __attribute__((__deprecated__ msg))
      |                                                     ^
AbstractMemory.c:251:1: warning: 'rb_data_object_get_warning' is deprecated: by TypedData [-Wdeprecated-declarations]
  251 | NUM_OP(uint8, uint8_t, NUM2UINT, UINT2NUM, NOSWAP);
      | ^
AbstractMemory.c:90:5: note: expanded from macro 'NUM_OP'
   90 |     Data_Get_Struct(self, AbstractMemory, memory); \
      |     ^
/opt/homebrew/Cellar/ruby/4.0.6_1/include/ruby-4.0.0/ruby/internal/core/rdata.h:278:34: note: expanded from macro 'Data_Get_Struct'
  278 |     ((sval) = RBIMPL_CAST((type*)rb_data_object_get(obj)))
      |                                  ^
/opt/homebrew/Cellar/ruby/4.0.6_1/include/ruby-4.0.0/ruby/internal/core/rdata.h:370:31: note: expanded from macro 'rb_data_object_get'
  370 | #define rb_data_object_get    RUBY_MACRO_SELECT(rb_data_object_get_2, RUBY_UNTYPED_DATA_WARNING)
      |                               ^
note: (skipping 1 expansions in backtrace; use -fmacro-backtrace-limit=0 to see all)
/opt/homebrew/Cellar/ruby/4.0.6_1/include/ruby-4.0.0/ruby/internal/core/rdata.h:49:35: note: expanded from macro 'RBIMPL_MACRO_SELECT'
   49 | #define RBIMPL_MACRO_SELECT(x, y) x ## y
      |                                   ^
<scratch space>:137:1: note: expanded from here
  137 | rb_data_object_get_1
      | ^
/opt/homebrew/Cellar/ruby/4.0.6_1/include/ruby-4.0.0/ruby/internal/core/rdata.h:368:31: note: expanded from macro 'rb_data_object_get_1'
  368 | #define rb_data_object_get_1  rb_data_object_get_warning
      |                               ^
/opt/homebrew/Cellar/ruby/4.0.6_1/include/ruby-4.0.0/ruby/internal/core/rdata.h:317:1: note: 'rb_data_object_get_warning' has been explicitly marked deprecated here
  317 | RBIMPL_ATTRSET_UNTYPED_DATA_FUNC()
      | ^
/opt/homebrew/Cellar/ruby/4.0.6_1/include/ruby-4.0.0/ruby/internal/core/rdata.h:47:5: note: expanded from macro 'RBIMPL_ATTRSET_UNTYPED_DATA_FUNC'
   47 |     RBIMPL_ATTR_DEPRECATED(("by TypedData"))
      |     ^
/opt/homebrew/Cellar/ruby/4.0.6_1/include/ruby-4.0.0/ruby/internal/attr/deprecated.h:36:53: note: expanded from macro 'RBIMPL_ATTR_DEPRECATED'
   36 | # define RBIMPL_ATTR_DEPRECATED(msg) __attribute__((__deprecated__ msg))
      |                                                     ^
AbstractMemory.c:251:1: warning: 'rb_data_object_get_warning' is deprecated: by TypedData [-Wdeprecated-declarations]
  251 | NUM_OP(uint8, uint8_t, NUM2UINT, UINT2NUM, NOSWAP);
      | ^
AbstractMemory.c:99:5: note: expanded from macro 'NUM_OP'
   99 |     Data_Get_Struct(self, AbstractMemory, memory); \
      |     ^
/opt/homebrew/Cellar/ruby/4.0.6_1/include/ruby-4.0.0/ruby/internal/core/rdata.h:278:34: note: expanded from macro 'Data_Get_Struct'
  278 |     ((sval) = RBIMPL_CAST((type*)rb_data_object_get(obj)))
      |                                  ^
/opt/homebrew/Cellar/ruby/4.0.6_1/include/ruby-4.0.0/ruby/internal/core/rdata.h:370:31: note: expanded from macro 'rb_data_object_get'
  370 | #define rb_data_object_get    RUBY_MACRO_SELECT(rb_data_object_get_2, RUBY_UNTYPED_DATA_WARNING)
      |                               ^
note: (skipping 1 expansions in backtrace; use -fmacro-backtrace-limit=0 to see all)
/opt/homebrew/Cellar/ruby/4.0.6_1/include/ruby-4.0.0/ruby/internal/core/rdata.h:49:35: note: expanded from macro 'RBIMPL_MACRO_SELECT'
   49 | #define RBIMPL_MACRO_SELECT(x, y) x ## y
      |                                   ^
<scratch space>:141:1: note: expanded from here
  141 | rb_data_object_get_1
      | ^
/opt/homebrew/Cellar/ruby/4.0.6_1/include/ruby-4.0.0/ruby/internal/core/rdata.h:368:31: note: expanded from macro 'rb_data_object_get_1'
  368 | #define rb_data_object_get_1  rb_data_object_get_warning
      |                               ^
/opt/homebrew/Cellar/ruby/4.0.6_1/include/ruby-4.0.0/ruby/internal/core/rdata.h:317:1: note: 'rb_data_object_get_warning' has been explicitly marked deprecated here
  317 | RBIMPL_ATTRSET_UNTYPED_DATA_FUNC()
      | ^
/opt/homebrew/Cellar/ruby/4.0.6_1/include/ruby-4.0.0/ruby/internal/core/rdata.h:47:5: note: expanded from macro 'RBIMPL_ATTRSET_UNTYPED_DATA_FUNC'
   47 |     RBIMPL_ATTR_DEPRECATED(("by TypedData"))
      |     ^
/opt/homebrew/Cellar/ruby/4.0.6_1/include/ruby-4.0.0/ruby/internal/attr/deprecated.h:36:53: note: expanded from macro 'RBIMPL_ATTR_DEPRECATED'
   36 | # define RBIMPL_ATTR_DEPRECATED(msg) __attribute__((__deprecated__ msg))
      |                                                     ^
AbstractMemory.c:251:1: warning: 'rb_data_object_get_warning' is deprecated: by TypedData [-Wdeprecated-declarations]
  251 | NUM_OP(uint8, uint8_t, NUM2UINT, UINT2NUM, NOSWAP);
      | ^
AbstractMemory.c:118:5: note: expanded from macro 'NUM_OP'
  118 |     Data_Get_Struct(self, AbstractMemory, memory); \
      |     ^
/opt/homebrew/Cellar/ruby/4.0.6_1/include/ruby-4.0.0/ruby/internal/core/rdata.h:278:34: note: expanded from macro 'Data_Get_Struct'
  278 |     ((sval) = RBIMPL_CAST((type*)rb_data_object_get(obj)))
      |                                  ^
/opt/homebrew/Cellar/ruby/4.0.6_1/include/ruby-4.0.0/ruby/internal/core/rdata.h:370:31: note: expanded from macro 'rb_data_object_get'
  370 | #define rb_data_object_get    RUBY_MACRO_SELECT(rb_data_object_get_2, RUBY_UNTYPED_DATA_WARNING)
      |                               ^
note: (skipping 1 expansions in backtrace; use -fmacro-backtrace-limit=0 to see all)
/opt/homebrew/Cellar/ruby/4.0.6_1/include/ruby-4.0.0/ruby/internal/core/rdata.h:49:35: note: expanded from macro 'RBIMPL_MACRO_SELECT'
   49 | #define RBIMPL_MACRO_SELECT(x, y) x ## y
      |                                   ^
<scratch space>:147:1: note: expanded from here
  147 | rb_data_object_get_1
      | ^
/opt/homebrew/Cellar/ruby/4.0.6_1/include/ruby-4.0.0/ruby/internal/core/rdata.h:368:31: note: expanded from macro 'rb_data_object_get_1'
  368 | #define rb_data_object_get_1  rb_data_object_get_warning
      |                               ^
/opt/homebrew/Cellar/ruby/4.0.6_1/include/ruby-4.0.0/ruby/internal/core/rdata.h:317:1: note: 'rb_data_object_get_warning' has been explicitly marked deprecated here
  317 | RBIMPL_ATTRSET_UNTYPED_DATA_FUNC()
      | ^
/opt/homebrew/Cellar/ruby/4.0.6_1/include/ruby-4.0.0/ruby/internal/core/rdata.h:47:5: note: expanded from macro 'RBIMPL_ATTRSET_UNTYPED_DATA_FUNC'
   47 |     RBIMPL_ATTR_DEPRECATED(("by TypedData"))
      |     ^
/opt/homebrew/Cellar/ruby/4.0.6_1/include/ruby-4.0.0/ruby/internal/attr/deprecated.h:36:53: note: expanded from macro 'RBIMPL_ATTR_DEPRECATED'
   36 | # define RBIMPL_ATTR_DEPRECATED(msg) __attribute__((__deprecated__ msg))
      |                                                     ^
AbstractMemory.c:251:1: warning: 'rb_data_object_get_warning' is deprecated: by TypedData [-Wdeprecated-declarations]
  251 | NUM_OP(uint8, uint8_t, NUM2UINT, UINT2NUM, NOSWAP);
      | ^
AbstractMemory.c:126:5: note: expanded from macro 'NUM_OP'
  126 |     Data_Get_Struct(self, AbstractMemory, memory); \
      |     ^
/opt/homebrew/Cellar/ruby/4.0.6_1/include/ruby-4.0.0/ruby/internal/core/rdata.h:278:34: note: expanded from macro 'Data_Get_Struct'
  278 |     ((sval) = RBIMPL_CAST((type*)rb_data_object_get(obj)))
      |                                  ^
/opt/homebrew/Cellar/ruby/4.0.6_1/include/ruby-4.0.0/ruby/internal/core/rdata.h:370:31: note: expanded from macro 'rb_data_object_get'
  370 | #define rb_data_object_get    RUBY_MACRO_SELECT(rb_data_object_get_2, RUBY_UNTYPED_DATA_WARNING)
      |                               ^
note: (skipping 1 expansions in backtrace; use -fmacro-backtrace-limit=0 to see all)
/opt/homebrew/Cellar/ruby/4.0.6_1/include/ruby-4.0.0/ruby/internal/core/rdata.h:49:35: note: expanded from macro 'RBIMPL_MACRO_SELECT'
   49 | #define RBIMPL_MACRO_SELECT(x, y) x ## y
      |                                   ^
<scratch space>:4:1: note: expanded from here
    4 | rb_data_object_get_1
      | ^
/opt/homebrew/Cellar/ruby/4.0.6_1/include/ruby-4.0.0/ruby/internal/core/rdata.h:368:31: note: expanded from macro 'rb_data_object_get_1'
  368 | #define rb_data_object_get_1  rb_data_object_get_warning
      |                               ^
/opt/homebrew/Cellar/ruby/4.0.6_1/include/ruby-4.0.0/ruby/internal/core/rdata.h:317:1: note: 'rb_data_object_get_warning' has been explicitly marked deprecated here
  317 | RBIMPL_ATTRSET_UNTYPED_DATA_FUNC()
      | ^
/opt/homebrew/Cellar/ruby/4.0.6_1/include/ruby-4.0.0/ruby/internal/core/rdata.h:47:5: note: expanded from macro 'RBIMPL_ATTRSET_UNTYPED_DATA_FUNC'
   47 |     RBIMPL_ATTR_DEPRECATED(("by TypedData"))
      |     ^
/opt/homebrew/Cellar/ruby/4.0.6_1/include/ruby-4.0.0/ruby/internal/attr/deprecated.h:36:53: note: expanded from macro 'RBIMPL_ATTR_DEPRECATED'
   36 | # define RBIMPL_ATTR_DEPRECATED(msg) __attribute__((__deprecated__ msg))
      |                                                     ^
AbstractMemory.c:252:1: warning: 'rb_data_object_get_warning' is deprecated: by TypedData [-Wdeprecated-declarations]
  252 | NUM_OP(int16, int16_t, NUM2INT, INT2NUM, SWAPS16);
      | ^
AbstractMemory.c:90:5: note: expanded from macro 'NUM_OP'
   90 |     Data_Get_Struct(self, AbstractMemory, memory); \
      |     ^
/opt/homebrew/Cellar/ruby/4.0.6_1/include/ruby-4.0.0/ruby/internal/core/rdata.h:278:34: note: expanded from macro 'Data_Get_Struct'
  278 |     ((sval) = RBIMPL_CAST((type*)rb_data_object_get(obj)))
      |                                  ^
/opt/homebrew/Cellar/ruby/4.0.6_1/include/ruby-4.0.0/ruby/internal/core/rdata.h:370:31: note: expanded from macro 'rb_data_object_get'
  370 | #define rb_data_object_get    RUBY_MACRO_SELECT(rb_data_object_get_2, RUBY_UNTYPED_DATA_WARNING)
      |                               ^
note: (skipping 1 expansions in backtrace; use -fmacro-backtrace-limit=0 to see all)
/opt/homebrew/Cellar/ruby/4.0.6_1/include/ruby-4.0.0/ruby/internal/core/rdata.h:49:35: note: expanded from macro 'RBIMPL_MACRO_SELECT'
   49 | #define RBIMPL_MACRO_SELECT(x, y) x ## y
      |                                   ^
<scratch space>:23:1: note: expanded from here
   23 | rb_data_object_get_1
      | ^
/opt/homebrew/Cellar/ruby/4.0.6_1/include/ruby-4.0.0/ruby/internal/core/rdata.h:368:31: note: expanded from macro 'rb_data_object_get_1'
  368 | #define rb_data_object_get_1  rb_data_object_get_warning
      |                               ^
/opt/homebrew/Cellar/ruby/4.0.6_1/include/ruby-4.0.0/ruby/internal/core/rdata.h:317:1: note: 'rb_data_object_get_warning' has been explicitly marked deprecated here
  317 | RBIMPL_ATTRSET_UNTYPED_DATA_FUNC()
      | ^
/opt/homebrew/Cellar/ruby/4.0.6_1/include/ruby-4.0.0/ruby/internal/core/rdata.h:47:5: note: expanded from macro 'RBIMPL_ATTRSET_UNTYPED_DATA_FUNC'
   47 |     RBIMPL_ATTR_DEPRECATED(("by TypedData"))
      |     ^
/opt/homebrew/Cellar/ruby/4.0.6_1/include/ruby-4.0.0/ruby/internal/attr/deprecated.h:36:53: note: expanded from macro 'RBIMPL_ATTR_DEPRECATED'
   36 | # define RBIMPL_ATTR_DEPRECATED(msg) __attribute__((__deprecated__ msg))
      |                                                     ^
AbstractMemory.c:252:1: warning: 'rb_data_object_get_warning' is deprecated: by TypedData [-Wdeprecated-declarations]
  252 | NUM_OP(int16, int16_t, NUM2INT, INT2NUM, SWAPS16);
      | ^
AbstractMemory.c:99:5: note: expanded from macro 'NUM_OP'
   99 |     Data_Get_Struct(self, AbstractMemory, memory); \
      |     ^
/opt/homebrew/Cellar/ruby/4.0.6_1/include/ruby-4.0.0/ruby/internal/core/rdata.h:278:34: note: expanded from macro 'Data_Get_Struct'
  278 |     ((sval) = RBIMPL_CAST((type*)rb_data_object_get(obj)))
      |                                  ^
/opt/homebrew/Cellar/ruby/4.0.6_1/include/ruby-4.0.0/ruby/internal/core/rdata.h:370:31: note: expanded from macro 'rb_data_object_get'
  370 | #define rb_data_object_get    RUBY_MACRO_SELECT(rb_data_object_get_2, RUBY_UNTYPED_DATA_WARNING)
      |                               ^
note: (skipping 1 expansions in backtrace; use -fmacro-backtrace-limit=0 to see all)
/opt/homebrew/Cellar/ruby/4.0.6_1/include/ruby-4.0.0/ruby/internal/core/rdata.h:49:35: note: expanded from macro 'RBIMPL_MACRO_SELECT'
   49 | #define RBIMPL_MACRO_SELECT(x, y) x ## y
      |                                   ^
<scratch space>:27:1: note: expanded from here
   27 | rb_data_object_get_1
      | ^
/opt/homebrew/Cellar/ruby/4.0.6_1/include/ruby-4.0.0/ruby/internal/core/rdata.h:368:31: note: expanded from macro 'rb_data_object_get_1'
  368 | #define rb_data_object_get_1  rb_data_object_get_warning
      |                               ^
/opt/homebrew/Cellar/ruby/4.0.6_1/include/ruby-4.0.0/ruby/internal/core/rdata.h:317:1: note: 'rb_data_object_get_warning' has been explicitly marked deprecated here
  317 | RBIMPL_ATTRSET_UNTYPED_DATA_FUNC()
      | ^
/opt/homebrew/Cellar/ruby/4.0.6_1/include/ruby-4.0.0/ruby/internal/core/rdata.h:47:5: note: expanded from macro 'RBIMPL_ATTRSET_UNTYPED_DATA_FUNC'
   47 |     RBIMPL_ATTR_DEPRECATED(("by TypedData"))
      |     ^
/opt/homebrew/Cellar/ruby/4.0.6_1/include/ruby-4.0.0/ruby/internal/attr/deprecated.h:36:53: note: expanded from macro 'RBIMPL_ATTR_DEPRECATED'
   36 | # define RBIMPL_ATTR_DEPRECATED(msg) __attribute__((__deprecated__ msg))
      |                                                     ^
AbstractMemory.c:252:1: warning: 'rb_data_object_get_warning' is deprecated: by TypedData [-Wdeprecated-declarations]
  252 | NUM_OP(int16, int16_t, NUM2INT, INT2NUM, SWAPS16);
      | ^
AbstractMemory.c:118:5: note: expanded from macro 'NUM_OP'
  118 |     Data_Get_Struct(self, AbstractMemory, memory); \
      |     ^
/opt/homebrew/Cellar/ruby/4.0.6_1/include/ruby-4.0.0/ruby/internal/core/rdata.h:278:34: note: expanded from macro 'Data_Get_Struct'
  278 |     ((sval) = RBIMPL_CAST((type*)rb_data_object_get(obj)))
      |                                  ^
/opt/homebrew/Cellar/ruby/4.0.6_1/include/ruby-4.0.0/ruby/internal/core/rdata.h:370:31: note: expanded from macro 'rb_data_object_get'
  370 | #define rb_data_object_get    RUBY_MACRO_SELECT(rb_data_object_get_2, RUBY_UNTYPED_DATA_WARNING)
      |                               ^
note: (skipping 1 expansions in backtrace; use -fmacro-backtrace-limit=0 to see all)
/opt/homebrew/Cellar/ruby/4.0.6_1/include/ruby-4.0.0/ruby/internal/core/rdata.h:49:35: note: expanded from macro 'RBIMPL_MACRO_SELECT'
   49 | #define RBIMPL_MACRO_SELECT(x, y) x ## y
      |                                   ^
<scratch space>:33:1: note: expanded from here
   33 | rb_data_object_get_1
      | ^
/opt/homebrew/Cellar/ruby/4.0.6_1/include/ruby-4.0.0/ruby/internal/core/rdata.h:368:31: note: expanded from macro 'rb_data_object_get_1'
  368 | #define rb_data_object_get_1  rb_data_object_get_warning
      |                               ^
/opt/homebrew/Cellar/ruby/4.0.6_1/include/ruby-4.0.0/ruby/internal/core/rdata.h:317:1: note: 'rb_data_object_get_warning' has been explicitly marked deprecated here
  317 | RBIMPL_ATTRSET_UNTYPED_DATA_FUNC()
      | ^
/opt/homebrew/Cellar/ruby/4.0.6_1/include/ruby-4.0.0/ruby/internal/core/rdata.h:47:5: note: expanded from macro 'RBIMPL_ATTRSET_UNTYPED_DATA_FUNC'
   47 |     RBIMPL_ATTR_DEPRECATED(("by TypedData"))
      |     ^
/opt/homebrew/Cellar/ruby/4.0.6_1/include/ruby-4.0.0/ruby/internal/attr/deprecated.h:36:53: note: expanded from macro 'RBIMPL_ATTR_DEPRECATED'
   36 | # define RBIMPL_ATTR_DEPRECATED(msg) __attribute__((__deprecated__ msg))
      |                                                     ^
AbstractMemory.c:252:1: warning: 'rb_data_object_get_warning' is deprecated: by TypedData [-Wdeprecated-declarations]
  252 | NUM_OP(int16, int16_t, NUM2INT, INT2NUM, SWAPS16);
      | ^
AbstractMemory.c:126:5: note: expanded from macro 'NUM_OP'
  126 |     Data_Get_Struct(self, AbstractMemory, memory); \
      |     ^
/opt/homebrew/Cellar/ruby/4.0.6_1/include/ruby-4.0.0/ruby/internal/core/rdata.h:278:34: note: expanded from macro 'Data_Get_Struct'
  278 |     ((sval) = RBIMPL_CAST((type*)rb_data_object_get(obj)))
      |                                  ^
/opt/homebrew/Cellar/ruby/4.0.6_1/include/ruby-4.0.0/ruby/internal/core/rdata.h:370:31: note: expanded from macro 'rb_data_object_get'
  370 | #define rb_data_object_get    RUBY_MACRO_SELECT(rb_data_object_get_2, RUBY_UNTYPED_DATA_WARNING)
      |                               ^
note: (skipping 1 expansions in backtrace; use -fmacro-backtrace-limit=0 to see all)
/opt/homebrew/Cellar/ruby/4.0.6_1/include/ruby-4.0.0/ruby/internal/core/rdata.h:49:35: note: expanded from macro 'RBIMPL_MACRO_SELECT'
   49 | #define RBIMPL_MACRO_SELECT(x, y) x ## y
      |                                   ^
<scratch space>:37:1: note: expanded from here
   37 | rb_data_object_get_1
      | ^
/opt/homebrew/Cellar/ruby/4.0.6_1/include/ruby-4.0.0/ruby/internal/core/rdata.h:368:31: note: expanded from macro 'rb_data_object_get_1'
  368 | #define rb_data_object_get_1  rb_data_object_get_warning
      |                               ^
/opt/homebrew/Cellar/ruby/4.0.6_1/include/ruby-4.0.0/ruby/internal/core/rdata.h:317:1: note: 'rb_data_object_get_warning' has been explicitly marked deprecated here
  317 | RBIMPL_ATTRSET_UNTYPED_DATA_FUNC()
      | ^
/opt/homebrew/Cellar/ruby/4.0.6_1/include/ruby-4.0.0/ruby/internal/core/rdata.h:47:5: note: expanded from macro 'RBIMPL_ATTRSET_UNTYPED_DATA_FUNC'
   47 |     RBIMPL_ATTR_DEPRECATED(("by TypedData"))
      |     ^
/opt/homebrew/Cellar/ruby/4.0.6_1/include/ruby-4.0.0/ruby/internal/attr/deprecated.h:36:53: note: expanded from macro 'RBIMPL_ATTR_DEPRECATED'
   36 | # define RBIMPL_ATTR_DEPRECATED(msg) __attribute__((__deprecated__ msg))
      |                                                     ^
AbstractMemory.c:253:1: warning: 'rb_data_object_get_warning' is deprecated: by TypedData [-Wdeprecated-declarations]
  253 | NUM_OP(uint16, uint16_t, NUM2UINT, UINT2NUM, SWAPU16);
      | ^
AbstractMemory.c:90:5: note: expanded from macro 'NUM_OP'
   90 |     Data_Get_Struct(self, AbstractMemory, memory); \
      |     ^
/opt/homebrew/Cellar/ruby/4.0.6_1/include/ruby-4.0.0/ruby/internal/core/rdata.h:278:34: note: expanded from macro 'Data_Get_Struct'
  278 |     ((sval) = RBIMPL_CAST((type*)rb_data_object_get(obj)))
      |                                  ^
/opt/homebrew/Cellar/ruby/4.0.6_1/include/ruby-4.0.0/ruby/internal/core/rdata.h:370:31: note: expanded from macro 'rb_data_object_get'
  370 | #define rb_data_object_get    RUBY_MACRO_SELECT(rb_data_object_get_2, RUBY_UNTYPED_DATA_WARNING)
      |                               ^
note: (skipping 1 expansions in backtrace; use -fmacro-backtrace-limit=0 to see all)
/opt/homebrew/Cellar/ruby/4.0.6_1/include/ruby-4.0.0/ruby/internal/core/rdata.h:49:35: note: expanded from macro 'RBIMPL_MACRO_SELECT'
   49 | #define RBIMPL_MACRO_SELECT(x, y) x ## y
      |                                   ^
<scratch space>:56:1: note: expanded from here
   56 | rb_data_object_get_1
      | ^
/opt/homebrew/Cellar/ruby/4.0.6_1/include/ruby-4.0.0/ruby/internal/core/rdata.h:368:31: note: expanded from macro 'rb_data_object_get_1'
  368 | #define rb_data_object_get_1  rb_data_object_get_warning
      |                               ^
/opt/homebrew/Cellar/ruby/4.0.6_1/include/ruby-4.0.0/ruby/internal/core/rdata.h:317:1: note: 'rb_data_object_get_warning' has been explicitly marked deprecated here
  317 | RBIMPL_ATTRSET_UNTYPED_DATA_FUNC()
      | ^
/opt/homebrew/Cellar/ruby/4.0.6_1/include/ruby-4.0.0/ruby/internal/core/rdata.h:47:5: note: expanded from macro 'RBIMPL_ATTRSET_UNTYPED_DATA_FUNC'
   47 |     RBIMPL_ATTR_DEPRECATED(("by TypedData"))
      |     ^
/opt/homebrew/Cellar/ruby/4.0.6_1/include/ruby-4.0.0/ruby/internal/attr/deprecated.h:36:53: note: expanded from macro 'RBIMPL_ATTR_DEPRECATED'
   36 | # define RBIMPL_ATTR_DEPRECATED(msg) __attribute__((__deprecated__ msg))
      |                                                     ^
AbstractMemory.c:253:1: warning: 'rb_data_object_get_warning' is deprecated: by TypedData [-Wdeprecated-declarations]
  253 | NUM_OP(uint16, uint16_t, NUM2UINT, UINT2NUM, SWAPU16);
      | ^
AbstractMemory.c:99:5: note: expanded from macro 'NUM_OP'
   99 |     Data_Get_Struct(self, AbstractMemory, memory); \
      |     ^
/opt/homebrew/Cellar/ruby/4.0.6_1/include/ruby-4.0.0/ruby/internal/core/rdata.h:278:34: note: expanded from macro 'Data_Get_Struct'
  278 |     ((sval) = RBIMPL_CAST((type*)rb_data_object_get(obj)))
      |                                  ^
/opt/homebrew/Cellar/ruby/4.0.6_1/include/ruby-4.0.0/ruby/internal/core/rdata.h:370:31: note: expanded from macro 'rb_data_object_get'
  370 | #define rb_data_object_get    RUBY_MACRO_SELECT(rb_data_object_get_2, RUBY_UNTYPED_DATA_WARNING)
      |                               ^
note: (skipping 1 expansions in backtrace; use -fmacro-backtrace-limit=0 to see all)
/opt/homebrew/Cellar/ruby/4.0.6_1/include/ruby-4.0.0/ruby/internal/core/rdata.h:49:35: note: expanded from macro 'RBIMPL_MACRO_SELECT'
   49 | #define RBIMPL_MACRO_SELECT(x, y) x ## y
      |                                   ^
<scratch space>:60:1: note: expanded from here
   60 | rb_data_object_get_1
      | ^
/opt/homebrew/Cellar/ruby/4.0.6_1/include/ruby-4.0.0/ruby/internal/core/rdata.h:368:31: note: expanded from macro 'rb_data_object_get_1'
  368 | #define rb_data_object_get_1  rb_data_object_get_warning
      |                               ^
/opt/homebrew/Cellar/ruby/4.0.6_1/include/ruby-4.0.0/ruby/internal/core/rdata.h:317:1: note: 'rb_data_object_get_warning' has been explicitly marked deprecated here
  317 | RBIMPL_ATTRSET_UNTYPED_DATA_FUNC()
      | ^
/opt/homebrew/Cellar/ruby/4.0.6_1/include/ruby-4.0.0/ruby/internal/core/rdata.h:47:5: note: expanded from macro 'RBIMPL_ATTRSET_UNTYPED_DATA_FUNC'
   47 |     RBIMPL_ATTR_DEPRECATED(("by TypedData"))
      | compiling MemoryPointer.c
    ^
/opt/homebrew/Cellar/ruby/4.0.6_1/include/ruby-4.0.0/ruby/internal/attr/deprecated.h:36:53: note: expanded from macro 'RBIMPL_ATTR_DEPRECATED'
   36 | # define RBIMPL_ATTR_DEPRECATED(msg) __attribute__((__deprecated__ msg))
      |                                                     ^
AbstractMemory.c:253:1: warning: 'rb_data_object_get_warning' is deprecated: by TypedData [-Wdeprecated-declarations]
  253 | NUM_OP(uint16, uint16_t, NUM2UINT, UINT2NUM, SWAPU16);
      | ^
AbstractMemory.c:118:5: note: expanded from macro 'NUM_OP'
  118 |     Data_Get_Struct(self, AbstractMemory, memory); \
      |     ^
/opt/homebrew/Cellar/ruby/4.0.6_1/include/ruby-4.0.0/ruby/internal/core/rdata.h:278:34: note: expanded from macro 'Data_Get_Struct'
  278 |     ((sval) = RBIMPL_CAST((type*)rb_data_object_get(obj)))
      |                                  ^
/opt/homebrew/Cellar/ruby/4.0.6_1/include/ruby-4.0.0/ruby/internal/core/rdata.h:370:31: note: expanded from macro 'rb_data_object_get'
  370 | #define rb_data_object_get    RUBY_MACRO_SELECT(rb_data_object_get_2, RUBY_UNTYPED_DATA_WARNING)
      |                               ^
note: (skipping 1 expansions in backtrace; use -fmacro-backtrace-limit=0 to see all)
/opt/homebrew/Cellar/ruby/4.0.6_1/include/ruby-4.0.0/ruby/internal/core/rdata.h:49:35: note: expanded from macro 'RBIMPL_MACRO_SELECT'
   49 | #define RBIMPL_MACRO_SELECT(x, y) x ## y
      |                                   ^
<scratch space>:66:1: note: expanded from here
   66 | rb_data_object_get_1
      | ^
/opt/homebrew/Cellar/ruby/4.0.6_1/include/ruby-4.0.0/ruby/internal/core/rdata.h:368:31: note: expanded from macro 'rb_data_object_get_1'
  368 | #define rb_data_object_get_1  rb_data_object_get_warning
      |                               ^
/opt/homebrew/Cellar/ruby/4.0.6_1/include/ruby-4.0.0/ruby/internal/core/rdata.h:317:1: note: 'rb_data_object_get_warning' has been explicitly marked deprecated here
  317 | RBIMPL_ATTRSET_UNTYPED_DATA_FUNC()
      | ^
/opt/homebrew/Cellar/ruby/4.0.6_1/include/ruby-4.0.0/ruby/internal/core/rdata.h:47:5: note: expanded from macro 'RBIMPL_ATTRSET_UNTYPED_DATA_FUNC'
   47 |     RBIMPL_ATTR_DEPRECATED(("by TypedData"))
      |     ^
/opt/homebrew/Cellar/ruby/4.0.6_1/include/ruby-4.0.0/ruby/internal/attr/deprecated.h:36:53: note: expanded from macro 'RBIMPL_ATTR_DEPRECATED'
   36 | # define RBIMPL_ATTR_DEPRECATED(msg) __attribute__((__deprecated__ msg))
      |                                                     ^
AbstractMemory.c:253:1: warning: 'rb_data_object_get_warning' is deprecated: by TypedData [-Wdeprecated-declarations]
  253 | NUM_OP(uint16, uint16_t, NUM2UINT, UINT2NUM, SWAPU16);
      | ^
AbstractMemory.c:126:5: note: expanded from macro 'NUM_OP'
  126 |     Data_Get_Struct(self, AbstractMemory, memory); \
      |     ^
/opt/homebrew/Cellar/ruby/4.0.6_1/include/ruby-4.0.0/ruby/internal/core/rdata.h:278:34: note: expanded from macro 'Data_Get_Struct'
  278 |     ((sval) = RBIMPL_CAST((type*)rb_data_object_get(obj)))
      |                                  ^
/opt/homebrew/Cellar/ruby/4.0.6_1/include/ruby-4.0.0/ruby/internal/core/rdata.h:370:31: note: expanded from macro 'rb_data_object_get'
  370 | #define rb_data_object_get    RUBY_MACRO_SELECT(rb_data_object_get_2, RUBY_UNTYPED_DATA_WARNING)
      |                               ^
note: (skipping 1 expansions in backtrace; use -fmacro-backtrace-limit=0 to see all)
/opt/homebrew/Cellar/ruby/4.0.6_1/include/ruby-4.0.0/ruby/internal/core/rdata.h:49:35: note: expanded from macro 'RBIMPL_MACRO_SELECT'
   49 | #define RBIMPL_MACRO_SELECT(x, y) x ## y
      |                                   ^
<scratch space>:70:1: note: expanded from here
   70 | rb_data_object_get_1
      | ^
/opt/homebrew/Cellar/ruby/4.0.6_1/include/ruby-4.0.0/ruby/internal/core/rdata.h:368:31: note: expanded from macro 'rb_data_object_get_1'
  368 | #define rb_data_object_get_1  rb_data_object_get_warning
      |                               ^
/opt/homebrew/Cellar/ruby/4.0.6_1/include/ruby-4.0.0/ruby/internal/core/rdata.h:317:1: note: 'rb_data_object_get_warning' has been explicitly marked deprecated here
  317 | RBIMPL_ATTRSET_UNTYPED_DATA_FUNC()
      | ^
/opt/homebrew/Cellar/ruby/4.0.6_1/include/ruby-4.0.0/ruby/internal/core/rdata.h:47:5: note: expanded from macro 'RBIMPL_ATTRSET_UNTYPED_DATA_FUNC'
   47 |     RBIMPL_ATTR_DEPRECATED(("by TypedData"))
      |     ^
/opt/homebrew/Cellar/ruby/4.0.6_1/include/ruby-4.0.0/ruby/internal/attr/deprecated.h:36:53: note: expanded from macro 'RBIMPL_ATTR_DEPRECATED'
   36 | # define RBIMPL_ATTR_DEPRECATED(msg) __attribute__((__deprecated__ msg))
      |                                                     ^
AbstractMemory.c:254:1: warning: 'rb_data_object_get_warning' is deprecated: by TypedData [-Wdeprecated-declarations]
  254 | NUM_OP(int32, int32_t, NUM2INT, INT2NUM, SWAPS32);
      | ^
AbstractMemory.c:90:5: note: expanded from macro 'NUM_OP'
   90 |     Data_Get_Struct(self, AbstractMemory, memory); \
      |     ^
/opt/homebrew/Cellar/ruby/4.0.6_1/include/ruby-4.0.0/ruby/internal/core/rdata.h:278:34: note: expanded from macro 'Data_Get_Struct'
  278 |     ((sval) = RBIMPL_CAST((type*)rb_data_object_get(obj)))
      |                                  ^
/opt/homebrew/Cellar/ruby/4.0.6_1/include/ruby-4.0.0/ruby/internal/core/rdata.h:370:31: note: expanded from macro 'rb_data_object_get'
  370 | #define rb_data_object_get    RUBY_MACRO_SELECT(rb_data_object_get_2, RUBY_UNTYPED_DATA_WARNING)
      |                               ^
note: (skipping 1 expansions in backtrace; use -fmacro-backtrace-limit=0 to see all)
/opt/homebrew/Cellar/ruby/4.0.6_1/include/ruby-4.0.0/ruby/internal/core/rdata.h:49:35: note: expanded from macro 'RBIMPL_MACRO_SELECT'
   49 | #define RBIMPL_MACRO_SELECT(x, y) x ## y
      |                                   ^
<scratch space>:89:1: note: expanded from here
   89 | rb_data_object_get_1
      | ^
/opt/homebrew/Cellar/ruby/4.0.6_1/include/ruby-4.0.0/ruby/internal/core/rdata.h:368:31: note: expanded from macro 'rb_data_object_get_1'
  368 | #define rb_data_object_get_1  rb_data_object_get_warning
      |                               ^
/opt/homebrew/Cellar/ruby/4.0.6_1/include/ruby-4.0.0/ruby/internal/core/rdata.h:317:1: note: 'rb_data_object_get_warning' has been explicitly marked deprecated here
  317 | RBIMPL_ATTRSET_UNTYPED_DATA_FUNC()
      | ^
/opt/homebrew/Cellar/ruby/4.0.6_1/include/ruby-4.0.0/ruby/internal/core/rdata.h:47:5: note: expanded from macro 'RBIMPL_ATTRSET_UNTYPED_DATA_FUNC'
   47 |     RBIMPL_ATTR_DEPRECATED(("by TypedData"))
      |     ^
/opt/homebrew/Cellar/ruby/4.0.6_1/include/ruby-4.0.0/ruby/internal/attr/deprecated.h:36:53: note: expanded from macro 'RBIMPL_ATTR_DEPRECATED'
   36 | # define RBIMPL_ATTR_DEPRECATED(msg) __attribute__((__deprecated__ msg))
      |                                                     ^
AbstractMemory.c:254:1: warning: 'rb_data_object_get_warning' is deprecated: by TypedData [-Wdeprecated-declarations]
  254 | NUM_OP(int32, int32_t, NUM2INT, INT2NUM, SWAPS32);
      | ^
AbstractMemory.c:99:5: note: expanded from macro 'NUM_OP'
   99 |     Data_Get_Struct(self, AbstractMemory, memory); \
      |     ^
/opt/homebrew/Cellar/ruby/4.0.6_1/include/ruby-4.0.0/ruby/internal/core/rdata.h:278:34: note: expanded from macro 'Data_Get_Struct'
  278 |     ((sval) = RBIMPL_CAST((type*)rb_data_object_get(obj)))
      |                                  ^
/opt/homebrew/Cellar/ruby/4.0.6_1/include/ruby-4.0.0/ruby/internal/core/rdata.h:370:31: note: expanded from macro 'rb_data_object_get'
  370 | #define rb_data_object_get    RUBY_MACRO_SELECT(rb_data_object_get_2, RUBY_UNTYPED_DATA_WARNING)
      |                               ^
note: (skipping 1 expansions in backtrace; use -fmacro-backtrace-limit=0 to see all)
/opt/homebrew/Cellar/ruby/4.0.6_1/include/ruby-4.0.0/ruby/internal/core/rdata.h:49:35: note: expanded from macro 'RBIMPL_MACRO_SELECT'
   49 | #define RBIMPL_MACRO_SELECT(x, y) x ## y
      |                                   ^
<scratch space>:93:1: note: expanded from here
   93 | rb_data_object_get_1
      | ^
/opt/homebrew/Cellar/ruby/4.0.6_1/include/ruby-4.0.0/ruby/internal/core/rdata.h:368:31: note: expanded from macro 'rb_data_object_get_1'
  368 | #define rb_data_object_get_1  rb_data_object_get_warning
      |                               ^
/opt/homebrew/Cellar/ruby/4.0.6_1/include/ruby-4.0.0/ruby/internal/core/rdata.h:317:1: note: 'rb_data_object_get_warning' has been explicitly marked deprecated here
  317 | RBIMPL_ATTRSET_UNTYPED_DATA_FUNC()
      | ^
/opt/homebrew/Cellar/ruby/4.0.6_1/include/ruby-4.0.0/ruby/internal/core/rdata.h:47:5: note: expanded from macro 'RBIMPL_ATTRSET_UNTYPED_DATA_FUNC'
   47 |     RBIMPL_ATTR_DEPRECATED(("by TypedData"))
      |     ^
/opt/homebrew/Cellar/ruby/4.0.6_1/include/ruby-4.0.0/ruby/internal/attr/deprecated.h:36:53: note: expanded from macro 'RBIMPL_ATTR_DEPRECATED'
   36 | # define RBIMPL_ATTR_DEPRECATED(msg) __attribute__((__deprecated__ msg))
      |                                                     ^
AbstractMemory.c:254:1: warning: 'rb_data_object_get_warning' is deprecated: by TypedData [-Wdeprecated-declarations]
  254 | NUM_OP(int32, int32_t, NUM2INT, INT2NUM, SWAPS32);
      | ^
AbstractMemory.c:118:5: note: expanded from macro 'NUM_OP'
  118 |     Data_Get_Struct(self, AbstractMemory, memory); \
      |     ^
/opt/homebrew/Cellar/ruby/4.0.6_1/include/ruby-4.0.0/ruby/internal/core/rdata.h:278:34: note: expanded from macro 'Data_Get_Struct'
  278 |     ((sval) = RBIMPL_CAST((type*)rb_data_object_get(obj)))
      |                                  ^
/opt/homebrew/Cellar/ruby/4.0.6_1/include/ruby-4.0.0/ruby/internal/core/rdata.h:370:31: note: expanded from macro 'rb_data_object_get'
  370 | #define rb_data_object_get    RUBY_MACRO_SELECT(rb_data_object_get_2, RUBY_UNTYPED_DATA_WARNING)
      |                               ^
note: (skipping 1 expansions in backtrace; use -fmacro-backtrace-limit=0 to see all)
/opt/homebrew/Cellar/ruby/4.0.6_1/include/ruby-4.0.0/ruby/internal/core/rdata.h:49:35: note: expanded from macro 'RBIMPL_MACRO_SELECT'
   49 | #define RBIMPL_MACRO_SELECT(x, y) x ## y
      |                                   ^
<scratch space>:99:1: note: expanded from here
   99 | rb_data_object_get_1
      | ^
/opt/homebrew/Cellar/ruby/4.0.6_1/include/ruby-4.0.0/ruby/internal/core/rdata.h:368:31: note: expanded from macro 'rb_data_object_get_1'
  368 | #define rb_data_object_get_1  rb_data_object_get_warning
      |                               ^
/opt/homebrew/Cellar/ruby/4.0.6_1/include/ruby-4.0.0/ruby/internal/core/rdata.h:317:1: note: 'rb_data_object_get_warning' has been explicitly marked deprecated here
  317 | RBIMPL_ATTRSET_UNTYPED_DATA_FUNC()
      | ^
/opt/homebrew/Cellar/ruby/4.0.6_1/include/ruby-4.0.0/ruby/internal/core/rdata.h:47:5: note: expanded from macro 'RBIMPL_ATTRSET_UNTYPED_DATA_FUNC'
   47 |     RBIMPL_ATTR_DEPRECATED(("by TypedData"))
      |     ^
/opt/homebrew/Cellar/ruby/4.0.6_1/include/ruby-4.0.0/ruby/internal/attr/deprecated.h:36:53: note: expanded from macro 'RBIMPL_ATTR_DEPRECATED'
   36 | # define RBIMPL_ATTR_DEPRECATED(msg) __attribute__((__deprecated__ msg))
      |                                                     ^
AbstractMemory.c:254:1: warning: 'rb_data_object_get_warning' is deprecated: by TypedData [-Wdeprecated-declarations]
  254 | NUM_OP(int32, int32_t, NUM2INT, INT2NUM, SWAPS32);
      | ^
AbstractMemory.c:126:5: note: expanded from macro 'NUM_OP'
  126 |     Data_Get_Struct(self, AbstractMemory, memory); \
      |     ^
/opt/homebrew/Cellar/ruby/4.0.6_1/include/ruby-4.0.0/ruby/internal/core/rdata.h:278:34: note: expanded from macro 'Data_Get_Struct'
  278 |     ((sval) = RBIMPL_CAST((type*)rb_data_object_get(obj)))
      |                                  ^
/opt/homebrew/Cellar/ruby/4.0.6_1/include/ruby-4.0.0/ruby/internal/core/rdata.h:370:31: note: expanded from macro 'rb_data_object_get'
  370 | #define rb_data_object_get    RUBY_MACRO_SELECT(rb_data_object_get_2, RUBY_UNTYPED_DATA_WARNING)
      |                               ^
note: (skipping 1 expansions in backtrace; use -fmacro-backtrace-limit=0 to see all)
/opt/homebrew/Cellar/ruby/4.0.6_1/include/ruby-4.0.0/ruby/internal/core/rdata.h:49:35: note: expanded from macro 'RBIMPL_MACRO_SELECT'
   49 | #define RBIMPL_MACRO_SELECT(x, y) x ## y
      |                                   ^
<scratch space>:103:1: note: expanded from here
  103 | rb_data_object_get_1
      | ^
/opt/homebrew/Cellar/ruby/4.0.6_1/include/ruby-4.0.0/ruby/internal/core/rdata.h:368:31: note: expanded from macro 'rb_data_object_get_1'
  368 | #define rb_data_object_get_1  rb_data_object_get_warning
      |                               ^
/opt/homebrew/Cellar/ruby/4.0.6_1/include/ruby-4.0.0/ruby/internal/core/rdata.h:317:1: note: 'rb_data_object_get_warning' has been explicitly marked deprecated here
  317 | RBIMPL_ATTRSET_UNTYPED_DATA_FUNC()
      | ^
/opt/homebrew/Cellar/ruby/4.0.6_1/include/ruby-4.0.0/ruby/internal/core/rdata.h:47:5: note: expanded from macro 'RBIMPL_ATTRSET_UNTYPED_DATA_FUNC'
   47 |     RBIMPL_ATTR_DEPRECATED(("by TypedData"))
      |     ^
/opt/homebrew/Cellar/ruby/4.0.6_1/include/ruby-4.0.0/ruby/internal/attr/deprecated.h:36:53: note: expanded from macro 'RBIMPL_ATTR_DEPRECATED'
   36 | # define RBIMPL_ATTR_DEPRECATED(msg) __attribute__((__deprecated__ msg))
      |                                                     ^
AbstractMemory.c:255:1: warning: 'rb_data_object_get_warning' is deprecated: by TypedData [-Wdeprecated-declarations]
  255 | NUM_OP(uint32, uint32_t, NUM2UINT, UINT2NUM, SWAPU32);
      | ^
AbstractMemory.c:90:5: note: expanded from macro 'NUM_OP'
   90 |     Data_Get_Struct(self, AbstractMemory, memory); \
      |     ^
/opt/homebrew/Cellar/ruby/4.0.6_1/include/ruby-4.0.0/ruby/internal/core/rdata.h:278:34: note: expanded from macro 'Data_Get_Struct'
  278 |     ((sval) = RBIMPL_CAST((type*)rb_data_object_get(obj)))
      |                                  ^
/opt/homebrew/Cellar/ruby/4.0.6_1/include/ruby-4.0.0/ruby/internal/core/rdata.h:370:31: note: expanded from macro 'rb_data_object_get'
  370 | #define rb_data_object_get    RUBY_MACRO_SELECT(rb_data_object_get_2, RUBY_UNTYPED_DATA_WARNING)
      |                               ^
note: (skipping 1 expansions in backtrace; use -fmacro-backtrace-limit=0 to see all)
/opt/homebrew/Cellar/ruby/4.0.6_1/include/ruby-4.0.0/ruby/internal/core/rdata.h:49:35: note: expanded from macro 'RBIMPL_MACRO_SELECT'
   49 | #define RBIMPL_MACRO_SELECT(x, y) x ## y
      |                                   ^
<scratch space>:122:1: note: expanded from here
  122 | rb_data_object_get_1
      | ^
/opt/homebrew/Cellar/ruby/4.0.6_1/include/ruby-4.0.0/ruby/internal/core/rdata.h:368:31: note: expanded from macro 'rb_data_object_get_1'
  368 | #define rb_data_object_get_1  rb_data_object_get_warning
      |                               ^
/opt/homebrew/Cellar/ruby/4.0.6_1/include/ruby-4.0.0/ruby/internal/core/rdata.h:317:1: note: 'rb_data_object_get_warning' has been explicitly marked deprecated here
  317 | RBIMPL_ATTRSET_UNTYPED_DATA_FUNC()
      | ^
/opt/homebrew/Cellar/ruby/4.0.6_1/include/ruby-4.0.0/ruby/internal/core/rdata.h:47:5: note: expanded from macro 'RBIMPL_ATTRSET_UNTYPED_DATA_FUNC'
   47 |     RBIMPL_ATTR_DEPRECATED(("by TypedData"))
      |     ^
/opt/homebrew/Cellar/ruby/4.0.6_1/include/ruby-4.0.0/ruby/internal/attr/deprecated.h:36:53: note: expanded from macro 'RBIMPL_ATTR_DEPRECATED'
   36 | # define RBIMPL_ATTR_DEPRECATED(msg) __attribute__((__deprecated__ msg))
      |                                                     ^
AbstractMemory.c:255:1: warning: 'rb_data_object_get_warning' is deprecated: by TypedData [-Wdeprecated-declarations]
  255 | NUM_OP(uint32, uint32_t, NUM2UINT, UINT2NUM, SWAPU32);
      | ^
AbstractMemory.c:99:5: note: expanded from macro 'NUM_OP'
   99 |     Data_Get_Struct(self, AbstractMemory, memory); \
      |     ^
/opt/homebrew/Cellar/ruby/4.0.6_1/include/ruby-4.0.0/ruby/internal/core/rdata.h:278:34: note: expanded from macro 'Data_Get_Struct'
  278 |     ((sval) = RBIMPL_CAST((type*)rb_data_object_get(obj)))
      |                                  ^
/opt/homebrew/Cellar/ruby/4.0.6_1/include/ruby-4.0.0/ruby/internal/core/rdata.h:370:31: note: expanded from macro 'rb_data_object_get'
  370 | #define rb_data_object_get    RUBY_MACRO_SELECT(rb_data_object_get_2, RUBY_UNTYPED_DATA_WARNING)
      |                               ^
note: (skipping 1 expansions in backtrace; use -fmacro-backtrace-limit=0 to see all)
/opt/homebrew/Cellar/ruby/4.0.6_1/include/ruby-4.0.0/ruby/internal/core/rdata.h:49:35: note: expanded from macro 'RBIMPL_MACRO_SELECT'
   49 | #define RBIMPL_MACRO_SELECT(x, y) x ## y
      |                                   ^
<scratch space>:126:1: note: expanded from here
  126 | rb_data_object_get_1
      | ^
/opt/homebrew/Cellar/ruby/4.0.6_1/include/ruby-4.0.0/ruby/internal/core/rdata.h:368:31: note: expanded from macro 'rb_data_object_get_1'
  368 | #define rb_data_object_get_1  rb_data_object_get_warning
      |                               ^
/opt/homebrew/Cellar/ruby/4.0.6_1/include/ruby-4.0.0/ruby/internal/core/rdata.h:317:1: note: 'rb_data_object_get_warning' has been explicitly marked deprecated here
  317 | RBIMPL_ATTRSET_UNTYPED_DATA_FUNC()
      | ^
/opt/homebrew/Cellar/ruby/4.0.6_1/include/ruby-4.0.0/ruby/internal/core/rdata.h:47:5: note: expanded from macro 'RBIMPL_ATTRSET_UNTYPED_DATA_FUNC'
   47 |     RBIMPL_ATTR_DEPRECATED(("by TypedData"))
      |     ^
/opt/homebrew/Cellar/ruby/4.0.6_1/include/ruby-4.0.0/ruby/internal/attr/deprecated.h:36:53: note: expanded from macro 'RBIMPL_ATTR_DEPRECATED'
   36 | # define RBIMPL_ATTR_DEPRECATED(msg) __attribute__((__deprecated__ msg))
      |                                                     ^
AbstractMemory.c:255:1: warning: 'rb_data_object_get_warning' is deprecated: by TypedData [-Wdeprecated-declarations]
  255 | NUM_OP(uint32, uint32_t, NUM2UINT, UINT2NUM, SWAPU32);
      | ^
AbstractMemory.c:118:5: note: expanded from macro 'NUM_OP'
  118 |     Data_Get_Struct(self, AbstractMemory, memory); \
      |     ^
/opt/homebrew/Cellar/ruby/4.0.6_1/include/ruby-4.0.0/ruby/internal/core/rdata.h:278:34: note: expanded from macro 'Data_Get_Struct'
  278 |     ((sval) = RBIMPL_CAST((type*)rb_data_object_get(obj)))
      |                                  ^
/opt/homebrew/Cellar/ruby/4.0.6_1/include/ruby-4.0.0/ruby/internal/core/rdata.h:370:31: note: expanded from macro 'rb_data_object_get'
  370 | #define rb_data_object_get    RUBY_MACRO_SELECT(rb_data_object_get_2, RUBY_UNTYPED_DATA_WARNING)
      |                               ^
note: (skipping 1 expansions in backtrace; use -fmacro-backtrace-limit=0 to see all)
/opt/homebrew/Cellar/ruby/4.0.6_1/include/ruby-4.0.0/ruby/internal/core/rdata.h:49:35: note: expanded from macro 'RBIMPL_MACRO_SELECT'
   49 | #define RBIMPL_MACRO_SELECT(x, y) x ## y
      |                                   ^
<scratch space>:132:1: note: expanded from here
  132 | rb_data_object_get_1
      | ^
/opt/homebrew/Cellar/ruby/4.0.6_1/include/ruby-4.0.0/ruby/internal/core/rdata.h:368:31: note: expanded from macro 'rb_data_object_get_1'
  368 | #define rb_data_object_get_1  rb_data_object_get_warning
      |                               ^
/opt/homebrew/Cellar/ruby/4.0.6_1/include/ruby-4.0.0/ruby/internal/core/rdata.h:317:1: note: 'rb_data_object_get_warning' has been explicitly marked deprecated here
  317 | RBIMPL_ATTRSET_UNTYPED_DATA_FUNC()
      | ^
/opt/homebrew/Cellar/ruby/4.0.6_1/include/ruby-4.0.0/ruby/internal/core/rdata.h:47:5: note: expanded from macro 'RBIMPL_ATTRSET_UNTYPED_DATA_FUNC'
   47 |     RBIMPL_ATTR_DEPRECATED(("by TypedData"))
      |     ^
/opt/homebrew/Cellar/ruby/4.0.6_1/include/ruby-4.0.0/ruby/internal/attr/deprecated.h:36:53: note: expanded from macro 'RBIMPL_ATTR_DEPRECATED'
   36 | # define RBIMPL_ATTR_DEPRECATED(msg) __attribute__((__deprecated__ msg))
      |                                                     ^
AbstractMemory.c:255:1: warning: 'rb_data_object_get_warning' is deprecated: by TypedData [-Wdeprecated-declarations]
  255 | NUM_OP(uint32, uint32_t, NUM2UINT, UINT2NUM, SWAPU32);
      | ^
AbstractMemory.c:126:5: note: expanded from macro 'NUM_OP'
  126 |     Data_Get_Struct(self, AbstractMemory, memory); \
      |     ^
/opt/homebrew/Cellar/ruby/4.0.6_1/include/ruby-4.0.0/ruby/internal/core/rdata.h:278:34: note: expanded from macro 'Data_Get_Struct'
  278 |     ((sval) = RBIMPL_CAST((type*)rb_data_object_get(obj)))
      |                                  ^
/opt/homebrew/Cellar/ruby/4.0.6_1/include/ruby-4.0.0/ruby/internal/core/rdata.h:370:31: note: expanded from macro 'rb_data_object_get'
  370 | #define rb_data_object_get    RUBY_MACRO_SELECT(rb_data_object_get_2, RUBY_UNTYPED_DATA_WARNING)
      |                               ^
note: (skipping 1 expansions in backtrace; use -fmacro-backtrace-limit=0 to see all)
/opt/homebrew/Cellar/ruby/4.0.6_1/include/ruby-4.0.0/ruby/internal/core/rdata.h:49:35: note: expanded from macro 'RBIMPL_MACRO_SELECT'
   49 | #define RBIMPL_MACRO_SELECT(x, y) x ## y
      |                                   ^
<scratch space>:136:1: note: expanded from here
  136 | rb_data_object_get_1
      | ^
/opt/homebrew/Cellar/ruby/4.0.6_1/include/ruby-4.0.0/ruby/internal/core/rdata.h:368:31: note: expanded from macro 'rb_data_object_get_1'
  368 | #define rb_data_object_get_1  rb_data_object_get_warning
      |                               ^
/opt/homebrew/Cellar/ruby/4.0.6_1/include/ruby-4.0.0/ruby/internal/core/rdata.h:317:1: note: 'rb_data_object_get_warning' has been explicitly marked deprecated here
  317 | RBIMPL_ATTRSET_UNTYPED_DATA_FUNC()
      | ^
/opt/homebrew/Cellar/ruby/4.0.6_1/include/ruby-4.0.0/ruby/internal/core/rdata.h:47:5: note: expanded from macro 'RBIMPL_ATTRSET_UNTYPED_DATA_FUNC'
   47 |     RBIMPL_ATTR_DEPRECATED(("by TypedData"))
      |     ^
/opt/homebrew/Cellar/ruby/4.0.6_1/include/ruby-4.0.0/ruby/internal/attr/deprecated.h:36:53: note: expanded from macro 'RBIMPL_ATTR_DEPRECATED'
   36 | # define RBIMPL_ATTR_DEPRECATED(msg) __attribute__((__deprecated__ msg))
      |                                                     ^
AbstractMemory.c:256:1: warning: 'rb_data_object_get_warning' is deprecated: by TypedData [-Wdeprecated-declarations]
  256 | NUM_OP(int64, int64_t, NUM2LL, LL2NUM, SWAPS64);
      | ^
AbstractMemory.c:90:5: note: expanded from macro 'NUM_OP'
   90 |     Data_Get_Struct(self, AbstractMemory, memory); \
      |     ^
/opt/homebrew/Cellar/ruby/4.0.6_1/include/ruby-4.0.0/ruby/internal/core/rdata.h:278:34: note: expanded from macro 'Data_Get_Struct'
  278 |     ((sval) = RBIMPL_CAST((type*)rb_data_object_get(obj)))
      |                                  ^
/opt/homebrew/Cellar/ruby/4.0.6_1/include/ruby-4.0.0/ruby/internal/core/rdata.h:370:31: note: expanded from macro 'rb_data_object_get'
  370 | #define rb_data_object_get    RUBY_MACRO_SELECT(rb_data_object_get_2, RUBY_UNTYPED_DATA_WARNING)
      |                               ^
note: (skipping 1 expansions in backtrace; use -fmacro-backtrace-limit=0 to see all)
/opt/homebrew/Cellar/ruby/4.0.6_1/include/ruby-4.0.0/ruby/internal/core/rdata.h:49:35: note: expanded from macro 'RBIMPL_MACRO_SELECT'
   49 | #define RBIMPL_MACRO_SELECT(x, y) x ## y
      |                                   ^
<scratch space>:155:1: note: expanded from here
  155 | rb_data_object_get_1
      | ^
/opt/homebrew/Cellar/ruby/4.0.6_1/include/ruby-4.0.0/ruby/internal/core/rdata.h:368:31: note: expanded from macro 'rb_data_object_get_1'
  368 | #define rb_data_object_get_1  rb_data_object_get_warning
      |                               ^
/opt/homebrew/Cellar/ruby/4.0.6_1/include/ruby-4.0.0/ruby/internal/core/rdata.h:317:1: note: 'rb_data_object_get_warning' has been explicitly marked deprecated here
  317 | RBIMPL_ATTRSET_UNTYPED_DATA_FUNC()
      | ^
/opt/homebrew/Cellar/ruby/4.0.6_1/include/ruby-4.0.0/ruby/internal/core/rdata.h:47:5: note: expanded from macro 'RBIMPL_ATTRSET_UNTYPED_DATA_FUNC'
   47 |     RBIMPL_ATTR_DEPRECATED(("by TypedData"))
      |     ^
/opt/homebrew/Cellar/ruby/4.0.6_1/include/ruby-4.0.0/ruby/internal/attr/deprecated.h:36:53: note: expanded from macro 'RBIMPL_ATTR_DEPRECATED'
   36 | # define RBIMPL_ATTR_DEPRECATED(msg) __attribute__((__deprecated__ msg))
      |                                                     ^
AbstractMemory.c:256:1: warning: 'rb_data_object_get_warning' is deprecated: by TypedData [-Wdeprecated-declarations]
  256 | NUM_OP(int64, int64_t, NUM2LL, LL2NUM, SWAPS64);
      | ^
AbstractMemory.c:99:5: note: expanded from macro 'NUM_OP'
   99 |     Data_Get_Struct(self, AbstractMemory, memory); \
      |     ^
/opt/homebrew/Cellar/ruby/4.0.6_1/include/ruby-4.0.0/ruby/internal/core/rdata.h:278:34: note: expanded from macro 'Data_Get_Struct'
  278 |     ((sval) = RBIMPL_CAST((type*)rb_data_object_get(obj)))
      |                                  ^
/opt/homebrew/Cellar/ruby/4.0.6_1/include/ruby-4.0.0/ruby/internal/core/rdata.h:370:31: note: expanded from macro 'rb_data_object_get'
  370 | #define rb_data_object_get    RUBY_MACRO_SELECT(rb_data_object_get_2, RUBY_UNTYPED_DATA_WARNING)
      |                               ^
note: (skipping 1 expansions in backtrace; use -fmacro-backtrace-limit=0 to see all)
/opt/homebrew/Cellar/ruby/4.0.6_1/include/ruby-4.0.0/ruby/internal/core/rdata.h:49:35: note: expanded from macro 'RBIMPL_MACRO_SELECT'
   49 | #define RBIMPL_MACRO_SELECT(x, y) x ## y
      |                                   ^
<scratch space>:159:1: note: expanded from here
  159 | rb_data_object_get_1
      | ^
/opt/homebrew/Cellar/ruby/4.0.6_1/include/ruby-4.0.0/ruby/internal/core/rdata.h:368:31: note: expanded from macro 'rb_data_object_get_1'
  368 | #define rb_data_object_get_1  rb_data_object_get_warning
      |                               ^
/opt/homebrew/Cellar/ruby/4.0.6_1/include/ruby-4.0.0/ruby/internal/core/rdata.h:317:1: note: 'rb_data_object_get_warning' has been explicitly marked deprecated here
  317 | RBIMPL_ATTRSET_UNTYPED_DATA_FUNC()
      | ^
/opt/homebrew/Cellar/ruby/4.0.6_1/include/ruby-4.0.0/ruby/internal/core/rdata.h:47:5: note: expanded from macro 'RBIMPL_ATTRSET_UNTYPED_DATA_FUNC'
   47 |     RBIMPL_ATTR_DEPRECATED(("by TypedData"))
      |     ^
/opt/homebrew/Cellar/ruby/4.0.6_1/include/ruby-4.0.0/ruby/internal/attr/deprecated.h:36:53: note: expanded from macro 'RBIMPL_ATTR_DEPRECATED'
   36 | # define RBIMPL_ATTR_DEPRECATED(msg) __attribute__((__deprecated__ msg))
      |                                                     ^
3 warnings generated.
AbstractMemory.c:256:1: warning: 'rb_data_object_get_warning' is deprecated: by TypedData [-Wdeprecated-declarations]
  256 | NUM_OP(int64, int64_t, NUM2LL, LL2NUM, SWAPS64);
      | ^
AbstractMemory.c:118:5: note: expanded from macro 'NUM_OP'
  118 |     Data_Get_Struct(self, AbstractMemory, memory); \
      |     ^
/opt/homebrew/Cellar/ruby/4.0.6_1/include/ruby-4.0.0/ruby/internal/core/rdata.h:278:34: note: expanded from macro 'Data_Get_Struct'
  278 |     ((sval) = RBIMPL_CAST((type*)rb_data_object_get(obj)))
      |                                  ^
/opt/homebrew/Cellar/ruby/4.0.6_1/include/ruby-4.0.0/ruby/internal/core/rdata.h:370:31: note: expanded from macro 'rb_data_object_get'
  370 | #define rb_data_object_get    RUBY_MACRO_SELECT(rb_data_object_get_2, RUBY_UNTYPED_DATA_WARNING)
      |                               ^
note: (skipping 1 expansions in backtrace; use -fmacro-backtrace-limit=0 to see all)
/opt/homebrew/Cellar/ruby/4.0.6_1/include/ruby-4.0.0/ruby/internal/core/rdata.h:49:35: note: expanded from macro 'RBIMPL_MACRO_SELECT'
   49 | #define RBIMPL_MACRO_SELECT(x, y) x ## y
      |                                   ^
<scratch space>:165:1: note: expanded from here
  165 | rb_data_object_get_1
      | ^
/opt/homebrew/Cellar/ruby/4.0.6_1/include/ruby-4.0.0/ruby/internal/core/rdata.h:368:31: note: expanded from macro 'rb_data_object_get_1'
  368 | #define rb_data_object_get_1  rb_data_object_get_warning
      |                               ^
/opt/homebrew/Cellar/ruby/4.0.6_1/include/ruby-4.0.0/ruby/internal/core/rdata.h:317:1: note: 'rb_data_object_get_warning' has been explicitly marked deprecated here
  317 | RBIMPL_ATTRSET_UNTYPED_DATA_FUNC()
      | ^
/opt/homebrew/Cellar/ruby/4.0.6_1/include/ruby-4.0.0/ruby/internal/core/rdata.h:47:5: note: expanded from macro 'RBIMPL_ATTRSET_UNTYPED_DATA_FUNC'
   47 |     RBIMPL_ATTR_DEPRECATED(("by TypedData"))
      |     ^
/opt/homebrew/Cellar/ruby/4.0.6_1/include/ruby-4.0.0/ruby/internal/attr/deprecated.h:36:53: note: expanded from macro 'RBIMPL_ATTR_DEPRECATED'
   36 | # define RBIMPL_ATTR_DEPRECATED(msg) __attribute__((__deprecated__ msg))
      |                                                     ^
AbstractMemory.c:256:1: warning: 'rb_data_object_get_warning' is deprecated: by TypedData [-Wdeprecated-declarations]
  256 | NUM_OP(int64, int64_t, NUM2LL, LL2NUM, SWAPS64);
      | ^
AbstractMemory.c:126:5: note: expanded from macro 'NUM_OP'
  126 |     Data_Get_Struct(self, AbstractMemory, memory); \
      |     ^
/opt/homebrew/Cellar/ruby/4.0.6_1/include/ruby-4.0.0/ruby/internal/core/rdata.h:278:34: note: expanded from macro 'Data_Get_Struct'
  278 |     ((sval) = RBIMPL_CAST((type*)rb_data_object_get(obj)))
      |                                  ^
/opt/homebrew/Cellar/ruby/4.0.6_1/include/ruby-4.0.0/ruby/internal/core/rdata.h:370:31: note: expanded from macro 'rb_data_object_get'
  370 | #define rb_data_object_get    RUBY_MACRO_SELECT(rb_data_object_get_2, RUBY_UNTYPED_DATA_WARNING)
      |                               ^
note: (skipping 1 expansions in backtrace; use -fmacro-backtrace-limit=0 to see all)
/opt/homebrew/Cellar/ruby/4.0.6_1/include/ruby-4.0.0/ruby/internal/core/rdata.h:49:35: note: expanded from macro 'RBIMPL_MACRO_SELECT'
   49 | #define RBIMPL_MACRO_SELECT(x, y) x ## y
      |                                   ^
<scratch space>:169:1: note: expanded from here
  169 | rb_data_object_get_1
      | ^
/opt/homebrew/Cellar/ruby/4.0.6_1/include/ruby-4.0.0/ruby/internal/core/rdata.h:368:31: note: expanded from macro 'rb_data_object_get_1'
  368 | #define rb_data_object_get_1  rb_data_object_get_warning
      |                               ^
/opt/homebrew/Cellar/ruby/4.0.6_1/include/ruby-4.0.0/ruby/internal/core/rdata.h:317:1: note: 'rb_data_object_get_warning' has been explicitly marked deprecated here
  317 | RBIMPL_ATTRSET_UNTYPED_DATA_FUNC()
      | ^
/opt/homebrew/Cellar/ruby/4.0.6_1/include/ruby-4.0.0/ruby/internal/core/rdata.h:47:5: note: expanded from macro 'RBIMPL_ATTRSET_UNTYPED_DATA_FUNC'
   47 |     RBIMPL_ATTR_DEPRECATED(("by TypedData"))
      |     ^
/opt/homebrew/Cellar/ruby/4.0.6_1/include/ruby-4.0.0/ruby/internal/attr/deprecated.h:36:53: note: expanded from macro 'RBIMPL_ATTR_DEPRECATED'
   36 | # define RBIMPL_ATTR_DEPRECATED(msg) __attribute__((__deprecated__ msg))
      |                                                     ^
AbstractMemory.c:257:1: warning: 'rb_data_object_get_warning' is deprecated: by TypedData [-Wdeprecated-declarations]
  257 | NUM_OP(uint64, uint64_t, NUM2ULL, ULL2NUM, SWAPU64);
      | ^
AbstractMemory.c:90:5: note: expanded from macro 'NUM_OP'
   90 |     Data_Get_Struct(self, AbstractMemory, memory); \
      |     ^
/opt/homebrew/Cellar/ruby/4.0.6_1/include/ruby-4.0.0/ruby/internal/core/rdata.h:278:34: note: expanded from macro 'Data_Get_Struct'
  278 |     ((sval) = RBIMPL_CAST((type*)rb_data_object_get(obj)))
      |                                  ^
/opt/homebrew/Cellar/ruby/4.0.6_1/include/ruby-4.0.0/ruby/internal/core/rdata.h:370:31: note: expanded from macro 'rb_data_object_get'
  370 | #define rb_data_object_get    RUBY_MACRO_SELECT(rb_data_object_get_2, RUBY_UNTYPED_DATA_WARNING)
      |                               ^
note: (skipping 1 expansions in backtrace; use -fmacro-backtrace-limit=0 to see all)
/opt/homebrew/Cellar/ruby/4.0.6_1/include/ruby-4.0.0/ruby/internal/core/rdata.h:49:35: note: expanded from macro 'RBIMPL_MACRO_SELECT'
   49 | #define RBIMPL_MACRO_SELECT(x, y) x ## y
      |                                   ^
<scratch space>:11:1: note: expanded from here
   11 | rb_data_object_get_1
      | ^
/opt/homebrew/Cellar/ruby/4.0.6_1/include/ruby-4.0.0/ruby/internal/core/rdata.h:368:31: note: expanded from macro 'rb_data_object_get_1'
  368 | #define rb_data_object_get_1  rb_data_object_get_warning
      |                               ^
/opt/homebrew/Cellar/ruby/4.0.6_1/include/ruby-4.0.0/ruby/internal/core/rdata.h:317:1: note: 'rb_data_object_get_warning' has been explicitly marked deprecated here
  317 | RBIMPL_ATTRSET_UNTYPED_DATA_FUNC()
      | ^
/opt/homebrew/Cellar/ruby/4.0.6_1/include/ruby-4.0.0/ruby/internal/core/rdata.h:47:5: note: expanded from macro 'RBIMPL_ATTRSET_UNTYPED_DATA_FUNC'
   47 |     RBIMPL_ATTR_DEPRECATED(("by TypedData"))
      |     ^
/opt/homebrew/Cellar/ruby/4.0.6_1/include/ruby-4.0.0/ruby/internal/attr/deprecated.h:36:53: note: expanded from macro 'RBIMPL_ATTR_DEPRECATED'
   36 | # define RBIMPL_ATTR_DEPRECATED(msg) __attribute__((__deprecated__ msg))
      |                                                     ^
AbstractMemory.c:257:1: warning: 'rb_data_object_get_warning' is deprecated: by TypedData [-Wdeprecated-declarations]
  257 | NUM_OP(uint64, uint64_t, NUM2ULL, ULL2NUM, SWAPU64);
      | ^
AbstractMemory.c:99:5: note: expanded from macro 'NUM_OP'
   99 |     Data_Get_Struct(self, AbstractMemory, memory); \
      |     ^
/opt/homebrew/Cellar/ruby/4.0.6_1/include/ruby-4.0.0/ruby/internal/core/rdata.h:278:34: note: expanded from macro 'Data_Get_Struct'
  278 |     ((sval) = RBIMPL_CAST((type*)rb_data_object_get(obj)))
      |                                  ^
/opt/homebrew/Cellar/ruby/4.0.6_1/include/ruby-4.0.0/ruby/internal/core/rdata.h:370:31: note: expanded from macro 'rb_data_object_get'
  370 | #define rb_data_object_get    RUBY_MACRO_SELECT(rb_data_object_get_2, RUBY_UNTYPED_DATA_WARNING)
      |                               ^
note: (skipping 1 expansions in backtrace; use -fmacro-backtrace-limit=0 to see all)
/opt/homebrew/Cellar/ruby/4.0.6_1/include/ruby-4.0.0/ruby/internal/core/rdata.h:49:35: note: expanded from macro 'RBIMPL_MACRO_SELECT'
   49 | #define RBIMPL_MACRO_SELECT(x, y) x ## y
      |                                   ^
<scratch space>:15:1: note: expanded from here
   15 | rb_data_object_get_1
      | ^
/opt/homebrew/Cellar/ruby/4.0.6_1/include/ruby-4.0.0/ruby/internal/core/rdata.h:368:31: note: expanded from macro 'rb_data_object_get_1'
  368 | #define rb_data_object_get_1  rb_data_object_get_warning
      |                               ^
/opt/homebrew/Cellar/ruby/4.0.6_1/include/ruby-4.0.0/ruby/internal/core/rdata.h:317:1: note: 'rb_data_object_get_warning' has been explicitly marked deprecated here
  317 | RBIMPL_ATTRSET_UNTYPED_DATA_FUNC()
      | ^
/opt/homebrew/Cellar/ruby/4.0.6_1/include/ruby-4.0.0/ruby/internal/core/rdata.h:47:5: note: expanded from macro 'RBIMPL_ATTRSET_UNTYPED_DATA_FUNC'
   47 |     RBIMPL_ATTR_DEPRECATED(("by TypedData"))
      |     ^
/opt/homebrew/Cellar/ruby/4.0.6_1/include/ruby-4.0.0/ruby/internal/attr/deprecated.h:36:53: note: expanded from macro 'RBIMPL_ATTR_DEPRECATED'
   36 | # define RBIMPL_ATTR_DEPRECATED(msg) __attribute__((__deprecated__ ms4 warnings generated.
g))
      |                                                     ^
AbstractMemory.c:257:1: warning: 'rb_data_object_get_warning' is deprecated: by TypedData [-Wdeprecated-declarations]
  257 | NUM_OP(uint64, uint64_t, NUM2ULL, ULL2NUM, SWAPU64);
      | ^
AbstractMemory.c:118:5: note: expanded from macro 'NUM_OP'
  118 |     Data_Get_Struct(self, AbstractMemory, memory); \
      |     ^
/opt/homebrew/Cellar/ruby/4.0.6_1/include/ruby-4.0.0/ruby/internal/core/rdata.h:278compiling MethodHandle.c
:34: note: expanded from macro 'Data_Get_Struct'
  278 |     ((sval) = RBIMPL_CAST((type*)rb_data_object_get(obj)))
      |                                  ^
/opt/homebrew/Cellar/ruby/4.0.6_1/include/ruby-4.0.0/ruby/internal/core/rdata.h:370:31: note: expanded from macro 'rb_data_object_get'
  370 | #define rb_data_object_get    RUBY_MACRO_SELECT(rb_data_object_get_2, RUBY_UNTYPED_DATA_WARNING)
      |                               ^
note: (skipping 1 expansions in backtrace; use -fmacro-backtrace-limit=0 to see all)
/opt/homebrew/Cellar/ruby/4.0.6_1/include/ruby-4.0.0/ruby/internal/core/rdata.h:49:compiling Platform.c
35: note: expanded from macro 'RBIMPL_MACRO_SELECT'
   49 | #define RBIMPL_MACRO_SELECT(x, y) x ## y
      |                                   ^
<scratch space>:21:1: note: expanded from here
   21 | rb_data_object_get_1
      | ^
/opt/homebrew/Cellar/ruby/4.0.6_1/include/ruby-4.0.0/ruby/internal/core/rdata.h:368:31: note: expanded from macro 'rb_data_object_get_1'
  368 | #define rb_data_object_get_1  rb_data_object_get_warning
      |                               ^
/opt/homebrew/Cellar/ruby/4.0.6_1/include/ruby-4.0.0/ruby/internal/core/rdata.h:317:1: note: 'rb_data_object_get_warning' has been explicitly marked deprecated here
  317 | RBIMPL_ATTRSET_UNTYPED_DATA_FUNC()
      | ^
/opt/homebrew/Cellar/ruby/4.0.6_1/include/ruby-4.0.0/ruby/internal/core/rdata.h:47:5: note: expanded from macro 'RBIMPL_ATTRSET_UNTYPED_DATA_FUNC'
   47 |     RBIMPL_ATTR_DEPRECATED(("by TypedData"))
      |     ^
/opt/homebrew/Cellar/ruby/4.0.6_1/include/ruby-4.0.0/ruby/internal/attr/deprecated.h:36:53: note: expanded from macro 'RBIMPL_ATTR_DEPRECATED'
   36 | # define RBIMPL_ATTR_DEPRECATED(msg) __attribute__((__deprecated__ msg))
      |                                                     ^
AbstractMemory.c:257:1: warning: 'rb_data_object_get_warning' is deprecated: by TypedData [-Wdeprecated-declarations]
  257 | NUM_OP(uint64, uint64_t, NUM2ULL, ULL2NUM, SWAPU64);
      | ^
AbstractMemory.c:126:5: note: expanded from macro 'NUM_OP'
  126 |     Data_Get_Struct(self, AbstractMemory, memory); \
      |     ^
/opt/homebrew/Cellar/ruby/4.0.6_1/include/ruby-4.0.0/ruby/internal/core/rdata.h:278:34: note: expanded from macro 'Data_Get_Struct'
  278 |     ((sval) = RBIMPL_CAST((type*)rb_data_object_get(obj)))
      |                                  ^
/opt/homebrew/Cellar/ruby/4.0.6_1/include/ruby-4.0.0/ruby/internal/core/rdata.h:370:31: note: expanded from macro 'rb_data_object_get'
  370 | #define rb_data_object_get    RUBY_MACRO_SELECT(rb_data_object_get_2, RUBY_UNTYPED_DATA_WARNING)
      |                               ^
note: (skipping 1 expansions in backtrace; use -fmacro-backtrace-limit=0 to see all)
/opt/homebrew/Cellar/ruby/4.0.6_1/include/ruby-4.0.0/ruby/internal/core/rdata.h:49:35: note: expanded from macro 'RBIMPL_MACRO_SELECT'
   49 | #define RBIMPL_MACRO_SELECT(x, y) x ## y
      |                                   ^
<scratch space>:25:1: note: expanded from here
   25 | rb_data_object_get_1
      | ^
/opt/homebrew/Cellar/ruby/4.0.6_1/include/ruby-4.0.0/ruby/internal/core/rdata.h:368:31: note: expanded from macro 'rb_data_object_get_1'
  368 | #define rb_data_object_get_1  rb_data_object_get_warning
      |                               ^
/opt/homebrew/Cellar/ruby/4.0.6_1/include/ruby-4.0.0/ruby/internal/core/rdata.h:317:1: note: 'rb_data_object_get_warning' has been explicitly marked deprecated here
  317 | RBIMPL_ATTRSET_UNTYPED_DATA_FUNC()
      | ^
/opt/homebrew/Cellar/ruby/4.0.6_1/include/ruby-4.0.0/ruby/internal/core/rdata.h:47:5: note: expanded from macro 'RBIMPL_ATTRSET_UNTYPED_DATA_FUNC'
   47 |     RBIMPL_ATTR_DEPRECATED(("by TypedData"))
      |     ^
/opt/homebrew/Cellar/ruby/4.0.6_1/include/ruby-4.0.0/ruby/internal/attr/deprecated.h:36:53: note: expanded from macro 'RBIMPL_ATTR_DEPRECATED'
   36 | # define RBIMPL_ATTR_DEPRECATED(msg) __attribute__((__deprecated__ msg))
      |                                                     ^
FunctionInfo.c:132:5: warning: 'rb_data_object_get_warning' is deprecated: by TypedData [-Wdeprecated-declarations]
  132 |     Data_Get_Struct(self, FunctionType, fnInfo);
      |     ^
/opt/homebrew/Cellar/ruby/4.0.6_1/include/ruby-4.0.0/ruby/internal/core/rdata.h:278:34: note: expanded from macro 'Data_Get_Struct'
  278 |     ((sval) = RBIMPL_CAST((type*)rb_data_object_get(obj)))
      |                                  ^
/opt/homebrew/Cellar/ruby/4.0.6_1/include/ruby-4.0.0/ruby/internal/core/rdata.h:370:31: note: expanded from macro 'rb_data_object_get'
  370 | #define rb_data_object_get    RUBY_MACRO_SELECT(rb_data_object_get_2, RUBY_UNTYPED_DATA_WARNING)
      |                               ^
/opt/homebrew/Cellar/ruby/4.0.6_1/include/ruby-4.0.0/ruby/internal/core/rdata.h:50:35: note: expanded from macro 'RUBY_MACRO_SELECT'
   50 | #define RUBY_MACRO_SELECT(x, y)   RBIMPL_MACRO_SELECT(x, y)
      |                                   ^
/opt/homebrew/Cellar/ruby/4.0.6_1/include/ruby-4.0.0/ruby/internal/core/rdata.h:49:35: note: expanded from macro 'RBIMPL_MACRO_SELECT'
   49 | #define RBIMPL_MACRO_SELECT(x, y) x ## y
      |                                   ^
<scratch space>:100:1: note: expanded from here
  100 | rb_data_object_get_1
      | ^
/opt/homebrew/Cellar/ruby/4.0.6_1/include/ruby-4.0.0/ruby/internal/core/rdata.h:368:31: note: expanded from macro 'rb_data_object_get_1'
  368 | #define rb_data_object_get_1  rb_data_object_get_warning
      |                               ^
/opt/homebrew/Cellar/ruby/4.0.6_1/include/ruby-4.0.0/ruby/internal/core/rdata.h:317:1: note: 'rb_data_object_get_warning' has been explicitly marked deprecated here
  317 | RBIMPL_ATTRSET_UNTYPED_DATA_FUNC()
      | ^
/opt/homebrew/Cellar/ruby/4.0.6_1/include/ruby-4.0.0/ruby/internal/core/rdata.h:47:5: note: AbstractMemory.cexpanded from macro 'RBIMPL_ATTRSET_UNTYPED_DATA_FUNC':
258:1: warning:    47 |     RBIMPL_ATTR_DEPRECATED(("by TypedData"'rb_data_object_get_warning' is deprecated: by TypedData [-Wdeprecated-declarations]))
      |     ^
/opt/homebrew/Cellar/ruby/4.0.6_1/include/ruby-4.0.0/ruby/internal/attr/deprecated.h
:36:53: note: expanded from macro 'RBIMPL_ATTR_DEPRECATED'
   36 | # define RBIMPL_ATTR_DEPRECATED(msg) __attribute__((__deprecated__ msg))
      |                                                     ^
  258 | NUM_OP(long, long, NUM2LONG, LONG2NUM, SWAPSLONG);
      | ^
AbstractMemory.c:90:5: note: expanded from macro 'NUM_OP'
   90 |     Data_Get_Struct(self, AbstractMemory, memory); \
      |     ^
/opt/homebrew/Cellar/ruby/4.0.6_1/include/ruby-4.0.0/ruby/internal/core/rdata.h:278:34: note: expanded from macro 'Data_Get_Struct'
  278 |     ((sval) = RBIMPL_CAST((type*)rb_data_object_get(obj)))
      |                                  ^
/opt/homebrew/Cellar/ruby/4.0.6_1/include/ruby-4.0.0/ruby/internal/core/rdata.h:370:31: note: expanded from macro 'rb_data_object_get'
  370 | #define rb_data_object_get    RUBY_MACRO_SELECT(rb_data_object_get_2, RUBY_UNTYPED_DATA_WARNING)
      |                               ^
note: (skipping 1 expansions in backtrace; use -fmacro-backtrace-limit=0 to see all)
/opt/homebrew/Cellar/ruby/4.0.6_1/include/ruby-4.0.0/ruby/internal/core/rdata.h:49:35: note: expanded from macro 'RBIMPL_MACRO_SELECT'
   49 | #define RBIMPL_MACRO_SELECT(x, y) x ## y
      |                                   ^
<scratch space>FunctionInfo.c::161:9: warning: 'rb_data_object_get_warning' is deprecated: by TypedData [-Wdeprecated-declarations]
  161 |         Data_Get_Struc44t(type, Type, fnInfo->:p1a:r anote: mexpanded from heree
terTypes[i]);
      |         ^
   44 | rb_data_obje/opt/homebrew/Cellar/ruby/4.0.6_1/include/ruby-4.0.0/ruby/internal/core/rdata.h:278:34: note: expanded from macro 'Data_Get_Struct'
  278ct_get_1
      | ^
 |   /opt/homebrew/Cellar/ruby/4.0.6_1/include/ruby-4.0.0/ruby/internal/core/rdata.h:368:31: note: expanded from macro 'rb_data_object_get_1'
  368  | #define  r(b(_sdvaatl) = RBIMPL_CAaST_(o(btype*)rb_ject_data_goebtj_e1  rbct_g_data_et(oobjb)j)e)c
t      _| g                                 ^e
t_warn/opt/homebrew/Cellar/ruby/4.0.6_1/include/ruby-4.0.0/ruby/internal/core/rdata.hi:n370g:31: note: expanded from macro 'rb_data_object_get'

  370       | | #                              ^d
efine rb_data_obje/opt/homebrew/Cellar/ruby/4.0.6_1/include/ruby-4.0.0/ruby/internal/core/rdata.h:317:1: note: 'rb_data_object_get_warning' has been explicitly marked deprecated herect_get   
 R  U317B | YR_BMIAMCPRLO__SELECATT(TRSET_Urb_datNTYa_objectPED__get_2, RUBY_UNTYPED_DATADATA__FWUANRCN(I)N
G      )| 
      |                               ^
/opt/homebrew/Cellar/ruby/4.0.6_1/include/ruby-4.0.0/ruby/internal/core/rdata.h:50:35: note: expanded from macro 'RUBY_MACRO_SELECT'^

/opt/homebrew/Cellar/ruby/4.0.6_1/include/ruby-4.0.0/ruby/internal/core/rdata.h:47   :505 | :# dnote: eexpanded from macro 'RBIMPL_ATTRSET_UNTYPED_DATA_FUNC'f
ine RUB   47 |   Y_MACRO_SELECT(x, y)   RBIMPL_MACRO_SELECT(x, y)
      |                                   ^
/opt/homebrew/Cellar/ruby/4.0.6_1/include/ruby-4.0.0/ruby/internal/core/rdata.h:49:35  RBIMPL_ATTR_: note: expanded from macro 'RBIMPL_MACRO_SELECT'
   49DEPR | #defiECATED(ne RBIMPL_MACRO_SELECT(x, y) x ## y
      |                                   ^
<scratch space>:101:1: note: (expanded from here
  101 | rb_data_object_get_1
      | ^
/opt/homebrew/Cellar/ruby/4.0.6_1/include/ruby-4.0.0/ruby/internal/core/rdata.h:368:31: note: expanded from macro 'rb_data_object_get_1'
  368 | #define rb_data_objec"byt _get_1  rb_data_object_get_warning
      |                               ^
/opt/homebrew/Cellar/ruby/4.0.6_1/include/ruby-4.0.0/ruby/internal/core/rdata.h:317:1: note: 'rb_data_object_get_warning' has been explicitly marked deprecated here
  317 | RBIMPL_ATTRSET_UNTYPED_DATA_FUNC()
      | ^
/opt/homebrew/Cellar/ruby/4.0.6_1/include/ruby-4.0.0/ruby/internal/core/rdata.h:47:5: note: expanded from macro 'RBIMPL_ATTRSET_UNTYPED_DATA_FUNC'
   47 |     RBIMPL_ATTR_DEPRECATED(("by TypedData"))
      |     ^
/opt/homebrew/Cellar/ruby/4.0.6_1/include/ruby-4.0.0/ruby/internal/attr/deprecated.h:36:53: note: expanded from macro 'RBIMPL_ATTR_DEPRECATED'
   36 | #T ydpeefdiDnaet aR"B)I)M
P      L| _    ^A
TTR_DEPRECATED(msg) __attribute__((__deprecated__ msg))
      |                                                     ^
/opt/homebrew/Cellar/ruby/4.0.6_1/include/ruby-4.0.0/ruby/internal/attr/deprecated.h:36:53: note: expanded from macro 'RBIMPL_ATTR_DEPRECATED'
   36 | # define RBIMPL_ATTR_DEPRECAFunctionInfo.c:176:5: warning: 'rb_data_object_get_warning' is deprecated: by TypedData [-Wdeprecated-declarations]
  176 |     Data_Get_Struct(fnInfo->rbReturnType, Type, fnInfo-TED(m>resg) _t_autrtnrTiybpuete__((__de)precated_;_ 
m      s| g    ^
/opt/homebrew/Cellar/ruby/4.0.6_1/include/ruby-4.0.0/ruby/internal/core/rdata.h:278:34: note: expanded from macro 'Data_Get_Struct'
  ))
      |                                                     ^
278 |     ((sval) = RBIMPL_CAST((type*)rb_data_object_get(obj)))
      |                                  ^
/opt/homebrew/Cellar/ruby/4.0.6_1/include/ruby-4.0.0/ruby/internal/core/rdata.h:370:31: note: expanded from macro 'rb_data_object_get'
  370 | #define rb_data_object_get    RUBY_MACRO_SELECT(rb_data_object_get_2, RUBY_UNTYPED_DATA_WARNING)
      |                               ^
/opt/homebrew/Cellar/ruby/4.0.6_1/include/ruby-4.0.0/ruby/internal/core/rdata.h:50:35: note: expanded from macro 'RUBY_MACRO_SELECT'
   50 | #define RUBY_MACRO_SELECT(x, y)   RBIMPL_MACRO_SELECT(x, y)
      |                                   ^
/opt/homebrew/Cellar/ruby/4.0.6_1/include/ruby-4.0.0/ruby/internal/core/rdata.h:49:35: note: expanded from macro 'RBIMPL_MACRO_SELECT'
   49 | #define RAbstractMemory.cBIMPL:258:1_MACRO_SELECT: warning: 'rb_data_object_get_warning' is deprecated: by TypedData [-Wdeprecated-declarations]
(x, y) x   258 | NUM## y
      |                                   ^
_OP(long,<scratch space> :l102o:n1g:,  note: Nexpanded from here
U  102M | 2rLbO_Ndata_object_get_1
      | ^
/opt/homebrew/Cellar/ruby/4.0.6_1/include/ruby-4.0.0/ruby/internal/core/rdata.h:368:31G, LONG2NUM, : note: expanded from macro 'rb_data_object_get_1'
SWAPSLONG);
        | 368 | #define ^r
bAbstractMemory.c_data_object_get_1  rb_data_object_get_warning
      | :                              ^
99:5: /opt/homebrew/Cellar/ruby/4.0.6_1/include/ruby-4.0.0/ruby/internal/core/rdata.h:317:1:note:  note: expanded from macro 'NUM_OP''rb_data_object_get_warning' has been explicitly marked deprecated here

  317 | RBIMPL_ATTRSET_UNT   Y99 |    PED_DATA_FUN DataC_G(e)t
_      S| t^r
uct(s/opt/homebrew/Cellar/ruby/4.0.6_1/include/ruby-4.0.0/ruby/internal/core/rdata.h:47:5: note: expanded from macro 'RBIMPL_ATTRSET_UNTYPED_DATA_FUNC'
   47 |   elf,  Abs tRrBaIcMtPMLe_mAory, memoTrTR_DEPREyCA)T;E D(("by TypedD\ata"
      |     ^
))
      |     ^
/opt/homebrew/Cellar/ruby/4.0.6_1/include/ruby-4.0.0/ruby/internal/attr/deprecated.h:36:53: note: expanded from macro 'RBIMPL_ATTR_DEPRECATED'
   36/opt/homebrew/Cellar/ruby/4.0.6_1/include/ruby-4.0.0/ruby/internal/core/rdata.h:278:34:  | # define RBIMPL_Anote: expanded from macro 'Data_Get_Struct'
TTR_DEPRECATED(msg) __attr  278 |  i  b u(t(es_val) = _((__dRBIMeprePL_CcatAST(e(tdy_p_e *m)srgb)_)data_ob
      |                                                     ^
ject_get(obj)))
      |                                  ^
/opt/homebrew/Cellar/ruby/4.0.6_1/include/ruby-4.0.0/ruby/internal/core/rdata.h:370:31: note: expanded from macro 'rb_data_object_get'
  370 | #define rb_data_object_get    RUBY_MACRO_SELECT(rb_data_object_get_2, RUBY_UNTYPED_DATA_WARNING)
      |                               ^
note: (skipping 1 expansions in backtrace; use -fmacro-backtrace-limit=0 to see all)
/opt/homebrew/Cellar/ruby/4.0.6_1/include/ruby-4.0.0/ruby/internal/core/rdata.h:49:35: note: expanded from macro 'RBIMPL_MACRO_SELECT'
   49 | #define RBIMPL_MACRO_SELECT(x, y) x ## y
      |                                   ^
<scratch space>:48:1: note: expanded from here
   48 | rb_data_object_get_1
      | ^
/opt/homebrew/Cellar/ruby/4.0.6_1/include/ruby-4.0.0/ruby/internal/core/rdata.h:368:31: note: expanded from macro 'rb_data_object_get_1'
  368 | #define rb_data_object_get_1  rb_data_object_get_warning
      |                               ^
/opt/homebrew/Cellar/ruby/4.0.6_1/include/ruby-4.0.0/ruby/internal/core/rdata.h:317:1: note: 'rb_data_object_get_warning' has been explicitly marked deprecated here
  317 | RBIMPL_ATTRSET_UNTYPED_DATA_FUNC()
      | ^
/opt/homebrew/Cellar/ruby/4.0.6_1/include/ruby-4.0.0/ruby/internal/core/rdata.h:47:5: note: expanded from macro 'RBIMPL_ATTRSET_UNTYPED_DATA_FUNC'
   47 |     RBIMPL_ATTR_DEPRECATED(("by TypedData"))
      |     ^
/opt/homebrew/Cellar/ruby/4.0.6_1/include/ruby-4.0.0/ruby/internal/attr/deprecated.h:36:53: note: expanded from macro 'RBIMPL_ATTR_DEPRECATED'
   36 | # define RBIMPL_ATTR_DEPRECATED(msg) __attribute__((__deprecated__ msg))
      |                                                     ^
FunctionInfo.c:215:5: warning: 'rb_data_object_get_warning' is deprecated: by TypedData [-Wdeprecated-declarations]
  215 |     Data_Get_Struct(self, FunctionType, ft);
      |     ^
/opt/homebrew/Cellar/ruby/4.0.6_1/include/ruby-4.0.0/ruby/internal/core/rdata.h:278:34: note: expanded from macro 'Data_Get_Struct'
  278 |     ((sval) = RBIMPL_CAST((type*)rb_data_object_get(obj)))
      |                                  ^
/opt/homebrew/Cellar/ruby/4.0.6_1/include/ruby-4.0.0/ruby/internal/core/rdata.h:370:31: note: expanded from macro 'rb_data_object_get'
  370 | #define rb_data_object_get    RUBY_MACRO_SELECT(rb_data_object_get_2, RUBY_UNTYPED_DATA_WARNING)
      |                               ^
/opt/homebrew/Cellar/ruby/4.0.6_1/include/ruby-4.0.0/ruby/internal/core/rdata.h:50:35: note: expanded from macro 'RUBY_MACRO_SELECT'
   50 | #define RUBY_MACRO_SELECT(x, y)   RBIMPL_MAbstractMemory.cA:C258R:O1_:SELECT(x, y)
      |                                   ^
/opt/homebrew/Cellar/ruby/4.0.6_1/include/ruby-4.0.0/ruby/internal/core/rdata.h:49:35: note: expanded from macro 'RBIMPL_MACRO_SELECT'
   49 | #define RBIMPL_MACRO_SELEC T(x, y) x ## y
      |                                   ^
<scratch space>:103:1: note: expanded from here
  103 | rb_data_object_get_1
      | ^
/opt/homebrew/Cellar/ruby/4.0.6_1/include/ruby-4.0.0/ruby/internal/core/rdata.h:368:31: note: expanded from macro 'rb_data_object_get_1'
  368 | #define rb_data_object_get_1  rb_data_object_get_warning
      |                               ^
/opt/homebrew/Cellar/ruby/4.0.6_1/include/ruby-4.0.0/ruby/internal/core/rdata.h:317:1: note: 'rb_data_object_get_warning' has been explicitly marked deprecated here
  317 | RBIMPL_ATTRSET_UNTYPED_DATA_FUNC()
      | ^
/opt/homebrew/Cellar/ruby/4.0.6_1/include/ruby-4.0.0/ruby/internal/core/rdata.h:47:5: note: expanded from macro 'RBIMPL_ATTRSET_UNTYPED_DATA_FUNC'
   47 |     RBIMPL_ATTR_DEPRECATED(("by TypedData"))
      |     ^
/opt/homebrew/Cellar/ruby/4.0.6_1/include/ruby-4.0.0/ruby/internal/attr/deprecated.h:36:53: note: expanded from macro 'RBIMPL_ATTR_DEPRECATED'
   36 | # define RBIMPL_ATTR_DEPRECATED(msg) __attribute__((__deprecated__ msg))
      |                                                     ^
FunctionInfo.c:230:5: warning: 'rb_data_object_get_warning' is deprecated: by TypedData [-Wdeprecated-declarations]
  230 |     Data_Get_Struct(self, FunctionType, ft);
      |     ^
/opt/homebrew/Cellar/ruby/4.0.6_1/include/ruby-4.0.0/ruby/internal/core/rdata.h:278:34: note: expanded from macro 'Data_Get_Struct'
  278 |     ((sval) = RBIMPL_CAST((type*)rb_data_object_get(obj)))
      |                                  ^
/opt/homebrew/Cellar/ruby/4.0.6_1/include/ruby-4.0.0/ruby/internal/core/rdata.h:370:31: note: expanded from macro 'rb_data_object_get'
  370 | #define rb_data_object_get    RUBY_MACRO_SELECT(rb_data_object_get_2, RUBY_UNTYPED_DATA_WARNING)
      |                               ^
/opt/homebrew/Cellar/ruby/4.0.6_1/include/ruby-4.0.0/ruby/internal/core/rdata.h:50:35: note: expanded from macro 'RUBY_MACRO_SELECT'
   50 | #define RUBY_MACRO_SELECT(x, y)   RBIMPL_MACRO_SELECT(x, y)
      |                                   ^
/opt/homebrew/Cellar/ruby/4.0.6_1/include/ruby-4.0.0/ruby/internal/core/rdata.h:49:35: note: expanded from macro 'RBIMPL_MACRO_SELECT'
   49 | #define RBIMPL_MACRO_SELECT(x, y) x ## y
      |                                   ^
<scratch space>:104:1: note: expanded from here
  104 | rb_data_object_get_1
      | ^
/opt/homebrew/Cellar/ruby/4.0.6_1/include/ruby-4.0.0/ruby/internal/core/rdata.h:368:31: note: expanded from macro 'rb_data_object_get_1'
  368 | #define rb_data_object_get_1  rb_data_object_get_warning
      |                               ^
/opt/homebrew/Cellar/ruby/4.0.6_1/include/ruby-4.0.0/ruby/internal/core/rdata.h:317:1: note: 'rb_data_object_get_warning' has been explicitly marked deprecated here
  317 | RBIMPL_ATTRSET_UNTYPED_DATA_FUNC()
      | ^
/opt/homebrew/Cellar/ruby/4.0.6_1/include/ruby-4.0.0/ruby/internal/core/rdata.h:47:5: note: expanded from macro 'RBIMPL_ATTRSET_UNTYPED_DATA_FUNC'
   47 |     RBIMPL_ATTR_DEPRECATED(("by TypedData"))
      |     ^
/opt/homebrew/Cellar/ruby/4.0.6_1/include/ruby-4.0.0/ruby/internal/attr/deprecated.h:36:53: note: expanded from macro 'RBIMPL_ATTR_DEPRECATED'
   36 | # define RBIMPL_ATTR_DEPRECATED(msg) __attribute__((__deprecated__ msg))
      |                                                     ^
warning: 'rb_data_object_get_warning' is deprecated: by TypedData [-Wdeprecated-declarations]
  258 | NUM_OP(long, long, NUM2LONG, LONG2NUM, SWAPSLONG);
      | ^
AbstractMemory.c:118:5: note: expanded from macro 'NUM_OP'
  118 |     Data_Get_Struct(self, AbstractMemory, memory); \
      |     ^
/opt/homebrew/Cellar/ruby/4.0.6_1/include/ruby-4.0.0/ruby/internal/core/rdata.h:278:34: note: expanded from macro 'Data_Get_Struct'
  278 |     ((sval) = RBIMPL_CAST((type*)rb_data_object_get(obj)))
      |                                  ^
/opt/homebrew/Cellar/ruby/4.0.6_1/include/ruby-4.0.0/ruby/internal/core/rdata.h:370:31: note: expanded from macro 'rb_data_object_get'
  370 | #define rb_data_object_get    RUBY_MACRO_SELECT(rb_data_object_get_2, RUBY_UNTYPED_DATA_WARNING)
      |                               ^
note: (skipping 1 expansions in backtrace; use -fmacro-backtrace-limit=0 to see all)
/opt/homebrew/Cellar/ruby/4.0.6_1/include/ruby-4.0.0/ruby/internal/core/rdata.h:49:35: note: expanded from macro 'RBIMPL_MACRO_SELECT'
   49 | #define RBIMPL_MACRO_SELECT(x, y) x ## y
      |                                   ^
<scratch space>:54:1: note: expanded from here
   54 | rb_data_object_get_1
      | ^
/opt/homebrew/Cellar/ruby/4.0.6_1/include/ruby-4.0.0/ruby/internal/core/rdata.h:368:31: note: expanded from macro 'rb_data_object_get_1'
  368 | #define rb_data_object_get_1  rb_data_object_get_warning
      |                               ^
/opt/homebrew/Cellar/ruby/4.0.6_1/include/ruby-4.0.0/ruby/internal/core/rdata.h:317:1: note: 'rb_data_object_get_warning' has been explicitly marked deprecated here
  317 | RBIMPL_ATTRSET_UNTYPED_DATA_FUNC()
      | ^
/opt/homebrew/Cellar/ruby/4.0.6_1/include/ruby-4.0.0/ruby/internal/core/rdata.h:47:5: note: expanded from macro 'RBIMPL_ATTRSET_UNTYPED_DATA_FUNC'
   47 |     RBIMPL_ATTR_DEPRECATED(("by TypedData"))
      |     ^
/opt/homebrew/Cellar/ruby/4.0.6_1/include/ruby-4.0.0/ruby/internal/attr/deprecated.h:36:53: note: expanded from macro 'RBIMPL_ATTR_DEPRECATED'
   36 | # define RBIMPL_ATTR_DEPRECATED(msg) __attribute__((__deprecated__ msg))
      |                                                     ^
AbstractMemory.c:258:1: warning: 'rb_data_object_get_warning' is deprecated: by TypedData [-Wdeprecated-declarations]
  258 | NUM_OP(long, long, NUM2LONG, LONG2NUM, SWAPSLONG);
      | ^
AbstractMemory.c:126:5: note: expanded from macro 'NUM_OP'
  126 |     Data_Get_Struct(self, AbstractMemory, memory); \
      |     ^
/opt/homebrew/Cellar/ruby/4.0.6_1/include/ruby-4.0.0/ruby/internal/core/rdata.h:278:34: note: expanded from macro 'Data_Get_Struct'
  278 |     ((sval) = RBIMPL_CAST((type*)rb_data_object_get(obj)))
      |                                  ^
/opt/homebrew/Cellar/ruby/4.0.6_1/include/ruby-4.0.0/ruby/internal/core/rdata.h:370:31: note: expanded from macro 'rb_data_object_get'
  370 | #define rb_data_object_get    RUBY_MACRO_SELECT(rb_data_object_get_2, RUBY_UNTYPED_DATA_WARNING)
      |                               ^
note: (skipping 1 expansions in backtrace; use -fmacro-backtrace-limit=0 to see all)
/opt/homebrew/Cellar/ruby/4.0.6_1/include/ruby-4.0.0/ruby/internal/core/rdata.h:49:35: note: expanded from macro 'RBIMPL_MACRO_SELECT'
   49 | #define RBIMPL_MACRO_SELECT(x, y) x ## y
      |                                   ^
<scratch space>:58:1: note: expanded from here
   58 | rb_data_object_get_1
      | ^
/opt/homebrew/Cellar/ruby/4.0.6_1/include/ruby-4.0.0/ruby/internal/core/rdata.h:368:31: note: expanded from macro 'rb_data_object_get_1'
  368 | #define rb_data_object_get_1  rb_data_object_get_warning
      |                               ^
/opt/homebrew/Cellar/ruby/4.0.6_1/include/ruby-4.0.0/ruby/internal/core/rdata.h:317:1: note: 'rb_data_object_get_warning' has been explicitly marked deprecated here
  317 | RBIMPL_ATTRSET_UNTYPED_DATA_FUNC()
      | ^
/opt/homebrew/Cellar/ruby/4.0.6_1/include/ruby-4.0.0/ruby/internal/core/rdata.h:47:5: note: expanded from macro 'RBIMPL_ATTRSET_UNTYPED_DATA_FUNC'
   47 |     RBIMPL_ATTR_DEPRECATED(("by TypedData"))
      |     ^
/opt/homebrew/Cellar/ruby/4.0.6_1/include/ruby-4.0.0/ruby/internal/attr/deprecated.h:36:53: note: expanded from macro 'RBIMPL_ATTR_DEPRECATED'
   36 | # define RBIMPL_ATTR_DEPRECATED(msg) __attribute__((__deprecated__ msg))
      |                                                     ^
AbstractMemory.c:259:1: warning: 'rb_data_object_get_warning' is deprecated: by TypedData [-Wdeprecated-declarations]
  259 | NUM_OP(ulong, unsigned long, NUM2ULONG, ULONG2NUM, SWAPULONG);
      | ^
AbstractMemory.c:90:5: note: expanded from macro 'NUM_OP'
   90 |     Data_Get_Struct(self, AbstractMemory, memory); \
      |     ^
/opt/homebrew/Cellar/ruby/4.0.6_1/include/ruby-4.0.0/ruby/internal/core/rdata.h:278:34: note: expanded from macro 'Data_Get_Struct'
  278 |     ((sval) = RBIMPL_CAST((type*)rb_data_object_get(obj)))
      |                                  ^
/opt/homebrew/Cellar/ruby/4.0.6_1/include/ruby-4.0.0/ruby/internal/core/rdata.h:370:31: note: expanded from macro 'rb_data_object_get'
  370 | #define rb_data_object_get    RUBY_MACRO_SELECT(rb_data_object_get_2, RUBY_UNTYPED_DATA_WARNING)
      |                               ^
note: (skipping 1 expansions in backtrace; use -fmacro-backtrace-limit=0 to see all)
/opt/homebrew/Cellar/ruby/4.0.6_1/include/ruby-4.0.0/ruby/internal/core/rdata.h:49:35: note: expanded from macro 'RBIMPL_MACRO_SELECT'
   49 | #define RBIMPL_MACRO_SELECT(x, y) x ## y
      |                                   ^
<scratch space>:77:1: note: expanded from here
   77 | rb_data_object_get_1
      | ^
/opt/homebrew/Cellar/ruby/4.0.6_1/include/ruby-4.0.0/ruby/internal/core/rdata.h:368:31: note: expanded from macro 'rb_data_object_get_1'
  368 | #define rb_data_object_get_1  rb_data_object_get_warning
      |                               ^
/opt/homebrew/Cellar/ruby/4.0.6_1/include/ruby-4.0.0/ruby/internal/core/rdata.h:317:1: note: 'rb_data_object_get_warning' has been explicitly marked deprecated here
  317 | RBIMPL_ATTRSET_UNTYPED_DATA_FUNC()
      | ^
/opt/homebrew/Cellar/ruby/4.0.6_1/include/ruby-4.0.0/ruby/internal/core/rdata.h:47:5: note: expanded from macro 'RBIMPL_ATTRSET_UNTYPED_DATA_FUNC'
   47 |     RBIMPL_ATTR_DEPRECATED(("by TypedData"))
      |     ^
/opt/homebrew/Cellar/ruby/4.0.6_1/include/ruby-4.0.0/ruby/internal/attr/deprecated.h:36:53: note: expanded from macro 'RBIMPL_ATTR_DEPRECATED'
   36 | # define RBIMPL_ATTR_DEPRECATED(msg) __attribute__((__deprecated__ msg))
      |                                                     ^
AbstractMemory.c:259:1: warning: 'rb_data_object_get_warning' is deprecated: by TypedData [-Wdeprecated-declarations]
  259 | NUM_OP(ulong, unsigned long, NUM2ULONG, ULONG2NUM, SWAPULONG);
      | ^
AbstractMemory.c:99:5: note: expanded from macro 'NUM_OP'
   99 |     Data_Get_Struct(self, AbstractMemory, memory); \
      |     ^
/opt/homebrew/Cellar/ruby/4.0.6_1/include/ruby-4.0.0/ruby/internal/core/rdata.h:278:34: note: expanded from macro 'Data_Get_Struct'
  278 |     ((sval) = RBIMPL_CAST((type*)rb_data_object_get(obj)))
      |                                  ^
/opt/homebrew/Cellar/ruby/4.0.6_1/include/ruby-4.0.0/ruby/internal/core/rdata.h:370:31: note: expanded from macro 'rb_data_object_get'
  370 | #define rb_data_object_get    RUBY_MACRO_SELECT(rb_data_object_get_2, RUBY_UNTYPED_DATA_WARNING)
      |                               ^
note: (skipping 1 expansions in backtrace; use -fmacro-backtrace-limit=0 to see all)
/opt/homebrew/Cellar/ruby/4.0.6_1/include/ruby-4.0.0/ruby/internal/core/rdata.h:49:35: note: expanded from macro 'RBIMPL_MACRO_SELECT'
   49 | #define RBIMPL_MACRO_SELECT(x, y) x ## y
      |                                   ^
<scratch space>:81:1: note: expanded from here
   81 | rb_data_object_get_1
      | ^
/opt/homebrew/Cellar/ruby/4.0.6_1/include/ruby-4.0.0/ruby/internal/core/rdata.h:368:31: note: expanded from macro 'rb_data_object_get_1'
  368 | #define rb_data_object_get_1  rb_data_object_get_warning
      |                               ^
/opt/homebrew/Cellar/ruby/4.0.6_1/include/ruby-4.0.0/ruby/internal/core/rdata.h:317:1: note: 'rb_data_object_get_warning' has been explicitly marked deprecated here
  317 | RBIMPL_ATTRSET_UNTYPED_DATA_FUNC()
      | ^
/opt/homebrew/Cellar/ruby/4.0.6_1/include/ruby-4.0.0/ruby/internal/core/rdata.h:47:5: note: expanded from macro 'RBIMPL_ATTRSET_UNTYPED_DATA_FUNC'
   47 |     RBIMPL_ATTR_DEPRECATED(("by TypedData"))
      |     ^
/opt/homebrew/Cellar/ruby/4.0.6_1/include/ruby-4.0.0/ruby/internal/attr/deprecated.h:36:53: note: expanded from macro 'RBIMPL_ATTR_DEPRECATED'
   36 | # define RBIMPL_ATTR_DEPRECATED(msg) __attribute__((__deprecated__ msg))
      |                                                     ^
AbstractMemory.c:259:1: warning: 'rb_data_object_get_warning' is deprecated: by TypedData [-Wdeprecated-declarations]
  259 | NUM_OP(ulong, unsigned long, NUM2ULONG, ULONG2NUM, SWAPULONG);
      | ^
AbstractMemory.c:118:5: note: expanded from macro 'NUM_OP'
  118 |     Data_Get_Struct(self, AbstractMemory, memory); \
      |     ^
/opt/homebrew/Cellar/ruby/4.0.6_1/include/ruby-4.0.0/ruby/internal/core/rdata.h:278:34: note: expanded from macro 'Data_Get_Struct'
  278 |     ((sval) = RBIMPL_CAST((type*)rb_data_object_get(obj)))
      |                                  ^
/opt/homebrew/Cellar/ruby/4.0.6_1/include/ruby-4.0.0/ruby/internal/core/rdata.h:370:31: note: expanded from macro 'rb_data_object_get'
  370 | #define rb_data_object_get    RUBY_MACRO_SELECT(rb_data_object_get_2, RUBY_UNTYPED_DATA_WARNING)
      |                               ^
note: (skipping 1 expansions in backtrace; use -fmacro-backtrace-limit=0 to see all)
/opt/homebrew/Cellar/ruby/4.0.6_1/include/ruby-4.0.0/ruby/internal/core/rdata.h:49:35: note: expanded from macro 'RBIMPL_MACRO_SELECT'
   49 | #define RBIMPL_MACRO_SELECT(x, y) x ## y
      |                                   ^
<scratch space>:87:1: note: expanded from here
   87 | rb_data_object_get_1
      | ^
/opt/homebrew/Cellar/ruby/4.0.6_1/include/ruby-4.0.0/ruby/internal/core/rdata.h:368:31: note: expanded from macro 'rb_data_object_get_1'
  368 | #define rb_data_object_get_1  rb_data_object_get_warning
      |                               ^
/opt/homebrew/Cellar/ruby/4.0.6_1/include/ruby-4.0.0/ruby/internal/core/rdata.h:317:1: note: 'rb_data_object_get_warning' has been explicitly marked deprecated here
  317 | RBIMPL_ATTRSET_UNTYPED_DATA_FUNC()
      | ^
/opt/homebrew/Cellar/ruby/4.0.6_1/include/ruby-4.0.0/ruby/internal/core/rdata.h:47:5: note: expanded from macro 'RBIMPL_ATTRSET_UNTYPED_DATA_FUNC'
   47 |     RBIMPL_ATTR_DEPRECATED(("by TypedData"))
      |     ^
/opt/homebrew/Cellar/ruby/4.0.6_1/include/ruby-4.0.0/ruby/internal/attr/deprecated.h:36:53: note: expanded from macro 'RBIMPL_ATTR_DEPRECATED'
   36 | # define RBIMPL_ATTR_DEPRECATED(msg) __attribute__((__deprecated__ msg))
      |                                                     ^
AbstractMemory.c:259:1: warning: 'rb_data_object_get_warning' is deprecated: by TypedData [-Wdeprecated-declarations]
  259 | NUM_OP(ulong, unsigned long, NUM2ULONG, ULONG2NUM, SWAPULONG);
      | ^
AbstractMemory.c:126:5: note: expanded from macro 'NUM_OP'
  126 |     Data_Get_Struct(self, AbstractMemory, memory); \
      |     ^
/opt/homebrew/Cellar/ruby/4.0.6_1/include/ruby-4.0.0/ruby/internal/core/rdata.h:278:34: note: expanded from macro 'Data_Get_Struct'
  278 |     ((sval) = RBIMPL_CAST((type*)rb_data_object_get(obj)))
      |                                  ^
/opt/homebrew/Cellar/ruby/4.0.6_1/include/ruby-4.0.0/ruby/internal/core/rdata.h:370:31: note: expanded from macro 'rb_data_object_get'
  370 | #define rb_data_object_get    RUBY_MACRO_SELECT(rb_data_object_get_2, RUBY_UNTYPED_DATA_WARNING)
      |                               ^
note: (skipping 1 expansions in backtrace; use -fmacro-backtrace-limit=0 to see all)
/opt/homebrew/Cellar/ruby/4.0.6_1/include/ruby-4.0.0/ruby/internal/core/rdata.h:49:35: note: expanded from macro 'RBIMPL_MACRO_SELECT'
   49 | #define RBIMPL_MACRO_SELECT(x, y) x ## y
      |                                   ^
<scratch space>:91:1: note: expanded from here
   91 | rb_data_object_get_1
      | ^
/opt/homebrew/Cellar/ruby/4.0.6_1/include/ruby-4.0.0/ruby/internal/core/rdata.h:368:31: note: expanded from macro 'rb_data_object_get_1'
  368 | #define rb_data_object_get_1  rb_data_object_get_warning
      |                               ^
/opt/homebrew/Cellar/ruby/4.0.6_1/include/ruby-4.0.0/ruby/internal/core/rdata.h:317:1: note: 'rb_data_object_get_warning' has been explicitly marked deprecated here
  317 | RBIMPL_ATTRSET_UNTYPED_DATA_FUNC()
      | ^
/opt/homebrew/Cellar/ruby/4.0.6_1/include/ruby-4.0.0/ruby/internal/core/rdata.h:47:5: note: expanded from macro 'RBIMPL_ATTRSET_UNTYPED_DATA_FUNC'
   47 |     RBIMPL_ATTR_DEPRECATED(("by TypedData"))
      |     ^
/opt/homebrew/Cellar/ruby/4.0.6_1/include/ruby-4.0.0/ruby/internal/attr/deprecated.h:36:53: note: expanded from macro 'RBIMPL_ATTR_DEPRECATED'
   36 | # define RBIMPL_ATTR_DEPRECATED(msg) __attribute__((__deprecated__ msg))
      |                                                     ^
AbstractMemory.c:260:1: warning: 'rb_data_object_get_warning' is deprecated: by TypedData [-Wdeprecated-declarations]
  260 | NUM_OP(float32, float, NUM2DBL, rb_float_new, NOSWAP);
      | ^
AbstractMemory.c:90:5: note: expanded from macro 'NUM_OP'
   90 |     Data_Get_Struct(self, AbstractMemory, memory); \
      |     ^
/opt/homebrew/Cellar/ruby/4.0.6_1/include/ruby-4.0.0/ruby/internal/core/rdata.h:278:34: note: expanded from macro 'Data_Get_Struct'
  278 |     ((sval) = RBIMPL_CAST((type*)rb_data_object_get(obj)))
      |                                  ^
/opt/homebrew/Cellar/ruby/4.0.6_1/include/ruby-4.0.0/ruby/internal/core/rdata.h:370:31: note: expanded from macro 'rb_data_object_get'
  370 | #define rb_data_object_get    RUBY_MACRO_SELECT(rb_data_object_get_2, RUBY_UNTYPED_DATA_WARNING)
      |                               ^
note: (skipping 1 expansions in backtrace; use -fmacro-backtrace-limit=0 to see all)
/opt/homebrew/Cellar/ruby/4.0.6_1/include/ruby-4.0.0/ruby/internal/core/rdata.h:49:35: note: expanded from macro 'RBIMPL_MACRO_SELECT'
   49 | #define RBIMPL_MACRO_SELECT(x, y) x ## y
      |                                   ^
<scratch space>:110:1: note: expanded from here
  110 | rb_data_object_get_1
      | ^
/opt/homebrew/Cellar/ruby/4.0.6_1/include/ruby-4.0.0/ruby/internal/core/rdata.h:368:31: note: expanded from macro 'rb_data_object_get_1'
  368 | #define rb_data_object_get_1  rb_data_object_get_warning
      |                               ^
/opt/homebrew/Cellar/ruby/4.0.6_1/include/ruby-4.0.0/ruby/internal/core/rdata.h:317:1: note: 'rb_data_object_get_warning' has been explicitly marked deprecated here
  317 | RBIMPL_ATTRSET_UNTYPED_DATA_FUNC()
      | ^
/opt/homebrew/Cellar/ruby/4.0.6_1/include/ruby-4.0.0/ruby/internal/core/rdata.h:47:5: note: expanded from macro 'RBIMPL_ATTRSET_UNTYPED_DATA_FUNC'
   47 |     RBIMPL_ATTR_DEPRECATED(("by TypedData"))
      |     ^
/opt/homebrew/Cellar/ruby/4.0.6_1/include/ruby-4.0.0/ruby/internal/attr/deprecated.h:36:53: note: expanded from macro 'RBIMPL_ATTR_DEPRECATED'
   36 | # define RBIMPL_ATTR_DEPRECATED(msg) __attribute__((__deprecated__ msg))
      |                                                     ^
AbstractMemory.c:260:1: warning: 'rb_data_object_get_warning' is deprecated: by TypedData [-Wdeprecated-declarations]
  260 | NUM_OP(float32, float, NUM2DBL, rb_float_new, NOSWAP);
      | ^
AbstractMemory.c:99:5: note: expanded from macro 'NUM_OP'
   99 |     Data_Get_Struct(self, AbstractMemory, memory); \
      |     ^
/opt/homebrew/Cellar/ruby/4.0.6_1/include/ruby-4.0.0/ruby/internal/core/rdata.h:278:34: note: expanded from macro 'Data_Get_Struct'
  278 |     ((sval) = RBIMPL_CAST((type*)rb_data_object_get(obj)))
      |                                  ^
/opt/homebrew/Cellar/ruby/4.0.6_1/include/ruby-4.0.0/ruby/internal/core/rdata.h:370:31: note: expanded from macro 'rb_data_object_get'
  370 | #define rb_data_object_get    RUBY_MACRO_SELECT(rb_data_object_get_2, RUBY_UNTYPED_DATA_WARNING)
      |                               ^
note: (skipping 1 expansions in backtrace; use -fmacro-backtrace-limit=0 to see all)
/opt/homebrew/Cellar/ruby/4.0.6_1/include/ruby-4.0.0/ruby/internal/core/rdata.h:49:35: note: expanded from macro 'RBIMPL_MACRO_SELECT'
   49 | #define RBIMPL_MACRO_SELECT(x, y) x ## y
      |                                   ^
<scratch space>:114:1: note: expanded from here
  114 | rb_data_object_get_1
      | ^
/opt/homebrew/Cellar/ruby/4.0.6_1/include/ruby-4.0.0/ruby/internal/core/rdata.h:368:31: note: expanded from macro 'rb_data_object_get_1'
  368 | #define rb_data_object_get_1  rb_data_object_get_warning
      |                               ^
/opt/homebrew/Cellar/ruby/4.0.6_1/include/ruby-4.0.0/ruby/internal/core/rdata.h:317:1: note: 'rb_data_object_get_warning' has been explicitly marked deprecated here
  317 | RBIMPL_ATTRSET_UNTYPED_DATA_FUNC()
      | ^
/opt/homebrew/Cellar/ruby/4.0.6_1/include/ruby-4.0.0/ruby/internal/core/rdata.h:47:5: note: expanded from macro 'RBIMPL_ATTRSET_UNTYPED_DATA_FUNC'
   47 |     RBIMPL_ATTR_DEPRECATED(("by TypedData"))
      |     ^
/opt/homebrew/Cellar/ruby/4.0.6_1/include/ruby-4.0.0/ruby/internal/attr/deprecated.h:36:53: note: expanded from macro 'RBIMPL_ATTR_DEPRECATED'
   36 | # define RBIMPL_ATTR_DEPRECATED(msg) __attribute__((__deprecated__ msg))
      |                                                     ^
AbstractMemory.c:260:1: warning: 'rb_data_object_get_warning' is deprecated: by TypedData [-Wdeprecated-declarations]
  260 | NUM_OP(float32, float, NUM2DBL, rb_float_new, NOSWAP);
      | ^
AbstractMemory.c:118:5: note: expanded from macro 'NUM_OP'
  118 |     Data_Get_Struct(self, AbstractMemory, memory); \
      |     ^
/opt/homebrew/Cellar/ruby/4.0.6_1/include/ruby-4.0.0/ruby/internal/core/rdata.h:278:34: note: expanded from macro 'Data_Get_Struct'
  278 |     ((sval) = RBIMPL_CAST((type*)rb_data_object_get(obj)))
      |                                  ^
/opt/homebrew/Cellar/ruby/4.0.6_1/include/ruby-4.0.0/ruby/internal/core/rdata.h:370:31: note: expanded from macro 'rb_data_object_get'
  370 | #define rb_data_object_get    RUBY_MACRO_SELECT(rb_data_object_get_2, RUBY_UNTYPED_DATA_WARNING)
      |                               ^
note: (skipping 1 expansions in backtrace; use -fmacro-backtrace-limit=0 to see all)
/opt/homebrew/Cellar/ruby/4.0.6_1/include/ruby-4.0.0/ruby/internal/core/rdata.h:49:35: note: expanded from macro 'RBIMPL_MACRO_SELECT'
   49 | #define RBIMPL_MACRO_SELECT(x, y) x ## y
      |                                   ^
<scratch space>:120:1: note: expanded from here
  120 | rb_data_object_get_1
      | ^
/opt/homebrew/Cellar/ruby/4.0.6_1/include/ruby-4.0.0/ruby/internal/core/rdata.h:368:31: note: expanded from macro 'rb_data_object_get_1'
  368 | #define rb_data_object_get_1  rb_data_object_get_warning
      |                               ^
/opt/homebrew/Cellar/ruby/4.0.6_1/include/ruby-4.0.0/ruby/internal/core/rdata.h:317:1: note: 'rb_data_object_get_warning' has been explicitly marked deprecated here
  317 | RBIMPL_ATTRSET_UNTYPED_DATA_FUNC()
      | ^
/opt/homebrew/Cellar/ruby/4.0.6_1/include/ruby-4.0.0/ruby/internal/core/rdata.h:47:5: note: expanded from macro 'RBIMPL_ATTRSET_UNTYPED_DATA_FUNC'
   47 |     RBIMPL_ATTR_DEPRECATED(("by TypedData"))
      |     ^
/opt/homebrew/Cellar/ruby/4.0.6_1/include/ruby-4.0.0/ruby/internal/attr/deprecated.h:36:53: note: expanded from macro 'RBIMPL_ATTR_DEPRECATED'
   36 | # define RBIMPL_ATTR_DEPRECATED(msg) __attribute__((__deprecated__ msg))
      |                                                     ^
AbstractMemory.c:260:1: warning: 'rb_data_object_get_warning' is deprecated: by TypedData [-Wdeprecated-declarations]
  260 | NUM_OP(float32, float, NUM2DBL, rb_float_new, NOSWAP);
      | ^
AbstractMemory.c:126:5: note: expanded from macro 'NUM_OP'
  126 |     Data_Get_Struct(self, AbstractMemory, memory); \
      |     ^
/opt/homebrew/Cellar/ruby/4.0.6_1/include/ruby-4.0.0/ruby/internal/core/rdata.h:278:34: note: expanded from macro 'Data_Get_Struct'
  278 |     ((sval) = RBIMPL_CAST((type*)rb_data_object_get(obj)))
      |                                  ^
/opt/homebrew/Cellar/ruby/4.0.6_1/include/ruby-4.0.0/ruby/internal/core/rdata.h:370:31: note: expanded from macro 'rb_data_object_get'
  370 | #define rb_data_object_get    RUBY_MACRO_SELECT(rb_data_object_get_2, RUBY_UNTYPED_DATA_WARNING)
      |                               ^
note: (skipping 1 expansions in backtrace; use -fmacro-backtrace-limit=0 to see all)
/opt/homebrew/Cellar/ruby/4.0.6_1/include/ruby-4.0.0/ruby/internal/core/rdata.h:49:35: note: expanded from macro 'RBIMPL_MACRO_SELECT'
   49 | #define RBIMPL_MACRO_SELECT(x, y) x ## y
      |                                   ^
<scratch space>:124:1: note: expanded from here
  124 | rb_data_object_get_1
      | ^
/opt/homebrew/Cellar/ruby/4.0.6_1/include/ruby-4.0.0/ruby/internal/core/rdata.h:368:31: note: expanded from macro 'rb_data_object_get_1'
  368 | #define rb_data_object_get_1  rb_data_object_get_warning
      |                               ^
/opt/homebrew/Cellar/ruby/4.0.6_1/include/ruby-4.0.0/ruby/internal/core/rdata.h:317:1: note: 'rb_data_object_get_warning' has been explicitly marked deprecated here
  317 | RBIMPL_ATTRSET_UNTYPED_DATA_FUNC()
      | ^
/opt/homebrew/Cellar/ruby/4.0.6_1/include/ruby-4.0.0/ruby/internal/core/rdata.h:47:5: note: expanded from macro 'RBIMPL_ATTRSET_UNTYPED_DATA_FUNC'
   47 |     RBIMPL_ATTR_DEPRECATED(("by TypedData"))
      |     ^
/opt/homebrew/Cellar/ruby/4.0.6_1/include/ruby-4.0.0/ruby/internal/attr/deprecated.h:36:53: note: expanded from macro 'RBIMPL_ATTR_DEPRECATED'
   36 | # define RBIMPL_ATTR_DEPRECATED(msg) __attribute__((__deprecated__ msg))
      |                                                     ^
AbstractMemory.c:261:1: warning: 'rb_data_object_get_warning' is deprecated: by TypedData [-Wdeprecated-declarations]
  261 | NUM_OP(float64, double, NUM2DBL, rb_float_new, NOSWAP);
      | ^
AbstractMemory.c:90:5: note: expanded from macro 'NUM_OP'
   90 |     Data_Get_Struct(self, AbstractMemory, memory); \
      |     ^
/opt/homebrew/Cellar/ruby/4.0.6_1/include/ruby-4.0.0/ruby/internal/core/rdata.h:278:34: note: expanded from macro 'Data_Get_Struct'
  278 |     ((sval) = RBIMPL_CAST((type*)rb_data_object_get(obj)))
      |                                  ^
/opt/homebrew/Cellar/ruby/4.0.6_1/include/ruby-4.0.0/ruby/internal/core/rdata.h:370:31: note: expanded from macro 'rb_data_object_get'
  370 | #define rb_data_object_get    RUBY_MACRO_SELECT(rb_data_object_get_2, RUBY_UNTYPED_DATA_WARNING)
      |                               ^
note: (skipping 1 expansions in backtrace; use -fmacro-backtrace-limit=0 to see all)
/opt/homebrew/Cellar/ruby/4.0.6_1/include/ruby-4.0.0/ruby/internal/core/rdata.h:49:35: note: expanded from macro 'RBIMPL_MACRO_SELECT'
   49 | #define RBIMPL_MACRO_SELECT(x, y) x ## y
      |                                   ^
<scratch space>:143:1: note: expanded from here
  143 | rb_data_object_get_1
      | ^
/opt/homebrew/Cellar/ruby/4.0.6_1/include/ruby-4.0.0/ruby/internal/core/rdata.h:368:31: note: expanded from macro 'rb_data_object_get_1'
  368 | #define rb_data_object_get_1  rb_data_object_get_warning
      |                               ^
/opt/homebrew/Cellar/ruby/4.0.6_1/include/ruby-4.0.0/ruby/internal/core/rdata.h:317:1: note: 'rb_data_object_get_warning' has been explicitly marked deprecated here
  317 | RBIMPL_ATTRSET_UNTYPED_DATA_FUNC()
      | ^
/opt/homebrew/Cellar/ruby/4.0.6_1/include/ruby-4.0.0/ruby/internal/core/rdata.h:47:5: note: expanded from macro 'RBIMPL_ATTRSET_UNTYPED_DATA_FUNC'
   47 |     RBIMPL_ATTR_DEPRECATED(("by TypedData"))
      |     ^
/opt/homebrew/Cellar/ruby/4.0.6_1/include/ruby-4.0.0/ruby/internal/attr/deprecated.h:36:53: note: expanded from macro 'RBIMPL_ATTR_DEPRECATED'
   36 | # define RBIMPL_ATTR_DEPRECATED(msg) __attribute__((__deprecated__ msg))
      |                                                     ^
AbstractMemory.c:261:1: warning: 'rb_data_object_get_warning' is deprecated: by TypedData [-Wdeprecated-declarations]
  261 | NUM_OP(float64, double, NUM2DBL, rb_float_new, NOSWAP);
      | ^
AbstractMemory.c:99:5: note: expanded from macro 'NUM_OP'
   99 |     Data_Get_Struct(self, AbstractMemory, memory); \
      |     ^
/opt/homebrew/Cellar/ruby/4.0.6_1/include/ruby-4.0.0/ruby/internal/core/rdata.h:278:34: note: expanded from macro 'Data_Get_Struct'
  278 |     ((sval) = RBIMPL_CAST((type*)rb_data_object_get(obj)))
      |                                  ^
/opt/homebrew/Cellar/ruby/4.0.6_1/include/ruby-4.0.0/ruby/internal/core/rdata.h:370:31: note: expanded from macro 'rb_data_object_get'
  370 | #define rb_data_object_get    RUBY_MACRO_SELECT(rb_data_object_get_2, RUBY_UNTYPED_DATA_WARNING)
      |                               ^
note: (skipping 1 expansions in backtrace; use -fmacro-backtrace-limit=0 to see all)
/opt/homebrew/Cellar/ruby/4.0.6_1/include/ruby-4.0.0/ruby/internal/core/rdata.h:49:35: note: expanded from macro 'RBIMPL_MACRO_SELECT'
   49 | #define RBIMPL_MACRO_SELECT(x, y) x ## y
      |                                   ^
<scratch space>:147:1: note: expanded from here
  147 | rb_data_object_get_1
      | ^
/opt/homebrew/Cellar/ruby/4.0.6_1/include/ruby-4.0.0/ruby/internal/core/rdata.h:368:31: note: expanded from macro 'rb_data_object_get_1'
  368 | #define rb_data_object_get_1  rb_data_object_get_warning
      |                               ^
/opt/homebrew/Cellar/ruby/4.0.6_1/include/ruby-4.0.0/ruby/internal/core/rdata.h:317:1: note: 'rb_data_object_get_warning' has been explicitly marked deprecated here
  317 | RBIMPL_ATTRSET_UNTYPED_DATA_FUNC()
      | ^
/opt/homebrew/Cellar/ruby/4.0.6_1/include/ruby-4.0.0/ruby/internal/core/rdata.h:47:5: note: expanded from macro 'RBIMPL_ATTRSET_UNTYPED_DATA_FUNC'
   47 |     RBIMPL_ATTR_DEPRECATED(("by TypedData"))
      |     ^
/opt/homebrew/Cellar/ruby/4.0.6_1/include/ruby-4.0.0/ruby/internal/attr/deprecated.h:36:53: note: expanded from macro 'RBIMPL_ATTR_DEPRECATED'
   36 | # define RBIMPL_ATTR_DEPRECATED(msg) __attribute__((__deprecated__ msg))
      |                                                     ^
AbstractMemory.c:261:1: warning: 'rb_data_object_get_warning' is deprecated: by TypedData [-Wdeprecated-declarations]
  261 | NUM_OP(float64, double, NUM2DBL, rb_float_new, NOSWAP);
      | ^
AbstractMemory.c:118:5: note: expanded from macro 'NUM_OP'
  118 |     Data_Get_Struct(self, AbstractMemory, memory); \
      |     ^
/opt/homebrew/Cellar/ruby/4.0.6_1/include/ruby-4.0.0/ruby/internal/core/rdata.h:278:34: note: expanded from macro 'Data_Get_Struct'
  278 |     ((sval) = RBIMPL_CAST((type*)rb_data_object_get(obj)))
      |                                  ^
/opt/homebrew/Cellar/ruby/4.0.6_1/include/ruby-4.0.0/ruby/internal/core/rdata.h:370:31: note: expanded from macro 'rb_data_object_get'
  370 | #define rb_data_object_get    RUBY_MACRO_SELECT(rb_data_object_get_2, RUBY_UNTYPED_DATA_WARNING)
      |                               ^
note: (skipping 1 expansions in backtrace; use -fmacro-backtrace-limit=0 to see all)
/opt/homebrew/Cellar/ruby/4.0.6_1/include/ruby-4.0.0/ruby/internal/core/rdata.h:49:35: note: expanded from macro 'RBIMPL_MACRO_SELECT'
   49 | #define RBIMPL_MACRO_SELECT(x, y) x ## y
      |                                   ^
<scratch space>:153:1: note: expanded from here
  153 | rb_data_object_get_1
      | ^
/opt/homebrew/Cellar/ruby/4.0.6_1/include/ruby-4.0.0/ruby/internal/core/rdata.h:368:31: note: expanded from macro 'rb_data_object_get_1'
  368 | #define rb_data_object_get_1  rb_data_object_get_warning
      |                               ^
/opt/homebrew/Cellar/ruby/4.0.6_1/include/ruby-4.0.0/ruby/internal/core/rdata.h:317:1: note: 'rb_data_object_get_warning' has been explicitly marked deprecated here
  317 | RBIMPL_ATTRSET_UNTYPED_DATA_FUNC()
      | ^
/opt/homebrew/Cellar/ruby/4.0.6_1/include/ruby-4.0.0/ruby/internal/core/rdata.h:47:5: note: expanded from macro 'RBIMPL_ATTRSET_UNTYPED_DATA_FUNC'
   47 |     RBIMPL_ATTR_DEPRECATED(("by TypedData"))
      |     ^
/opt/homebrew/Cellar/ruby/4.0.6_1/include/ruby-4.0.0/ruby/internal/attr/deprecated.h:36:53: note: expanded from macro 'RBIMPL_ATTR_DEPRECATED'
   36 | # define RBIMPL_ATTR_DEPRECATED(msg) __attribute__((__deprecated__ msg))
      |                                                     ^
AbstractMemory.c:261:1: warning: 'rb_data_object_get_warning' is deprecated: by TypedData [-Wdeprecated-declarations]
  261 | NUM_OP(float64, double, NUM2DBL, rb_float_new, NOSWAP);
      | ^
AbstractMemory.c:126:5: note: expanded from macro 'NUM_OP'
  126 |     Data_Get_Struct(self, AbstractMemory, memory); \
      |     ^
/opt/homebrew/Cellar/ruby/4.0.6_1/include/ruby-4.0.0/ruby/internal/core/rdata.h:278:34: note: expanded from macro 'Data_Get_Struct'
  278 |     ((sval) = RBIMPL_CAST((type*)rb_data_object_get(obj)))
      |                                  ^
/opt/homebrew/Cellar/ruby/4.0.6_1/include/ruby-4.0.0/ruby/internal/core/rdata.h:370:31: note: expanded from macro 'rb_data_object_get'
  370 | #define rb_data_object_get    RUBY_MACRO_SELECT(rb_data_object_get_2, RUBY_UNTYPED_DATA_WARNING)
      |                               ^
note: (skipping 1 expansions in backtrace; use -fmacro-backtrace-limit=0 to see all)
/opt/homebrew/Cellar/ruby/4.0.6_1/include/ruby-4.0.0/ruby/internal/core/rdata.h:49:35: note: expanded from macro 'RBIMPL_MACRO_SELECT'
   49 | #define RBIMPL_MACRO_SELECT(x, y) x ## y
      |                                   ^
<scratch space>:157:1: note: expanded from here
  157 | rb_data_object_get_1
      | ^
/opt/homebrew/Cellar/ruby/4.0.6_1/include/ruby-4.0.0/ruby/internal/core/rdata.h:368:31: note: expanded from macro 'rb_data_object_get_1'
  368 | #define rb_data_object_get_1  rb_data_object_get_warning
      |                               ^
/opt/homebrew/Cellar/ruby/4.0.6_1/include/ruby-4.0.0/ruby/internal/core/rdata.h:317:1: note: 'rb_data_object_get_warning' has been explicitly marked deprecated here
  317 | RBIMPL_ATTRSET_UNTYPED_DATA_FUNC()
      | ^
/opt/homebrew/Cellar/ruby/4.0.6_1/include/ruby-4.0.0/ruby/internal/core/rdata.h:47:5: note: expanded from macro 'RBIMPL_ATTRSET_UNTYPED_DATA_FUNC'
   47 |     RBIMPL_ATTR_DEPRECATED(("by TypedData"))
      |     ^
/opt/homebrew/Cellar/ruby/4.0.6_1/include/ruby-4.0.0/ruby/internal/attr/deprecated.h:36:53: note: expanded from macro 'RBIMPL_ATTR_DEPRECATED'
   36 | # define RBIMPL_ATTR_DEPRECATED(msg) __attribute__((__deprecated__ msg))
      |                                                     ^
AbstractMemory.c:262:1: warning: 'rb_data_object_get_warning' is deprecated: by TypedData [-Wdeprecated-declarations]
  262 | NUM_OP(longdouble, long double, rbffi_num2longdouble, rbffi_longdouble_new, NOSWAP);
      | ^
AbstractMemory.c:90:5: note: expanded from macro 'NUM_OP'
   90 |     Data_Get_Struct(self, AbstractMemory, memory); \
      |     ^
/opt/homebrew/Cellar/ruby/4.0.6_1/include/ruby-4.0.0/ruby/internal/core/rdata.h:278:34: note: expanded from macro 'Data_Get_Struct'
  278 |     ((sval) = RBIMPL_CAST((type*)rb_data_object_get(obj)))
      |                                  ^
/opt/homebrew/Cellar/ruby/4.0.6_1/include/ruby-4.0.0/ruby/internal/core/rdata.h:370:31: note: expanded from macro 'rb_data_object_get'
  370 | #define rb_data_object_get    RUBY_MACRO_SELECT(rb_data_object_get_2, RUBY_UNTYPED_DATA_WARNING)
      |                               ^
note: (skipping 1 expansions in backtrace; use -fmacro-backtrace-limit=0 to see all)
/opt/homebrew/Cellar/ruby/4.0.6_1/include/ruby-4.0.0/ruby/internal/core/rdata.h:49:35: note: expanded from macro 'RBIMPL_MACRO_SELECT'
   49 | #define RBIMPL_MACRO_SELECT(x, y) x ## y
      |                                   ^
<scratch space>:2:1: note: expanded from here
    2 | rb_data_object_get_1
      | ^
/opt/homebrew/Cellar/ruby/4.0.6_1/include/ruby-4.0.0/ruby/internal/core/rdata.h:368:31: note: expanded from macro 'rb_data_object_get_1'
  368 | #define rb_data_object_get_1  rb_data_object_get_warning
      |                               ^
/opt/homebrew/Cellar/ruby/4.0.6_1/include/ruby-4.0.0/ruby/internal/core/rdata.h:317:1: note: 'rb_data_object_get_warning' has been explicitly marked deprecated here
  317 | RBIMPL_ATTRSET_UNTYPED_DATA_FUNC()
      | ^
/opt/homebrew/Cellar/ruby/4.0.6_1/include/ruby-4.0.0/ruby/internal/core/rdata.h:47:5: note: expanded from macro 'RBIMPL_ATTRSET_UNTYPED_DATA_FUNC'
   47 |     RBIMPL_ATTR_DEPRECATED(("by TypedData"))
      |     ^
/opt/homebrew/Cellar/ruby/4.0.6_1/include/ruby-4.0.0/ruby/internal/attr/deprecated.h:36:53: note: expanded from macro 'RBIMPL_ATTR_DEPRECATED'
   36 | # define RBIMPL_ATTR_DEPRECATED(msg) __attribute__((__deprecated__ msg))
      |                                                     ^
AbstractMemory.c:262:1: warning: 'rb_data_object_get_warning' is deprecated: by TypedData [-Wdeprecated-declarations]
  262 | NUM_OP(longdouble, long double, rbffi_num2longdouble, rbffi_longdouble_new, NOSWAP);
      | ^
AbstractMemory.c:99:5: note: expanded from macro 'NUM_OP'
   99 |     Data_Get_Struct(self, AbstractMemory, memory); \
      |     ^
/opt/homebrew/Cellar/ruby/4.0.6_1/include/ruby-4.0.0/ruby/internal/core/rdata.h:278:34: note: expanded from macro 'Data_Get_Struct'
  278 |     ((sval) = RBIMPL_CAST((type*)rb_data_object_get(obj)))
      |                                  ^
/opt/homebrew/Cellar/ruby/4.0.6_1/include/ruby-4.0.0/ruby/internal/core/rdata.h:370:31: note: expanded from macro 'rb_data_object_get'
  370 | #define rb_data_object_get    RUBY_MACRO_SELECT(rb_data_object_get_2, RUBY_UNTYPED_DATA_WARNING)
      |                               ^
note: (skipping 1 expansions in backtrace; use -fmacro-backtrace-limit=0 to see all)
/opt/homebrew/Cellar/ruby/4.0.6_1/include/ruby-4.0.0/ruby/internal/core/rdata.h:49:35: note: expanded from macro 'RBIMPL_MACRO_SELECT'
   49 | #define RBIMPL_MACRO_SELECT(x, y) x ## y
      |                                   ^
<scratch space>:6:1: note: expanded from here
    6 | rb_data_object_get_1
      | ^
/opt/homebrew/Cellar/ruby/4.0.6_1/include/ruby-4.0.0/ruby/internal/core/rdata.h:368:31: note: expanded from macro 'rb_data_object_get_1'
  368 | #define rb_data_object_get_1  rb_data_object_get_warning
      |                               ^
/opt/homebrew/Cellar/ruby/4.0.6_1/include/ruby-4.0.0/ruby/internal/core/rdata.h:317:1: note: 'rb_data_object_get_warning' has been explicitly marked deprecated here
  317 | RBIMPL_ATTRSET_UNTYPED_DATA_FUNC()
      | ^
/opt/homebrew/Cellar/ruby/4.0.6_1/include/ruby-4.0.0/ruby/internal/core/rdata.h:47:5: note: expanded from macro 'RBIMPL_ATTRSET_UNTYPED_DATA_FUNC'
   47 |     RBIMPL_ATTR_DEPRECATED(("by TypedData"))
      |     ^
/opt/homebrew/Cellar/ruby/4.0.6_1/include/ruby-4.0.0/ruby/internal/attr/deprecated.h:36:53: note: expanded from macro 'RBIMPL_ATTR_DEPRECATED'
   36 | # define RBIMPL_ATTR_DEPRECATED(msg) __attribute__((__deprecated__ msg))
      |                                                     ^
AbstractMemory.c:262:1: warning: 'rb_data_object_get_warning' is deprecated: by TypedData [-Wdeprecated-declarations]
  262 | NUM_OP(longdouble, long double, rbffi_num2longdouble, rbffi_longdouble_new, NOSWAP);
      | ^
AbstractMemory.c:118:5: note: expanded from macro 'NUM_OP'
  118 |     Data_Get_Struct(self, AbstractMemory, memory); \
      |     ^
/opt/homebrew/Cellar/ruby/4.0.6_1/include/ruby-4.0.0/ruby/internal/core/rdata.h:278:34: note: expanded from macro 'Data_Get_Struct'
  278 |     ((sval) = RBIMPL_CAST((type*)rb_data_object_get(obj)))
      |                                  ^
/opt/homebrew/Cellar/ruby/4.0.6_1/include/ruby-4.0.0/ruby/internal/core/rdata.h:370:31: note: expanded from macro 'rb_data_object_get'
  370 | #define rb_data_object_get    RUBY_MACRO_SELECT(rb_data_object_get_2, RUBY_UNTYPED_DATA_WARNING)
      |                               ^
note: (skipping 1 expansions in backtrace; use -fmacro-backtrace-limit=0 to see all)
/opt/homebrew/Cellar/ruby/4.0.6_1/include/ruby-4.0.0/ruby/internal/core/rdata.h:49:35: note: expanded from macro 'RBIMPL_MACRO_SELECT'
   49 | #define RBIMPL_MACRO_SELECT(x, y) x ## y
      |                                   ^
<scratch space>:12:1: note: expanded from here
   12 | rb_data_object_get_1
      | ^
/opt/homebrew/Cellar/ruby/4.0.6_1/include/ruby-4.0.0/ruby/internal/core/rdata.h:368:31: note: expanded from macro 'rb_data_object_get_1'
  368 | #define rb_data_object_get_1  rb_data_object_get_warning
      |                               ^
/opt/homebrew/Cellar/ruby/4.0.6_1/include/ruby-4.0.0/ruby/internal/core/rdata.h:317:1: note: 'rb_data_object_get_warning' has been explicitly marked deprecated here
  317 | RBIMPL_ATTRSET_UNTYPED_DATA_FUNC()
      | ^
/opt/homebrew/Cellar/ruby/4.0.6_1/include/ruby-4.0.0/ruby/internal/core/rdata.h:47:5: note: expanded from macro 'RBIMPL_ATTRSET_UNTYPED_DATA_FUNC'
   47 |     RBIMPL_ATTR_DEPRECATED(("by TypedData"))
      |     ^
/opt/homebrew/Cellar/ruby/4.0.6_1/include/ruby-4.0.0/ruby/internal/attr/deprecated.h:36:53: note: expanded from macro 'RBIMPL_ATTR_DEPRECATED'
   36 | # define RBIMPL_ATTR_DEPRECATED(msg) __attribute__((__deprecated__ msg))
      |                                                     ^
AbstractMemory.c:262:1: warning: 'rb_data_object_get_warning' is deprecated: by TypedData [-Wdeprecated-declarations]
  262 | NUM_OP(longdouble, long double, rbffi_num2longdouble, rbffi_longdouble_new, NOSWAP);
      | ^
AbstractMemory.c:126:5: note: expanded from macro 'NUM_OP'
  126 |     Data_Get_Struct(self, AbstractMemory, memory); \
      |     ^
/opt/homebrew/Cellar/ruby/4.0.6_1/include/ruby-4.0.0/ruby/internal/core/rdata.h:278:34: note: expanded from macro 'Data_Get_Struct'
  278 |     ((sval) = RBIMPL_CAST((type*)rb_data_object_get(obj)))
      |                                  ^
/opt/homebrew/Cellar/ruby/4.0.6_1/include/ruby-4.0.0/ruby/internal/core/rdata.h:370:31: note: expanded from macro 'rb_data_object_get'
  370 | #define rb_data_object_get    RUBY_MACRO_SELECT(rb_data_object_get_2, RUBY_UNTYPED_DATA_WARNING)
      |                               ^
note: (skipping 1 expansions in backtrace; use -fmacro-backtrace-limit=0 to see all)
/opt/homebrew/Cellar/ruby/4.0.6_1/include/ruby-4.0.0/ruby/internal/core/rdata.h:49:35: note: expanded from macro 'RBIMPL_MACRO_SELECT'
   49 | #define RBIMPL_MACRO_SELECT(x, y) x ## y
      |                                   ^
<scratch space>:16:1: note: expanded from here
   16 | rb_data_object_get_1
      | ^
/opt/homebrew/Cellar/ruby/4.0.6_1/include/ruby-4.0.0/ruby/internal/core/rdata.h:368:31: note: expanded from macro 'rb_data_object_get_1'
  368 | #define rb_data_object_get_1  rb_data_object_get_warning
      |                               ^
/opt/homebrew/Cellar/ruby/4.0.6_1/include/ruby-4.0.0/ruby/internal/core/rdata.h:317:1: note: 'rb_data_object_get_warning' has been explicitly marked deprecated here
  317 | RBIMPL_ATTRSET_UNTYPED_DATA_FUNC()
      | ^
/opt/homebrew/Cellar/ruby/4.0.6_1/include/ruby-4.0.0/ruby/internal/core/rdata.h:47:5: note: expanded from macro 'RBIMPL_ATTRSET_UNTYPED_DATA_FUNC'
   47 |     RBIMPL_ATTR_DEPRECATED(("by TypedData"))
      |     ^
/opt/homebrew/Cellar/ruby/4.0.6_1/include/ruby-4.0.0/ruby/internal/attr/deprecated.h:36:53: note: expanded from macro 'RBIMPL_ATTR_DEPRECATED'
   36 | # define RBIMPL_ATTR_DEPRECATED(msg) __attribute__((__deprecated__ msg))
      |                                                     ^
AbstractMemory.c:284:1: warning: 'rb_data_object_get_warning' is deprecated: by TypedData [-Wdeprecated-declarations]
  284 | NUM_OP(pointer, void *, get_pointer_value, rbffi_Pointer_NewInstance, NOSWAP);
      | ^
AbstractMemory.c:90:5: note: expanded from macro 'NUM_OP'
   90 |     Data_Get_Struct(self, AbstractMemory, memory); \
      |     ^
/opt/homebrew/Cellar/ruby/4.0.6_1/include/ruby-4.0.0/ruby/internal/core/rdata.h:278:34: note: expanded from macro 'Data_Get_Struct'
  278 |     ((sval) = RBIMPL_CAST((type*)rb_data_object_get(obj)))
      |                                  ^
/opt/homebrew/Cellar/ruby/4.0.6_1/include/ruby-4.0.0/ruby/internal/core/rdata.h:370:31: note: expanded from macro 'rb_data_object_get'
  370 | #define rb_data_object_get    RUBY_MACRO_SELECT(rb_data_object_get_2, RUBY_UNTYPED_DATA_WARNING)
      |                               ^
note: (skipping 1 expansions in backtrace; use -fmacro-backtrace-limit=0 to see all)
/opt/homebrew/Cellar/ruby/4.0.6_1/include/ruby-4.0.0/ruby/internal/core/rdata.h:49:35: note: expanded from macro 'RBIMPL_MACRO_SELECT'
   49 | #define RBIMPL_MACRO_SELECT(x, y) x ## y
      |                                   ^
<scratch space>:35:1: note: expanded from here
   35 | rb_data_object_get_1
      | ^
/opt/homebrew/Cellar/ruby/4.0.6_1/include/ruby-4.0.0/ruby/internal/core/rdata.h:368:31: note: expanded from macro 'rb_data_object_get_1'
  368 | #define rb_data_object_get_1  rb_data_object_get_warning
      |                               ^
/opt/homebrew/Cellar/ruby/4.0.6_1/include/ruby-4.0.0/ruby/internal/core/rdata.h:317:1: note: 'rb_data_object_get_warning' has been explicitly marked deprecated here
  317 | RBIMPL_ATTRSET_UNTYPED_DATA_FUNC()
      | ^
/opt/homebrew/Cellar/ruby/4.0.6_1/include/ruby-4.0.0/ruby/internal/core/rdata.h:47:5: note: expanded from macro 'RBIMPL_ATTRSET_UNTYPED_DATA_FUNC'
   47 |     RBIMPL_ATTR_DEPRECATED(("by TypedData"))
      |     ^
/opt/homebrew/Cellar/ruby/4.0.6_1/include/ruby-4.0.0/ruby/internal/attr/deprecated.h:36:53: note: expanded from macro 'RBIMPL_ATTR_DEPRECATED'
   36 | # define RBIMPL_ATTR_DEPRECATED(msg) __attribute__((__deprecated__ msg))
      |                                                     ^
AbstractMemory.c:284:1: warning: 'rb_data_object_get_warning' is deprecated: by TypedData [-Wdeprecated-declarations]
  284 | NUM_OP(pointer, void *, get_pointer_value, rbffi_Pointer_NewInstance, NOSWAP);
      | ^
AbstractMemory.c:99:5: note: expanded from macro 'NUM_OP'
   99 |     Data_Get_Struct(self, AbstractMemory, memory); \
      |     ^
/opt/homebrew/Cellar/ruby/4.0.6_1/include/ruby-4.0.0/ruby/internal/core/rdata.h:278:34: note: expanded from macro 'Data_Get_Struct'
  278 |     ((sval) = RBIMPL_CAST((type*)rb_data_object_get(obj)))
      |                                  ^
/opt/homebrew/Cellar/ruby/4.0.6_1/include/ruby-4.0.0/ruby/internal/core/rdata.h:370:31: note: expanded from macro 'rb_data_object_get'
  370 | #define rb_data_object_get    RUBY_MACRO_SELECT(rb_data_object_get_2, RUBY_UNTYPED_DATA_WARNING)
      |                               ^
note: (skipping 1 expansions in backtrace; use -fmacro-backtrace-limit=0 to see all)
/opt/homebrew/Cellar/ruby/4.0.6_1/include/ruby-4.0.0/ruby/internal/core/rdata.h:49:35: note: expanded from macro 'RBIMPL_MACRO_SELECT'
   49 | #define RBIMPL_MACRO_SELECT(x, y) x ## y
      |                                   ^
<scratch space>:39:1: note: expanded from here
   39 | rb_data_object_get_1
      | ^
/opt/homebrew/Cellar/ruby/4.0.6_1/include/ruby-4.0.0/ruby/internal/core/rdata.h:368:31: note: expanded from macro 'rb_data_object_get_1'
  368 | #define rb_data_object_get_1  rb_data_object_get_warning
      |                               ^
/opt/homebrew/Cellar/ruby/4.0.6_1/include/ruby-4.0.0/ruby/internal/core/rdata.h:317:1: note: 'rb_data_object_get_warning' has been explicitly marked deprecated here
  317 | RBIMPL_ATTRSET_UNTYPED_DATA_FUNC()
      | ^
/opt/homebrew/Cellar/ruby/4.0.6_1/include/ruby-4.0.0/ruby/internal/core/rdata.h:47:5: note: expanded from macro 'RBIMPL_ATTRSET_UNTYPED_DATA_FUNC'
   47 |     RBIMPL_ATTR_DEPRECATED(("by TypedData"))
      |     ^
/opt/homebrew/Cellar/ruby/4.0.6_1/include/ruby-4.0.0/ruby/internal/attr/deprecated.h:36:53: note: expanded from macro 'RBIMPL_ATTR_DEPRECATED'
   36 | # define RBIMPL_ATTR_DEPRECATED(msg) __attribute__((__deprecated__ msg))
      |                                                     ^
AbstractMemory.c:284:1: warning: 'rb_data_object_get_warning' is deprecated: by TypedData [-Wdeprecated-declarations]
  284 | NUM_OP(pointer, void *, get_pointer_value, rbffi_Pointer_NewInstance, NOSWAP);
      | ^
AbstractMemory.c:118:5: note: expanded from macro 'NUM_OP'
  118 |     Data_Get_Struct(self, AbstractMemory, memory); \
      |     ^
/opt/homebrew/Cellar/ruby/4.0.6_1/include/ruby-4.0.0/ruby/internal/core/rdata.h:278:34: note: expanded from macro 'Data_Get_Struct'
  278 |     ((sval) = RBIMPL_CAST((type*)rb_data_object_get(obj)))
      |                                  ^
/opt/homebrew/Cellar/ruby/4.0.6_1/include/ruby-4.0.0/ruby/internal/core/rdata.h:370:31: note: expanded from macro 'rb_data_object_get'
  370 | #define rb_data_object_get    RUBY_MACRO_SELECT(rb_data_object_get_2, RUBY_UNTYPED_DATA_WARNING)
      |                               ^
note: (skipping 1 expansions in backtrace; use -fmacro-backtrace-limit=0 to see all)
/opt/homebrew/Cellar/ruby/4.0.6_1/include/ruby-4.0.0/ruby/internal/core/rdata.h:49:35: note: expanded from macro 'RBIMPL_MACRO_SELECT'
   49 | #define RBIMPL_MACRO_SELECT(x, y) x ## y
      |                                   ^
<scratch space>:45:1: note: expanded from here
   45 | rb_data_object_get_1
      | ^
/opt/homebrew/Cellar/ruby/4.0.6_1/include/ruby-4.0.0/ruby/internal/core/rdata.h:368:31: note: expanded from macro 'rb_data_object_get_1'
  368 | #define rb_data_object_get_1  rb_data_object_get_warning
      |                               ^
/opt/homebrew/Cellar/ruby/4.0.6_1/include/ruby-4.0.0/ruby/internal/core/rdata.h:317:1: note: 'rb_data_object_get_warning' has been explicitly marked deprecated here
  317 | RBIMPL_ATTRSET_UNTYPED_DATA_FUNC()
      | ^
/opt/homebrew/Cellar/ruby/4.0.6_1/include/ruby-4.0.0/ruby/internal/core/rdata.h:47:5: note: expanded from macro 'RBIMPL_ATTRSET_UNTYPED_DATA_FUNC'
   47 |     RBIMPL_ATTR_DEPRECATED(("by TypedData"))
      |     ^
/opt/homebrew/Cellar/ruby/4.0.6_1/include/ruby-4.0.0/ruby/internal/attr/deprecated.h:36:53: note: expanded from macro 'RBIMPL_ATTR_DEPRECATED'
   36 | # define RBIMPL_ATTR_DEPRECATED(msg) __attribute__((__deprecated__ msg))
      |                                                     ^
AbstractMemory.c:284:1: warning: 'rb_data_object_get_warning' is deprecated: by TypedData [-Wdeprecated-declarations]
  284 | NUM_OP(pointer, void *, get_pointer_value, rbffi_Pointer_NewInstance, NOSWAP);
      | ^
AbstractMemory.c:126:5: note: expanded from macro 'NUM_OP'
  126 |     Data_Get_Struct(self, AbstractMemory, memory); \
      |     ^
/opt/homebrew/Cellar/ruby/4.0.6_1/include/ruby-4.0.0/ruby/internal/core/rdata.h:278:34: note: expanded from macro 'Data_Get_Struct'
  278 |     ((sval) = RBIMPL_CAST((type*)rb_data_object_get(obj)))
      |                                  ^
/opt/homebrew/Cellar/ruby/4.0.6_1/include/ruby-4.0.0/ruby/internal/core/rdata.h:370:31: note: expanded from macro 'rb_data_object_get'
  370 | #define rb_data_object_get    RUBY_MACRO_SELECT(rb_data_object_get_2, RUBY_UNTYPED_DATA_WARNING)
      |                               ^
note: (skipping 1 expansions in backtrace; use -fmacro-backtrace-limit=0 to see all)
/opt/homebrew/Cellar/ruby/4.0.6_1/include/ruby-4.0.0/ruby/internal/core/rdata.h:49:35: note: expanded from macro 'RBIMPL_MACRO_SELECT'
   49 | #define RBIMPL_MACRO_SELECT(x, y) x ## y
      |                                   ^
<scratch space>:49:1: note: expanded from here
   49 | rb_data_object_get_1
      | ^
/opt/homebrew/Cellar/ruby/4.0.6_1/include/ruby-4.0.0/ruby/internal/core/rdata.h:368:31: note: expanded from macro 'rb_data_object_get_1'
  368 | #define rb_data_object_get_1  rb_data_object_get_warning
      |                               ^
/opt/homebrew/Cellar/ruby/4.0.6_1/include/ruby-4.0.0/ruby/internal/core/rdata.h:317:1: note: 'rb_data_object_get_warning' has been explicitly marked deprecated here
  317 | RBIMPL_ATTRSET_UNTYPED_DATA_FUNC()
      | ^
/opt/homebrew/Cellar/ruby/4.0.6_1/include/ruby-4.0.0/ruby/internal/core/rdata.h:47:5: note: expanded from macro 'RBIMPL_ATTRSET_UNTYPED_DATA_FUNC'
   47 |     RBIMPL_ATTR_DEPRECATED(("by TypedData"))
      |     ^
/opt/homebrew/Cellar/ruby/4.0.6_1/include/ruby-4.0.0/ruby/internal/attr/deprecated.h:36:53: note: expanded from macro 'RBIMPL_ATTR_DEPRECATED'
   36 | # define RBIMPL_ATTR_DEPRECATED(msg) __attribute__((__deprecated__ msg))
      |                                                     ^
AbstractMemory.c:298:1: warning: 'rb_data_object_get_warning' is deprecated: by TypedData [-Wdeprecated-declarations]
  298 | NUM_OP(bool, unsigned char, rbffi_bool_value, rbffi_bool_new, NOSWAP);
      | ^
AbstractMemory.c:90:5: note: expanded from macro 'NUM_OP'
   90 |     Data_Get_Struct(self, AbstractMemory, memory); \
      |     ^
/opt/homebrew/Cellar/ruby/4.0.6_1/include/ruby-4.0.0/ruby/internal/core/rdata.h:278:34: note: expanded from macro 'Data_Get_Struct'
  278 |     ((sval) = RBIMPL_CAST((type*)rb_data_object_get(obj)))
      |                                  ^
/opt/homebrew/Cellar/ruby/4.0.6_1/include/ruby-4.0.0/ruby/internal/core/rdata.h8 warnings generated.
:370:31: note: expanded from macro 'rb_data_object_get'
  370 | #define rb_data_object_get    RUBY_MACRO_SELECT(rb_data_object_get_2, RUBY_UNTYPED_DATA_WARNING)
      |                               ^
note: (skipping 1 expansions in backtrace; use -fmacro-backtrace-limit=0 to see all)
/opt/homebrew/Cellar/ruby/4.0.6_1/include/ruby-4.0.0/ruby/internal/core/rdata.h:49:35: note: expanded from macro 'RBIMPL_MACRO_SELECT'
   49 | #define RBIMPL_MACRO_SELECT(x, y) x ## y
      |                                   ^
<scratch space>:68:1: note: expanded from here
   68 | rb_data_object_get_1
      | ^
/opt/homebrew/Cellar/ruby/4.0.6_1/include/ruby-4.0.0/ruby/internal/core/rdata.h:368:31: note: expanded from macro 'rb_data_object_get_1'
  368 | #define rb_data_object_get_1  rb_data_object_get_warning
      |                               ^
/opt/homebrew/Cellar/ruby/4.0.6_1/include/ruby-4.0.0/ruby/internal/core/rdata.h:317:1: note: 'rb_data_object_get_warning' has been explicitly marked deprecated here
  317 | RBIMPL_ATTRSET_UNTYPED_DATA_FUNC()
      | ^
/opt/homebrew/Cellar/ruby/4.0.6_1/include/ruby-4.0.0/ruby/internal/core/rdata.h:47:5: note: expanded from macro 'RBIMPL_ATTRSET_UNTYPED_DATA_FUNC'
   47 |     RBIMPL_ATTR_DEPRECATED(("by TypedData"))
      |     ^
/opt/homebrew/Cellar/ruby/4.0.6_1/include/ruby-4.0.0/ruby/internal/attr/deprecated.h:36:53: note: expanded from macro 'RBIMPL_ATTR_DEPRECATED'
   36 | # define RBIMPL_ATTR_DEPRECATED(msg) __attribute__((__deprecated__ msg))
      |                                                     ^
AbstractMemory.c:298:1: warning: 'rb_data_object_get_warning' is deprecated: by TypedData [-Wdeprecated-declarations]
  298 | NUM_OP(bool, unsigned char, rbffi_bool_value, rbffi_bool_new, NOSWAP);
      | ^
AbstractMemory.c:99:5: note: expanded from macro 'NUM_OP'
   99 |     Data_Get_Struct(self, AbstractMemory, memory); \
      |     ^
/opt/homebrew/Cellar/ruby/4.0.6_1/include/ruby-4.0.0/ruby/internal/core/rdata.h:278:34: note: expanded from macro 'Data_Get_Struct'
  278 |     ((sval) = RBIMPL_CAST((type*)rb_data_object_get(obj)))
      |                                  ^
/opt/homebrew/Cellar/ruby/4.0.6_1/include/ruby-4.0.0/ruby/internal/core/rdata.h:370:31: note: expanded from macro 'rb_data_object_get'
  370 | #define rb_data_object_get    RUBY_MACRO_SELECT(rb_data_object_get_2, RUBY_UNTYPED_DATA_WARNING)
      |                               ^
note: (skipping 1 expansions in backtrace; use -fmacro-backtrace-limit=0 to see all)
/opt/homebrew/Cellar/ruby/4.0.6_1/include/ruby-4.0.0/ruby/internal/core/rdata.h:49:35: note: expanded from macro 'RBIMPL_MACRO_SELECT'
   49 | #define RBIMPL_MACRO_SELECT(x, y) x ## y
      |                                   ^
<scratch space>:72:1: note: expanded from here
   72 | rb_data_object_get_1
      | ^
/opt/homebrew/Cellar/ruby/4.0.6_1/include/ruby-4.0.0/ruby/internal/core/rdata.h:368:31: note: expanded from macro 'rb_data_object_get_1'
  368 | #define rb_data_object_get_1  rb_data_object_get_warning
      |                               ^
/opt/homebrew/Cellar/ruby/4.0.6_1/include/ruby-4.0.0/ruby/internal/core/rdata.h:317:1: note: 'rb_data_object_get_warning' has been explicitly marked deprecated here
  317 | RBIMPL_ATTRSET_UNTYPED_DATA_FUNC()
      | ^
/opt/homebrew/Cellar/ruby/4.0.6_1/include/ruby-4.0.0/ruby/internal/core/rdata.h:47:5: note: expanded from macro 'RBIMPL_ATTRSET_UNTYPED_DATA_FUNC'
   47 |     RBIMPL_ATTR_DEPRECATED(("by TypedData"))
      |     ^
/opt/homebrew/Cellar/ruby/4.0.6_1/include/ruby-4.0.0/ruby/internal/attr/deprecated.h:36:53: note: expanded from macro 'RBIMPL_ATTR_DEPRECATED'
   36 | # define RBIMPL_ATTR_DEPRECATED(msg) __attribute__((__deprecated__ msg))
      |                                                     ^
AbstractMemory.c:298:1: warning: 'rb_data_object_get_warning' is deprecated: by TypedData [-Wdeprecated-declarations]
  298 | NUM_OP(bool, unsigned char, rbffi_bool_value, rbffi_bool_new, NOSWAP);
      | ^
AbstractMemory.c:118:5: note: expanded from macro 'NUM_OP'
  118 |     Data_Get_Struct(self, AbstractMemory, memory); \
      |     ^
/opt/homebrew/Cellar/ruby/4.0.6_1/include/ruby-4.0.0/ruby/internal/core/rdata.h:278:34: note: expanded from macro 'Data_Get_Struct'
  278 |     ((sval) = RBIMPL_CAST((type*)rb_data_object_get(obj)))
      |                                  ^
/opt/homebrew/Cellar/ruby/4.0.6_1/include/ruby-4.0.0/ruby/internal/core/rdata.h:370:31: note: expanded from macro 'rb_data_object_get'
  370 | #define rb_data_object_get    RUBY_MACRO_SELECT(rb_data_object_get_2, RUBY_UNTYPED_DATA_WARNING)
      |                               ^
note: (skipping 1 expansions in backtrace; use -fmacro-backtrace-limit=0 to see all)
/opt/homebrew/Cellar/ruby/4.0.6_1/include/ruby-4.0.0/ruby/internal/core/rdata.h:49:35: note: expanded from macro 'RBIMPL_MACRO_SELECT'
   49 | #define RBIMPL_MACRO_SELECT(x, y) x ## y
      |                                   ^
<scratch space>:78:1: note: expanded from here
   78 | rb_data_object_get_1
      | ^
/opt/homebrew/Cellar/ruby/4.0.6_1/include/ruby-4.0.0/ruby/internal/core/rdata.h:368:31: note: expanded from macro 'rb_data_object_get_1'
  368 | #define rb_data_object_get_1  rb_data_object_get_warning
      |                               ^
/opt/homebrew/Cellar/ruby/4.0.6_1/include/ruby-4.0.0/ruby/internal/core/rdata.h:317:1: note: 'rb_data_object_get_warning' has been explicitly marked deprecated here
  317 | RBIMPL_ATTRSET_UNTYPED_DATA_FUNC()
      | ^
/opt/homebrew/Cellar/ruby/4.0.6_1/include/ruby-4.0.0/ruby/internal/core/rdata.h:47:5: note: expanded from macro 'RBIMPL_ATTRSET_UNTYPED_DATA_FUNC'
   47 |     RBIMPL_ATTR_DEPRECATED(("by TypedData"))
      |     ^
/opt/homebrew/Cellar/ruby/4.0.6_1/include/ruby-4.0.0/ruby/internal/attr/deprecated.h:36:53: note: expanded from macro 'RBIMPL_ATTR_DEPRECATED'
   36 | # define RBIMPL_ATTR_DEPRECATED(msg) __attribute__((__deprecated__ msg))
      |                                                     ^
AbstractMemory.c:298:1: warning: 'rb_data_object_get_warning' is deprecated: by TypedData [-Wdeprecated-declarations]
  298 | NUM_OP(bool, unsigned char, rbffi_bool_value, rbffi_bool_new, NOSWAP);
      | ^
AbstractMemory.c:126:5: note: expanded from macro 'NUM_OP'
  126 |     Data_Get_Struct(self, AbstractMemory, memory); \
      |     ^
/opt/homebrew/Cellar/ruby/4.0.6_1/include/ruby-4.0.0/ruby/internal/core/rdata.h:278:34: note: expanded from macro 'Data_Get_Struct'
  278 |     ((sval) = RBIMPL_CAST((type*)rb_data_object_get(obj)))
      |                                  ^
/opt/homebrew/Cellar/ruby/4.0.6_1/include/ruby-4.0.0/ruby/internal/core/rdata.h:370:31: note: expanded from macro 'rb_data_object_get'
  370 | #define rb_data_object_get    RUBY_MACRO_SELECT(rb_data_object_get_2, RUBY_UNTYPED_DATA_WARNING)
      |                               ^
note: (skipping 1 expansions in backtrace; use -fmacro-backtrace-limit=0 to see all)
/opt/homebrew/Cellar/ruby/4.0.6_1/include/ruby-4.0.0/ruby/internal/core/rdata.h:49:35: note: expanded from macro 'RBIMPL_MACRO_SELECT'
   49 | #define RBIMPL_MACRO_SELECT(x, y) x ## y
      |                                   ^
<scratch space>:82:1: note: expanded from here
   82 | rb_data_object_get_1
      | ^
/opt/homebrew/Cellar/ruby/4.0.6_1/include/ruby-4.0.0/ruby/internal/core/rdata.h:368:31: note: expanded from macro 'rb_data_object_get_1'
  368 | #define rb_data_object_get_1  rb_data_object_get_warning
      |                               ^
/opt/homebrew/Cellar/ruby/4.0.6_1/include/ruby-4.0.0/ruby/internal/core/rdata.h:317:1: note: 'rb_data_object_get_warning' has been explicitly marked deprecated here
  317 | RBIMPL_ATTRSET_UNTYPED_DATA_FUNC()
      | ^
/opt/homebrew/Cellar/ruby/4.0.6_1/include/ruby-4.0.0/ruby/internal/core/rdata.h:47:5: note: expanded from macro 'RBIMPL_ATTRSET_UNTYPED_DATA_FUNC'
   47 |     RBIMPL_ATTR_DEPRECATED(("by TypedData"))
      |     ^
/opt/homebrew/Cellar/ruby/4.0.6_1/include/ruby-4.0.0/ruby/internal/attr/deprecated.h:36:53: note: expanded from macro 'RBIMPL_ATTR_DEPRECATED'
   36 | # define RBIMPL_ATTR_DEPRECATED(msg) __attribute__((__deprecated__ msg))
      |                                                     ^
AbstractMemory.c:324:5: warning: 'rb_data_object_get_warning' is deprecated: by TypedData [-Wdeprecated-declarations]
  324 |     Data_Get_Struct(self, AbstractMemory, ptr);
      |     ^
/opt/homebrew/Cellar/ruby/4.0.6_1/include/ruby-4.0.0/ruby/internal/core/rdata.h:278:34: note: expanded from macro 'Data_Get_Struct'
  278 |     ((sval) = RBIMPL_CAST((type*)rb_data_object_get(obj)))
      |                                  ^
/opt/homebrew/Cellar/ruby/4.0.6_1/include/ruby-4.0.0/ruby/internal/core/rdata.h:370:31: note: expanded from macro 'rb_data_object_get'
  370 | #define rb_data_object_get    RUBY_MACRO_SELECT(rb_data_object_get_2, RUBY_UNTYPED_DATA_WARNING)
      |                               ^
/opt/homebrew/Cellar/ruby/4.0.6_1/include/ruby-4.0.0/ruby/internal/core/rdata.h:50:35: note: expanded from macro 'RUBY_MACRO_SELECT'
   50 | #define RUBY_MACRO_SELECT(x, y)   RBIMPL_MACRO_SELECT(x, y)
      |                                   ^
/opt/homebrew/Cellar/ruby/4.0.6_1/include/ruby-4.0.0/ruby/internal/core/rdata.h:49:35: note: expanded from macro 'RBIMPL_MACRO_SELECT'
   49 | #define RBIMPL_MACRO_SELECT(x, y) x ## y
      |                                   ^
<scratch space>:97:1: note: expanded from here
   97 | rb_data_object_get_1
      | ^
/opt/homebrew/Cellar/ruby/4.0.6_1/include/ruby-4.0.0/ruby/internal/core/rdata.h:368:31: note: expanded from macro 'rb_data_object_get_1'
  368 | #define rb_data_object_get_1  rb_data_object_get_warning
      |                               ^
/opt/homebrew/Cellar/ruby/4.0.6_1/include/ruby-4.0.0/ruby/internal/core/rdata.h:317:1: note: 'rb_data_object_get_warning' has been explicitly marked deprecated here
  317 | RBIMPL_ATTRSET_UNTYPED_DATA_FUNC()
      | ^
/opt/homebrew/Cellar/ruby/4.0.6_1/include/ruby-4.0.0/ruby/internal/core/rdata.h:47:5: note: expanded from macro 'RBIMPL_ATTRSET_UNTYPED_DATA_FUNC'
   47 |     RBIMPL_ATTR_DEPRECATED(("by TypedData"))
      |     ^
/opt/homebrew/Cellar/ruby/4.0.6_1/include/ruby-4.0.0/ruby/internal/attr/deprecated.h:36:53: note: expanded from macro 'RBIMPL_ATTR_DEPRECATED'
   36 | # define RBIMPL_ATTR_DEPRECATED(msg) __attribute__((__deprecated__ msg))
      |                                                     ^
AbstractMemory.c:347:5: warning: 'rb_data_object_get_warning' is deprecated: by TypedData [-Wdeprecated-declarations]
  347 |     Data_Get_Struct(self, AbstractMemory, ptr);
      |     ^
/opt/homebrew/Cellar/ruby/4.0.6_1/include/ruby-4.0.0/ruby/internal/core/rdata.h:278:34: note: expanded from macro 'Data_Get_Struct'
  278 |     ((sval) = RBIMPL_CAST((type*)rb_data_object_get(obj)))
      |                                  ^
/opt/homebrew/Cellar/ruby/4.0.6_1/include/ruby-4.0.0/ruby/internal/core/rdata.h:370:31: note: expanded from macro 'rb_data_object_get'
  370 | #define rb_data_object_get    RUBY_MACRO_SELECT(rb_data_object_get_2, RUBY_UNTYPED_DATA_WARNING)
      |                               ^
/opt/homebrew/Cellar/ruby/4.0.6_1/include/ruby-4.0.0/ruby/internal/core/rdata.h:50:35: note: expanded from macro 'RUBY_MACRO_SELECT'
   50 | #define RUBY_MACRO_SELECT(x, y)   RBIMPL_MACRO_SELECT(x, y)
      |                                   ^
/opt/homebrew/Cellar/ruby/4.0.6_1/include/ruby-4.0.0/ruby/internal/core/rdata.h:49:35: note: expanded from macro 'RBIMPL_MACRO_SELECT'
   49 | #define RBIMPL_MACRO_SELECT(x, y) x ## y
      |                                   ^
<scratch space>:98:1: note: expanded from here
   98 | rb_data_object_get_1
      | ^
/opt/homebrew/Cellar/ruby/4.0.6_1/include/ruby-4.0.0/ruby/internal/core/rdata.h:368:31: note: expanded from macro 'rb_data_object_get_1'
  368 | #define rb_data_object_get_1  rb_data_object_get_warning
      |                               ^
/opt/homebrew/Cellar/ruby/4.0.6_1/include/ruby-4.0.0/ruby/internal/core/rdata.h:317:1: note: 'rb_data_object_get_warning' has been explicitly marked deprecated here
  317 | RBIMPL_ATTRSET_UNTYPED_DATA_FUNC()
      | ^
/opt/homebrew/Cellar/ruby/4.0.6_1/include/ruby-4.0.0/ruby/internal/core/rdata.h:47:5: note: expanded from macro 'RBIMPL_ATTRSET_UNTYPED_DATA_FUNC'
   47 |     RBIMPL_ATTR_DEPRECATED(("by TypedData"))
      |     ^
/opt/homebrew/Cellar/ruby/4.0.6_1/include/ruby-4.0.0/ruby/internal/attr/deprecated.h:36:53: note: expanded from macro 'RBIMPL_ATTR_DEPRECATED'
   36 | # define RBIMPL_ATTR_DEPRECATED(msg) __attribute__((__deprecated__ msg))
      |                                                     ^
AbstractMemory.c:348:5: warning: 'rb_data_object_get_warning' is deprecated: by TypedData [-Wdeprecated-declarations]
  348 |     Data_Get_Struct(nType, Type, type);
      |     ^
/opt/homebrew/Cellar/ruby/4.0.6_1/include/ruby-4.0.0/ruby/internal/core/rdata.h:278:34: note: expanded from macro 'Data_Get_Struct'
  278 |     ((sval) = RBIMPL_CAST((type*)rb_data_object_get(obj)))
      |                                  ^
/opt/homebrew/Cellar/ruby/4.0.6_1/include/ruby-4.0.0/ruby/internal/core/rdata.h:370:31: note: expanded from macro 'rb_data_object_get'
  370 | #define rb_data_object_get    RUBY_MACRO_SELECT(rb_data_object_get_2, RUBY_UNTYPED_DATA_WARNING)
      |                               ^
/opt/homebrew/Cellar/ruby/4.0.6_1/include/ruby-4.0.0/ruby/internal/core/rdata.h:50:35: note: expanded from macro 'RUBY_MACRO_SELECT'
   50 | #define RUBY_MACRO_SELECT(x, y)   RBIMPL_MACRO_SELECT(x, y)
      |                                   ^
/opt/homebrew/Cellar/ruby/4.0.6_1/include/ruby-4.0.0/ruby/internal/core/rdata.h:49:35: note: expanded from macro 'RBIMPL_MACRO_SELECT'
   49 | #define RBIMPL_MACRO_SELECT(x, y) x ## y
      |                                   ^
<scratch space>:99:1: note: expanded from here
   99 | rb_data_object_get_1
      | ^
/opt/homebrew/Cellar/ruby/4.0.6_1/include/ruby-4.0.0/ruby/internal/core/rdata.h:368:31: note: expanded from macro 'rb_data_object_get_1'
  368 | #define rb_data_object_get_1  rb_data_object_get_warning
      |                               ^
/opt/homebrew/Cellar/ruby/4.0.6_1/include/ruby-4.0.0/ruby/internal/core/rdata.h:317:1: note: 'rb_data_object_get_warning' has been explicitly marked deprecated here
  317 | RBIMPL_ATTRSET_UNTYPED_DATA_FUNC()
      | ^
/opt/homebrew/Cellar/ruby/4.0.6_1/include/ruby-4.0.0/ruby/internal/core/rdata.h:47:5: note: expanded from macro 'RBIMPL_ATTRSET_UNTYPED_DATA_FUNC'
   47 |     RBIMPL_ATTR_DEPRECATED(("by TypedData"))
      |     ^
/opt/homebrew/Cellar/ruby/4.0.6_1/include/ruby-4.0.0/ruby/internal/attr/deprecated.h:36:53: note: expanded from macro 'RBIMPL_ATTR_DEPRECATED'
   36 | # define RBIMPL_ATTR_DEPRECATED(msg) __attribute__((__deprecated__ msg))
      |                                                     ^
AbstractMemory.c:379:5: warning: 'rb_data_object_get_warning' is deprecated: by TypedData [-Wdeprecated-declarations]
  379 |     Data_Get_Struct(self, AbstractMemory, ptr);
      |     ^
/opt/homebrew/Cellar/ruby/4.0.6_1/include/ruby-4.0.0/ruby/internal/core/rdata.h:278:34: note: expanded from macro 'Data_Get_Struct'
  278 |     ((sval) = RBIMPL_CAST((type*)rb_data_object_get(obj)))
      |                                  ^
/opt/homebrew/Cellar/ruby/4.0.6_1/include/ruby-4.0.0/ruby/internal/core/rdata.h:370:31: note: expanded from macro 'rb_data_object_get'
  370 | #define rb_data_object_get    RUBY_MACRO_SELECT(rb_data_object_get_2, RUBY_UNTYPED_DATA_WARNING)
      |                               ^
/opt/homebrew/Cellar/ruby/4.0.6_1/include/ruby-4.0.0/ruby/internal/core/rdata.h:50:35: note: expanded from macro 'RUBY_MACRO_SELECT'
   50 | #define RUBY_MACRO_SELECT(x, y)   RBIMPL_MACRO_SELECT(x, y)
      |                                   ^
/opt/homebrew/Cellar/ruby/4.0.6_1/include/ruby-4.0.0/ruby/internal/core/rdata.h:49:35: note: expanded from macro 'RBIMPL_MACRO_SELECT'
   49 | #define RBIMPL_MACRO_SELECT(x, y) x ## y
      |                                   ^
<scratch space>:100:1: note: expanded from here
  100 | rb_data_object_get_1
      | ^
/opt/homebrew/Cellar/ruby/4.0.6_1/include/ruby-4.0.0/ruby/internal/core/rdata.h:368:31: note: expanded from macro 'rb_data_object_get_1'
  368 | #define rb_data_object_get_1  rb_data_object_get_warning
      |                               ^
/opt/homebrew/Cellar/ruby/4.0.6_1/include/ruby-4.0.0/ruby/internal/core/rdata.h:317:1: note: 'rb_data_object_get_warning' has been explicitly marked deprecated here
  317 | RBIMPL_ATTRSET_UNTYPED_DATA_FUNC()
      | ^
/opt/homebrew/Cellar/ruby/4.0.6_1/include/ruby-4.0.0/ruby/internal/core/rdata.h:47:5: note: expanded from macro 'RBIMPL_ATTRSET_UNTYPED_DATA_FUNC'
   47 |     RBIMPL_ATTR_DEPRECATED(("by TypedData"))
      |     ^
/opt/homebrew/Cellar/ruby/4.0.6_1/include/ruby-4.0.0/ruby/internal/attr/deprecated.h:36:53: note: expanded from macro 'RBIMPL_ATTR_DEPRECATED'
   36 | # define RBIMPL_ATTR_DEPRECATED(msg) __attribute__((__deprecated__ msg))
      |                                                     ^
AbstractMemory.c:380:5: warning: 'rb_data_object_get_warning' is deprecated: by TypedData [-Wdeprecated-declarations]
  380 |     Data_Get_Struct(nType, Type, type);
      |     ^
/opt/homebrew/Cellar/ruby/4.0.6_1/include/ruby-4.0.0/ruby/internal/core/rdata.h:278:34: note: expanded from macro 'Data_Get_Struct'
  278 |     ((sval) = RBIMPL_CAST((type*)rb_data_object_get(obj)))
      |                                  ^
/opt/homebrew/Cellar/ruby/4.0.6_1/include/ruby-4.0.0/ruby/internal/core/rdata.h:370:31: note: expanded from macro 'rb_data_object_get'
  370 | #define rb_data_object_get    RUBY_MACRO_SELECT(rb_data_object_get_2, RUBY_UNTYPED_DATA_WARNING)
      |                               ^
/opt/homebrew/Cellar/ruby/4.0.6_1/include/ruby-4.0.0/ruby/internal/core/rdata.h:50:35: note: expanded from macro 'RUBY_MACRO_SELECT'
   50 | #define RUBY_MACRO_SELECT(x, y)   RBIMPL_MACRO_SELECT(x, y)
      |                                   ^
/opt/homebrew/Cellar/ruby/4.0.6_1/include/ruby-4.0.0/ruby/internal/core/rdata.h:49:35: note: expanded from macro 'RBIMPL_MACRO_SELECT'
   49 | #define RBIMPL_MACRO_SELECT(x, y) x ## y
      |                                   ^
<scratch space>:101:1: note: expanded from here
  101 | rb_data_object_get_1
      | ^
/opt/homebrew/Cellar/ruby/4.0.6_1/include/ruby-4.0.0/ruby/internal/core/rdata.h:368:31: note: expanded from macro 'rb_data_object_get_1'
  368 | #define rb_data_object_get_1  rb_data_object_get_warning
      |                               ^
/opt/homebrew/Cellar/ruby/4.0.6_1/include/ruby-4.0.0/ruby/internal/core/rdata.h:317:1: note: 'rb_data_object_get_warning' has been explicitly marked deprecated here
  317 | RBIMPL_ATTRSET_UNTYPED_DATA_FUNC()
      | ^
/opt/homebrew/Cellar/ruby/4.0.6_1/include/ruby-4.0.0/ruby/internal/core/rdata.h:47:5: note: expanded from macro 'RBIMPL_ATTRSET_UNTYPED_DATA_FUNC'
   47 |     RBIMPL_ATTR_DEPRECATED(("by TypedData"))
      |     ^
/opt/homebrew/Cellar/ruby/4.0.6_1/include/ruby-4.0.0/ruby/internal/attr/deprecated.h:36:53: note: expanded from macro 'RBIMPL_ATTR_DEPRECATED'
   36 | # define RBIMPL_ATTR_DEPRECATED(msg) __attribute__((__deprecated__ msg))
      |                                                     ^
AbstractMemory.c:445:5: warning: 'rb_data_object_get_warning' is deprecated: by TypedData [-Wdeprecated-declarations]
  445 |     Data_Get_Struct(self, AbstractMemory, ptr);
      |     ^
/opt/homebrew/Cellar/ruby/4.0.6_1/include/ruby-4.0.0/ruby/internal/core/rdata.h:278:34: note: expanded from macro 'Data_Get_Struct'
  278 |     ((sval) = RBIMPL_CAST((type*)rb_data_object_get(obj)))
      |                                  ^
/opt/homebrew/Cellar/ruby/4.0.6_1/include/ruby-4.0.0/ruby/internal/core/rdata.h:370:31: note: expanded from macro 'rb_data_object_get'
  370 | #define rb_data_object_get    RUBY_MACRO_SELECT(rb_data_object_get_2, RUBY_UNTYPED_DATA_WARNING)
      |                               ^
/opt/homebrew/Cellar/ruby/4.0.6_1/include/ruby-4.0.0/ruby/internal/core/rdata.h:50:35: note: expanded from macro 'RUBY_MACRO_SELECT'
   50 | #define RUBY_MACRO_SELECT(x, y)   RBIMPL_MACRO_SELECT(x, y)
      |                                   ^
/opt/homebrew/Cellar/ruby/4.0.6_1/include/ruby-4.0.0/ruby/internal/core/rdata.h:49:35: note: expanded from macro 'RBIMPL_MACRO_SELECT'
   49 | #define RBIMPL_MACRO_SELECT(x, y) x ## y
      |                                   ^
<scratch space>:102:1: note: expanded from here
  102 | rb_data_object_get_1
      | ^
/opt/homebrew/Cellar/ruby/4.0.6_1/include/ruby-4.0.0/ruby/internal/core/rdata.h:368:31: note: expanded from macro 'rb_data_object_get_1'
  368 | #define rb_data_object_get_1  rb_data_object_get_warning
      |                               ^
/opt/homebrew/Cellar/ruby/4.0.6_1/include/ruby-4.0.0/ruby/internal/core/rdata.h:317:1: note: 'rb_data_object_get_warning' has been explicitly marked deprecated here
  317 | RBIMPL_ATTRSET_UNTYPED_DATA_FUNC()
      | ^
/opt/homebrew/Cellar/ruby/4.0.6_1/include/ruby-4.0.0/ruby/internal/core/rdata.h:47:5: note: expanded from macro 'RBIMPL_ATTRSET_UNTYPED_DATA_FUNC'
   47 |     RBIMPL_ATTR_DEPRECATED(("by TypedData"))
      |     ^
/opt/homebrew/Cellar/ruby/4.0.6_1/include/ruby-4.0.0/ruby/internal/attr/deprecated.h:36:53: note: expanded from macro 'RBIMPL_ATTR_DEPRECATED'
   36 | # define RBIMPL_ATTR_DEPRECATED(msg) __attribute__((__deprecated__ msg))
      |                                                     ^
AbstractMemory.c:636:5: warning: 'rb_data_object_get_warning' is deprecated: by TypedData [-Wdeprecated-declarations]
  636 |     Data_Get_Struct(self, AbstractMemory, ptr);
      |     ^
/opt/homebrew/Cellar/ruby/4.0.6_1/include/ruby-4.0.0/ruby/internal/core/rdata.h:278:34: note: expanded from macro 'Data_Get_Struct'
  278 |     ((sval) = RBIMPL_CAST((type*)rb_data_object_get(obj)))
      |                                  ^
/opt/homebrew/Cellar/ruby/4.0.6_1/include/ruby-4.0.0/ruby/internal/core/rdata.h:370:31: note: expanded from macro 'rb_data_object_get'
  370 | #define rb_data_object_get    RUBY_MACRO_SELECT(rb_data_object_get_2, RUBY_UNTYPEDcompiling Pointer.c
_DATA_WARNING)
      |                               ^
/opt/homebrew/Cellar/ruby/4.0.6_1/include/ruby-4.0.0/ruby/internal/core/rdata.h:50:35: note: expanded from macro 'RUBY_MACRO_SELECT'
   50 | #define RUBY_MACRO_SELECT(x, y)   RBIMPL_MACRO_SELECT(x, y)
      |                                   ^
/opt/homebrew/Cellar/ruby/4.0.6_1/include/ruby-4.0.0/ruby/internal/core/rdata.h:49:35: note: expanded from macro 'RBIMPL_MACRO_SELECT'
   49 | #define RBIMPL_MACRO_SELECT(x, y) x ## y
      |                                   ^
<scratch space>:103:1: note: expanded from here
  103 | rb_data_object_get_1
      | ^
/opt/homebrew/Cellar/ruby/4.0.6_1/include/ruby-4.0.0/ruby/internal/core/rdata.h:368:31: note: expanded from macro 'rb_data_object_get_1'
  368 | #define rb_data_object_get_1  rb_data_object_get_warning
      |                               ^
/opt/homebrew/Cellar/ruby/4.0.6_1/include/ruby-4.0.0/ruby/internal/core/rdata.h:317:1: note: 'rb_data_object_get_warning' has been explicitly marked deprecated here
  317 | RBIMPL_ATTRSET_UNTYPED_DATA_FUNC()
      | ^
/opt/homebrew/Cellar/ruby/4.0.6_1/include/ruby-4.0.0/ruby/internal/core/rdata.h:47:5: note: expanded from macro 'RBIMPL_ATTRSET_UNTYPED_DATA_FUNC'
   47 |     RBIMPL_ATTR_DEPRECATED(("by TypedData"))
      |     ^
/opt/homebrew/Cellar/ruby/4.0.6_1/include/ruby-4.0.0/ruby/internal/attr/deprecated.h:36:53: note: expanded from macro 'RBIMPL_ATTR_DEPRECATED'
   36 | # define RBIMPL_ATTR_DEPRECATED(msg) __attribute__((__deprecated__ msg))
      |                                                     ^
AbstractMemory.c:654:5: warning: 'rb_data_object_get_warning' is deprecated: by TypedData [-Wdeprecated-declarations]
  654 |     Data_Get_Struct(self, AbstractMemory, ptr);
      |     ^
/opt/homebrew/Cellar/ruby/4.0.6_1/include/ruby-4.0.0/ruby/internal/core/rdata.h:278:34: note: expanded from macro 'Data_Get_Struct'
  278 |     ((sval) = RBIMPL_CAST((type*)rb_data_object_get(obj)))
      |                                  ^
/opt/homebrew/Cellar/ruby/4.0.6_1/include/ruby-4.0.0/ruby/internal/core/rdata.h:370:31: note: expanded from macro 'rb_data_object_get'
  370 | #define rb_data_object_get    RUBY_MACRO_SELECT(rb_data_object_get_2, RUBY_UNTYPED_DATA_WARNING)
      |                               ^
/opt/homebrew/Cellar/ruby/4.0.6_1/include/ruby-4.0.0/ruby/internal/core/rdata.h:50:35: note: expanded from macro 'RUBY_MACRO_SELECT'
   50 | #define RUBY_MACRO_SELECT(x, y)   RBIMPL_MACRO_SELECT(x, y)
      |                                   ^
/opt/homebrew/Cellar/ruby/4.0.6_1/include/ruby-4.0.0/ruby/internal/core/rdata.h:49:35: note: expanded from macro 'RBIMPL_MACRO_SELECT'
   49 | #define RBIMPL_MACRO_SELECT(x, y) x ## y
      |                                   ^
<scratch space>:104:1: note: expanded from here
  104 | rb_data_object_get_1
      | ^
/opt/homebrew/Cellar/ruby/4.0.6_1/include/ruby-4.0.0/ruby/internal/core/rdata.h:368:31: note: expanded from macro 'rb_data_object_get_1'
  368 | #define rb_data_object_get_1  rb_data_object_get_warning
      |                               ^
/opt/homebrew/Cellar/ruby/4.0.6_1/include/ruby-4.0.0/ruby/internal/core/rdata.h:317:1: note: 'rb_data_object_get_warning' has been explicitly marked deprecated here
  317 | RBIMPL_ATTRSET_UNTYPED_DATA_FUNC()
      | ^
/opt/homebrew/Cellar/ruby/4.0.6_1/include/ruby-4.0.0/ruby/internal/core/rdata.h:47:5: note: expanded from macro 'RBIMPL_ATTRSET_UNTYPED_DATA_FUNC'
   47 |     RBIMPL_ATTR_DEPRECATED(("by TypedData"))
      |     ^
/opt/homebrew/Cellar/ruby/4.0.6_1/include/ruby-4.0.0/ruby/internal/attr/deprecated.h:36:53: note: expanded from macro 'RBIMPL_ATTR_DEPRECATED'
   36 | # define RBIMPL_ATTR_DEPRECATED(msg) __attribute__((__deprecated__ msg))
      |                                                     ^
AbstractMemory.c:672:5: warning: 'rb_data_object_get_warning' is deprecated: by TypedData [-Wdeprecated-declarations]
  672 |     Data_Get_Struct(self, AbstractMemory, dst);
      |     ^
/opt/homebrew/Cellar/ruby/4.0.6_1/include/ruby-4.0.0/ruby/internal/core/rdata.h:278:34: note: expanded from macro 'Data_Get_Struct'
  278 |     ((sval) = RBIMPL_CAST((type*)rb_data_object_get(obj)))
      |                                  ^
/opt/homebrew/Cellar/ruby/4.0.6_1/include/ruby-4.0.0/ruby/internal/core/rdata.h:370:31: note: expanded from macro 'rb_data_object_get'
  370 | #define rb_data_object_get    RUBY_MACRO_SELECT(rb_data_object_get_2, RUBY_UNTYPED_DATA_WARNING)
      |                               ^
/opt/homebrew/Cellar/ruby/4.0.6_1/include/ruby-4.0.0/ruby/internal/core/rdata.h:50:35: note: expanded from macro 'RUBY_MACRO_SELECT'
   50 | #define RUBY_MACRO_SELECT(x, y)   RBIMPL_MACRO_SELECT(x, y)
      |                                   ^
/opt/homebrew/Cellar/ruby/4.0.6_1/include/ruby-4.0.0/ruby/internal/core/rdata.h:49:35: note: expanded from macro 'RBIMPL_MACRO_SELECT'
   49 | #define RBIMPL_MACRO_SELECT(x, y) x ## y
      |                                   ^
<scratch space>:105:1: note: expanded from here
  105 | rb_data_object_get_1
      | ^
/opt/homebrew/Cellar/ruby/4.0.6_1/include/ruby-4.0.0/ruby/internal/core/rdata.h:368:31: note: expanded from macro 'rb_data_object_get_1'
  368 | #define rb_data_object_get_1  rb_data_object_get_warning
      |                               ^
/opt/homebrew/Cellar/ruby/4.0.6_1/include/ruby-4.0.0/ruby/internal/core/rdata.h:317:1: note: 'rb_data_object_get_warning' has been explicitly marked deprecated here
  317 | RBIMPL_ATTRSET_UNTYPED_DATA_FUNC()
      | ^
/opt/homebrew/Cellar/ruby/4.0.6_1/include/ruby-4.0.0/ruby/internal/core/rdata.h:47:5: note: expanded from macro 'RBIMPL_ATTRSET_UNTYPED_DATA_FUNC'
   47 |     RBIMPL_ATTR_DEPRECATED(("by TypedData"))
      |     ^
/opt/homebrew/Cellar/ruby/4.0.6_1/include/ruby-4.0.0/ruby/internal/attr/deprecated.h:36:53: note: expanded from macro 'RBIMPL_ATTR_DEPRECATED'
   36 | # define RBIMPL_ATTR_DEPRECATED(msg) __attribute__((__deprecated__ msg))
      |                                                     ^
AbstractMemory.c:684:9: warning: 'rb_data_object_get_warning' is deprecated: by TypedData [-Wdeprecated-declarations]
  684 |         Data_Get_Struct(obj, AbstractMemory, memory);
      |         ^
/opt/homebrew/Cellar/ruby/4.0.6_1/include/ruby-4.0.0/ruby/internal/core/rdata.h:278:34: note: expanded from macro 'Data_Get_Struct'
  278 |     ((sval) = RBIMPL_CAST((type*)rb_data_object_get(obj)))
      |                                  ^
/opt/homebrew/Cellar/ruby/4.0.6_1/include/ruby-4.0.0/ruby/internal/core/rdata.h:370:31: note: expanded from macro 'rb_data_object_get'
  370 | #define rb_data_object_get    RUBY_MACRO_SELECT(rb_data_object_get_2, RUBY_UNTYPED_DATA_WARNING)
      |                               ^
/opt/homebrew/Cellar/ruby/4.0.6_1/include/ruby-4.0.0/ruby/internal/core/rdata.h:50:35: note: expanded from macro 'RUBY_MACRO_SELECT'
   50 | #define RUBY_MACRO_SELECT(x, y)   RBIMPL_MACRO_SELECT(x, y)
      |                                   ^
/opt/homebrew/Cellar/ruby/4.0.6_1/include/ruby-4.0.0/ruby/internal/core/rdata.h:49:35: note: expanded from macro 'RBIMPL_MACRO_SELECT'
   49 | #define RBIMPL_MACRO_SELECT(x, y) x ## y
      |                                   ^
<scratch space>:106:1: note: expanded from here
  106 | rb_data_object_get_1
      | ^
/opt/homebrew/Cellar/ruby/4.0.6_1/include/ruby-4.0.0/ruby/internal/core/rdata.h:368:31: note: expanded from macro 'rb_data_object_get_1'
  368 | #define rb_data_object_get_1  rb_data_object_get_warning
      |                               ^
/opt/homebrew/Cellar/ruby/4.0.6_1/include/ruby-4.0.0/ruby/internal/core/rdata.h:317:1: note: 'rb_data_object_get_warning' has been explicitly marked deprecated here
  317 | RBIMPL_ATTRSET_UNTYPED_DATA_FUNC()
      | ^
/opt/homebrew/Cellar/ruby/4.0.6_1/include/ruby-4.0.0/ruby/internal/core/rdata.h:47:5: note: expanded from macro 'RBIMPL_ATTRSET_UNTYPED_DATA_FUNC'
   47 |     RBIMPL_ATTR_DEPRECATED(("by TypedData"))
      |     ^
/opt/homebrew/Cellar/ruby/4.0.6_1/include/ruby-4.0.0/ruby/internal/attr/deprecated.h:36:53: note: expanded from macro 'RBIMPL_ATTR_DEPRECATED'
   36 | # define RBIMPL_ATTR_DEPRECATED(msg) __attribute__((__deprecated__ msg))
      |                                                     ^
compiling Struct.c
1 warning generated.
MappedType.c:85:5: warning: 'rb_data_object_get_warning' is deprecated: by TypedData [-Wdeprecated-declarations]
   85 |     Data_Get_Struct(self, MappedType, m);
      |     ^
/opt/homebrew/Cellar/ruby/4.0.6_1/include/ruby-4.0.0/ruby/internal/core/rdata.h:278:34: note: expanded from macro 'Data_Get_Struct'
  278 |     ((sval) = RBIMPL_CAST((type*)rb_data_object_get(obj)))
      |                                  ^
/opt/homebrew/Cellar/ruby/4.0.6_1/include/ruby-4.0.0/ruby/internal/core/rdata.h:370:31: note: expanded from macro 'rb_data_object_get'
  370 | #define rb_data_object_get    RUBY_MACRO_SELECT(rb_data_object_get_2, RUBY_UNTYPED_DATA_WARNING)
      |                               ^
/opt/homebrew/Cellar/ruby/4.0.6_1/include/ruby-4.0.0/ruby/internal/core/rdata.h:50:35: note: expanded from macro 'RUBY_MACRO_SELECT'
   50 | #define RUBY_MACRO_SELECT(x, y)   RBIMPL_MACRO_SELECT(x, y)
      |                                   ^
/opt/homebrew/Cellar/ruby/4.0.6_1/include/ruby-4.0.0/ruby/internal/core/rdata.h:49:35: note: expanded from macro 'RBIMPL_MACRO_SELECT'
   49 | #define RBIMPL_MACRO_SELECT(x, y) x ## y
      |                                   ^
<scratch space>:83:1: note: expanded from here
   83 | rb_data_object_get_1
      | ^
/opt/homebrew/Cellar/ruby/4.0.6_1/include/ruby-4.0.0/ruby/internal/core/rdata.h:368:31: note: expanded from macro 'rb_data_object_get_1'
  368 | #define rb_data_object_get_1  rb_data_object_get_warning
      |                               ^
/opt/homebrew/Cellar/ruby/4.0.6_1/include/ruby-4.0.0/ruby/internal/core/rdata.h:317:1: note: 'rb_data_object_get_warning' has been explicitly marked deprecated here
  317 | RBIMPL_ATTRSET_UNTYPED_DATA_FUNC()
      | ^
/opt/homebrew/Cellar/ruby/4.0.6_1/include/ruby-4.0.0/ruby/internal/core/rdata.h:47:5: note: expanded from macro 'RBIMPL_ATTRSET_UNTYPED_DATA_FUNC'
   47 |     RBIMPL_ATTR_DEPRECATED(("by TypedData"))
      |     ^
/opt/homebrew/Cellar/ruby/4.0.6_1/include/ruby-4.0.0/ruby/internal/attr/deprecated.h:36:53: note: expanded from macro 'RBIMPL_ATTR_DEPRECATED'
   36 | # define RBIMPL_ATTR_DEPRECATED(msg) __attribute__((__deprecated__ msg))
      |                                                     ^
MappedType.c:92:5: warning: 'rb_data_object_get_warning' is deprecated: by TypedData [-Wdeprecated-declarations]
   92 |     Data_Get_Struct(m->rbType, Type, m->type);
      |     ^
/opt/homebrew/Cellar/ruby/4.0.6_1/include/ruby-4.0.0/ruby/internal/core/rdata.h:278:34: note: expanded from macro 'Data_Get_Struct'
  278 |     ((sval) = RBIMPL_CAST((type*)rb_data_object_get(obj)))
      |                                  ^
/opt/homebrew/Cellar/ruby/4.0.6_1/include/ruby-4.0.0/ruby/internal/core/rdata.h:370:31: note: expanded from macro 'rb_data_object_get'
  370 | #define rb_data_object_get    RUBY_MACRO_SELECT(rb_data_object_get_2, RUBY_UNTYPED_DATA_WARNING)
      |                               ^
/opt/homebrew/Cellar/ruby/4.0.6_1/include/ruby-4.0.0/ruby/internal/core/rdata.h:50:35: note: expanded from macro 'RUBY_MACRO_SELECT'
   50 | #define RUBY_MACRO_SELECT(x, y)   RBIMPL_MACRO_SELECT(x, y)
      |                                   ^
/opt/homebrew/Cellar/ruby/4.0.6_1/include/ruby-4.0.0/ruby/internal/core/rdata.h:49:35: note: expanded from macro 'RBIMPL_MACRO_SELECT'
   49 | #define RBIMPL_MACRO_SELECT(x, y) x ## y
      |                                   ^
<scratch space>:84:1: note: expanded from here
   84 | rb_data_object_get_1
      | ^
/opt/homebrew/Cellar/ruby/4.0.6_1/include/ruby-4.0.0/ruby/internal/core/rdata.h:368:31: note: expanded from macro 'rb_data_object_get_1'
  368 | #define rb_data_object_get_1  rb_data_object_get_warning
      |                               ^
/opt/homebrew/Cellar/ruby/4.0.6_1/include/ruby-4.0.0/ruby/internal/core/rdata.h:317:1: note: 'rb_data_object_get_warning' has been explicitly marked deprecated here
  317 | RBIMPL_ATTRSET_UNTYPED_DATA_FUNC()
      | ^
/opt/homebrew/Cellar/ruby/4.0.6_1/include/ruby-4.0.0/ruby/internal/core/rdata.h:47:5: note: expanded from macro 'RBIMPL_ATTRSET_UNTYPED_DATA_FUNC'
   47 |     RBIMPL_ATTR_DEPRECATED(("by TypedData"))
      |     ^
/opt/homebrew/Cellar/ruby/4.0.6_1/include/ruby-4.0.0/ruby/internal/attr/deprecated.h:36:53: note: expanded from macro 'RBIMPL_ATTR_DEPRECATED'
   36 | # define RBIMPL_ATTR_DEPRECATED(msg) __attribute__((__deprecated__ msg))
      |                                                     ^
MappedType.c:114:5: warning: 'rb_data_object_get_warning' is deprecated: by TypedData [-Wdeprecated-declarations]
  114 |     Data_Get_Struct(self, MappedType, m);
      |     ^
/opt/homebrew/Cellar/ruby/4.0.6_1/include/ruby-4.0.0/ruby/internal/core/rdata.h:278:34: note: expanded from macro 'Data_Get_Struct'
  278 |     ((sval) = RBIMPL_CAST((type*)rb_data_object_get(obj)))
      |                                  ^
/opt/homebrew/Cellar/ruby/4.0.6_1/include/ruby-4.0.0/ruby/internal/core/rdata.h:370:31: note: expanded from macro 'rb_data_object_get'
  370 | #define rb_data_object_get    RUBY_MACRO_SELECT(rb_data_object_get_2, RUBY_UNTYPED_DATA_WARNING)
      |                               ^
/opt/homebrew/Cellar/ruby/4.0.6_1/include/ruby-4.0.0/ruby/internal/core/rdata.h:50:35: note: expanded from macro 'RUBY_MACRO_SELECT'
   50 | #define RUBY_MACRO_SELECT(x, y)   RBIMPL_MACRO_SELECT(x, y)
      |                                   ^
/opt/homebrew/Cellar/ruby/4.0.6_1/include/ruby-4.0.0/ruby/internal/core/rdata.h:49:35: note: expanded from macro 'RBIMPL_MACRO_SELECT'
   49 | #define RBIMPL_MACRO_SELECT(x, y) x ## y
      |                                   ^
<scratch space>:85:1: note: expanded from here
   85 | rb_data_object_get_1
      | ^
/opt/homebrew/Cellar/ruby/4.0.6_1/include/ruby-4.0.0/ruby/internal/core/rdata.h:368:31: note: expanded from macro 'rb_data_object_get_1'
  368 | #define rb_data_object_get_1  rb_data_object_get_warning
      |                               ^
/opt/homebrew/Cellar/ruby/4.0.6_1/include/ruby-4.0.0/ruby/internal/core/rdata.h:317:1: note: 'rb_data_object_get_warning' has been explicitly marked deprecated here
  317 | RBIMPL_ATTRSET_UNTYPED_DATA_FUNC()
      | ^
/opt/homebrew/Cellar/ruby/4.0.6_1/include/ruby-4.0.0/ruby/internal/core/rdata.h:47:5: note: expanded from macro 'RBIMPL_ATTRSET_UNTYPED_DATA_FUNC'
   47 |     RBIMPL_ATTR_DEPRECATED(("by TypedData"))
      |     ^
/opt/homebrew/Cellar/ruby/4.0.6_1/include/ruby-4.0.0/ruby/internal/attr/deprecated.h:36:53: note: expanded from macro 'RBIMPL_ATTR_DEPRECATED'
   36 | # define RBIMPL_ATTR_DEPRECATED(msg) __attribute__((__deprecated__ msg))
      |                                                     ^
MappedType.c:128:5: warning: 'rb_data_object_get_warning' is deprecated: by TypedData [-Wdeprecated-declarations]
  128 |     Data_Get_Struct(self, MappedType, m);
      |     ^
/opt/homebrew/Cellar/ruby/4.0.6_1/include/ruby-4.0.0/ruby/internal/core/rdata.h:278:34: note: expanded from macro 'Data_Get_Struct'
  278 |     ((sval) = RBIMPL_CAST((type*)rb_data_object_get(obj)))
      |                                  ^
/opt/homebrew/Cellar/ruby/4.0.6_1/include/ruby-4.0.0/ruby/internal/core/rdata.h:370:31: note: expanded from macro 'rb_data_object_get'
  370 | #define rb_data_object_get    RUBY_MACRO_SELECT(rb_data_object_get_2, RUBY_UNTYPED_DATA_WARNING)
      |                               ^
/opt/homebrew/Cellar/ruby/4.0.6_1/include/ruby-4.0.0/ruby/internal/core/rdata.h:50:35: note: expanded from macro 'RUBY_MACRO_SELECT'
   50 | #define RUBY_MACRO_SELECT(x, y)   RBIMPL_MACRO_SELECT(x, y)
      |                                   ^
/opt/homebrew/Cellar/ruby/4.0.6_1/include/ruby-4.0.0/ruby/internal/core/rdata.h:49:35: note: expanded from macro 'RBIMPL_MACRO_SELECT'
   49 | #define RBIMPL_MACRO_SELECT(x, y) x ## y
      |                                   ^
<scratch space>:86:1: note: expanded from here
   86 | rb_data_object_get_1
      | ^
/opt/homebrew/Cellar/ruby/4.0.6_1/include/ruby-4.0.0/ruby/internal/core/rdata.h:368:31: note: expanded from macro 'rb_data_object_get_1'
  368 | #define rb_data_object_get_1  rb_data_object_get_warning
      |                               ^
/opt/homebrew/Cellar/ruby/4.0.6_1/include/ruby-4.0.0/ruby/internal/core/rdata.h:317:1: note: 'rb_data_object_get_warning' has been explicitly marked deprecated here
  317 | RBIMPL_ATTRSET_UNTYPED_DATA_FUNC()
      | ^
/opt/homebrew/Cellar/ruby/4.0.6_1/include/ruby-4.0.0/ruby/internal/core/rdata.h:47:5: note: expanded from macro 'RBIMPL_ATTRSET_UNTYPED_DATA_FUNC'
   47 |     RBIMPL_ATTR_DEPRECATED(("by TypedData"))
      |     ^
/opt/homebrew/Cellar/ruby/4.0.6_1/include/ruby-4.0.0/ruby/internal/attr/deprecated.h:36:53: note: expanded from macro 'RBIMPL_ATTR_DEPRECATED'
   36 | # define RBIMPL_ATTR_DEPRECATED(msg) __attribute__((__deprecated__ msg))
      |                                                     ^
MappedType.c:142:5: warning: 'rb_data_object_get_warning' is deprecated: by TypedData [-Wdeprecated-declarations]
  142 |     Data_Get_Struct(self, MappedType, m);
      |     ^
/opt/homebrew/Cellar/ruby/4.0.6_1/include/ruby-4.0.0/ruby/internal/core/rdata.h:278:34: note: expanded from macro 'Data_Get_Struct'
  278 |     ((sval) = RBIMPL_CAST((type*)rb_data_object_get(obj)))
      |                                  ^
/opt/homebrew/Cellar/ruby/4.0.6_1/include/ruby-4.0.0/ruby/internal/core/rdata.h:370:31: note: expanded from macro 'rb_data_object_get'
  370 | #define rb_data_object_get    RUBY_MACRO_SELECT(rb_data_object_get_2, RUBY_UNTYPED_DATA_WARNING)
      |                               ^
/opt/homebrew/Cellar/ruby/4.0.6_1/include/ruby-4.0.0/ruby/internal/core/rdata.h:50:35: note: expanded from macro 'RUBY_MACRO_SELECT'
   50 | #define RUBY_MACRO_SELECT(x, y)   RBIMPL_MACRO_SELECT(x, y)
      |                                   ^
/opt/homebrew/Cellar/ruby/4.0.6_1/include/ruby-4.0.0/ruby/internal/core/rdata.h:49:35: note: expanded from macro 'RBIMPL_MACRO_SELECT'
   49 | #define RBIMPL_MACRO_SELECT(x, y) x ## y
      |                                   ^
<scratch space>:87:1: note: expanded from here
   87 | rb_data_object_get_1
      | ^
/opt/homebrew/Cellar/ruby/4.0.6_1/include/ruby-4.0.0/ruby/internal/core/rdata.h:368:31: note: expanded from macro 'rb_data_object_get_1'
  368 | #define rb_data_object_get_1  rb_data_object_get_warning
      |                               ^
/opt/homebrew/Cellar/ruby/4.0.6_1/include/ruby-4.0.0/ruby/internal/core/rdata.h:317:1: note: 'rb_data_object_get_warning' has been explicitly marked deprecated here
  317 | RBIMPL_ATTRSET_UNTYPED_DATA_FUNC()
      | ^
/opt/homebrew/Cellar/ruby/4.0.6_1/include/ruby-4.0.0/ruby/internal/core/rdata.h:47:5: note: expanded from macro 'RBIMPL_ATTRSET_UNTYPED_DATA_FUNC'
   47 |     RBIMPL_ATTR_DEPRECATED(("by TypedData"))
      |     ^
/opt/homebrew/Cellar/ruby/4.0.6_1/include/ruby-4.0.0/ruby/internal/attr/deprecated.h:36:53: note: expanded from macro 'RBIMPL_ATTR_DEPRECATED'
   36 | # define RBIMPL_ATTR_DEPRECATED(msg) __attribute__((__deprecated__ msg))
      |                                                     ^
compiling StructByValue.c
MemoryPointer.c:97:5: warning: 'rb_data_object_get_warning' is deprecated: by TypedData [-Wdeprecated-declarations]
   97 |     Data_Get_Struct(self, Pointer, p);
      |     ^
/opt/homebrew/Cellar/ruby/4.0.6_1/include/ruby-4.0.0/ruby/internal/core/rdata.h:278:34: note: expanded from macro 'Data_Get_Struct'
  278 |     ((sval) = RBIMPL_CAST((type*)rb_data_object_get(obj)))
      |                                  ^
/opt/homebrew/Cellar/ruby/4.0.6_1/include/ruby-4.0.0/ruby/internal/core/rdata.h:370:31: note: expanded from macro 'rb_data_object_get'
  370 | #define rb_data_object_get    RUBY_MACRO_SELECT(rb_data_object_get_2, RUBY_UNTYPED_DATA_WARNING)
      |                               ^
/opt/homebrew/Cellar/ruby/4.0.6_1/include/ruby-4.0.0/ruby/internal/core/rdata.h:50:35: note: expanded from macro 'RUBY_MACRO_SELECT'
   50 | #define RUBY_MACRO_SELECT(x, y)   RBIMPL_MACRO_SELECT(x, y)
      |                                   ^
/opt/homebrew/Cellar/ruby/4.0.6_1/include/ruby-4.0.0/ruby/internal/core/rdata.h:49:35: note: expanded from macro 'RBIMPL_MACRO_SELECT'
   49 | #define RBIMPL_MACRO_SELECT(x, y) x ## y
      |                                   ^
<scratch space>:82:1: note: expanded from here
   82 | rb_data_object_get_1
      | ^
/opt/homebrew/Cellar/ruby/4.0.6_1/include/ruby-4.0.0/ruby/internal/core/rdata.h:368:31: note: expanded from macro 'rb_data_object_get_1'
  368 | #define rb_data_object_get_1  rb_data_object_get_warning
      |                               ^
/opt/homebrew/Cellar/ruby/4.0.6_1/include/ruby-4.0.0/ruby/internal/core/rdata.h:317:1: note: 'rb_data_object_get_warning' has been explicitly marked deprecated here
  317 | RBIMPL_ATTRSET_UNTYPED_DATA_FUNC()
      | ^
/opt/homebrew/Cellar/ruby/4.0.6_1/include/ruby-4.0.0/ruby/internal/core/rdata.h:47:5: note: expanded from macro 'RBIMPL_ATTRSET_UNTYPED_DATA_FUNC'
   47 |     RBIMPL_ATTR_DEPRECATED(("by TypedData"))
      |     ^
/opt/homebrew/Cellar/ruby/4.0.6_1/include/ruby-4.0.0/ruby/internal/attr/deprecated.h:36:53: note: expanded from macro 'RBIMPL_ATTR_DEPRECATED'
   36 | # define RBIMPL_ATTR_DEPRECATED(msg) __attribute__((__deprecated__ msg))
      |                                                     ^
MemoryPointer.c:125:5: warning: 'rb_data_object_get_warning' is deprecated: by TypedData [-Wdeprecated-declarations]
  125 |     Data_Get_Struct(self, Pointer, ptr);
      |     ^
/opt/homebrew/Cellar/ruby/4.0.6_1/include/ruby-4.0.0/ruby/internal/core/rdata.h:278:34: note: expanded from macro 'Data_Get_Struct'
  278 |     ((sval) = RBIMPL_CAST((type*)rb_data_object_get(obj)))
      |                                  ^
/opt/homebrew/Cellar/ruby/4.0.6_1/include/ruby-4.0.0/ruby/internal/core/rdata.h:370:31: note: expanded from macro 'rb_data_object_get'
  370 | #define rb_data_object_get    RUBY_MACRO_SELECT(rb_data_object_get_2, RUBY_UNTYPED_DATA_WARNING)
      |                               ^
/opt/homebrew/Cellar/ruby/4.0.6_1/include/ruby-4.0.0/ruby/internal/core/rdata.h:50:35: note: expanded from macro 'RUBY_MACRO_SELECT'
   50 | #define RUBY_MACRO_SELECT(x, y)   RBIMPL_MACRO_SELECT(x, y)
      |                                   ^
/opt/homebrew/Cellar/ruby/4.0.6_1/include/ruby-4.0.0/ruby/internal/core/rdata.h:49:35: note: expanded from macro 'RBIMPL_MACRO_SELECT'
   49 | #define RBIMPL_MACRO_SELECT(x, y) x ## y
      |                                   ^
<scratch space>:83:1: note: expanded from here
   83 | rb_data_object_get_1
      | ^
/opt/homebrew/Cellar/ruby/4.0.6_1/include/ruby-4.0.0/ruby/internal/core/rdata.h:368:31: note: expanded from macro 'rb_data_object_get_1'
  368 | #define rb_data_object_get_1  rb_data_object_get_warning
      |                               ^
/opt/homebrew/Cellar/ruby/4.0.6_1/include/ruby-4.0.0/ruby/internal/core/rdata.h:317:1: note: 'rb_data_object_get_warning' has been explicitly marked deprecated here
  317 | RBIMPL_ATTRSET_UNTYPED_DATA_FUNC()
      | ^
/opt/homebrew/Cellar/ruby/4.0.6_1/include/ruby-4.0.0/ruby/internal/core/rdata.h:47:5: note: expanded from macro 'RBIMPL_ATTRSET_UNTYPED_DATA_FUNC'
   47 |     RBIMPL_ATTR_DEPRECATED(("by TypedData"))
      |     ^
/opt/homebrew/Cellar/ruby/4.0.6_1/include/ruby-4.0.0/ruby/internal/attr/deprecated.h:36:53: note: expanded from macro 'RBIMPL_ATTR_DEPRECATED'
   36 | # define RBIMPL_ATTR_DEPRECATED(msg) __attribute__((__deprecated__ msg))
      |                                                     ^
5 warnings generated.
compiling StructLayout.c
5 warnings generated.
compiling Thread.c
compiling Type.c
compiling Types.c
2 warnings generated.
compiling Variadic.c
compiling ffi.c
Pointer.c:98:5: warning: 'rb_data_object_get_warning' is deprecated: by TypedData [-Wdeprecated-declarations]
   98 |     Data_Get_Struct(self, Pointer, p);
      |     ^
/opt/homebrew/Cellar/ruby/4.0.6_1/include/ruby-4.0.0/ruby/internal/core/rdata.h:278:34: note: expanded from macro 'Data_Get_Struct'
  278 |     ((sval) = RBIMPL_CAST((type*)rb_data_object_get(obj)))
      |                                  ^
/opt/homebrew/Cellar/ruby/4.0.6_1/include/ruby-4.0.0/ruby/internal/core/rdata.h:370:31: note: expanded from macro 'rb_data_object_get'
  370 | #define rb_data_object_get    RUBY_MACRO_SELECT(rb_data_object_get_2, RUBY_UNTYPED_DATA_WARNING)
      |                               ^
/opt/homebrew/Cellar/ruby/4.0.6_1/include/ruby-4.0.0/ruby/internal/core/rdata.h:50:35: note: expanded from macro 'RUBY_MACRO_SELECT'
   50 | #define RUBY_MACRO_SELECT(x, y)   RBIMPL_MACRO_SELECT(x, y)
      |                                   ^
/opt/homebrew/Cellar/ruby/4.0.6_1/include/ruby-4.0.0/ruby/internal/core/rdata.h:49:35: note: expanded from macro 'RBIMPL_MACRO_SELECT'
   49 | #define RBIMPL_MACRO_SELECT(x, y) x ## y
      |                                   ^
<scratch space>:82:1: note: expanded from here
   82 | rb_data_object_get_1
      | ^
/opt/homebrew/Cellar/ruby/4.0.6_1/include/ruby-4.0.0/ruby/internal/core/rdata.h:368:31: note: expanded from macro 'rb_data_object_get_1'
  368 | #define rb_data_object_get_1  rb_data_object_get_warning
      |                               ^
/opt/homebrew/Cellar/ruby/4.0.6_1/include/ruby-4.0.0/ruby/internal/core/rdata.h:317:1: note: 'rb_data_object_get_warning' has been explicitly marked deprecated here
  317 | RBIMPL_ATTRSET_UNTYPED_DATA_FUNC()
      | ^
/opt/homebrew/Cellar/ruby/4.0.6_1/include/ruby-4.0.0/ruby/internal/core/rdata.h:47:5: note: expanded from macro 'RBIMPL_ATTRSET_UNTYPED_DATA_FUNC'
   47 |     RBIMPL_ATTR_DEPRECATED(("by TypedData"))
      |     ^
/opt/homebrew/Cellar/ruby/4.0.6_1/include/ruby-4.0.0/ruby/internal/attr/deprecated.h:36:53: note: expanded from macro 'RBIMPL_ATTR_DEPRECATED'
   36 | # define RBIMPL_ATTR_DEPRECATED(msg) __attribute__((__deprecated__ msg))
      |                                                     ^
Pointer.c:127:17: warning: 'rb_data_object_get_warning' is deprecated: by TypedData [-Wdeprecated-declarations]
  127 |                 Data_Get_Struct(rbAddress, Pointer, orig);
      |                 ^
/opt/homebrew/Cellar/ruby/4.0.6_1/include/ruby-4.0.0/ruby/internal/core/rdata.h:278:34: note: expanded from macro 'Data_Get_Struct'
  278 |     ((sval) = RBIMPL_CAST((type*)rb_data_object_get(obj)))
      |                                  ^
/opt/homebrew/Cellar/ruby/4.0.6_1/include/ruby-4.0.0/ruby/internal/core/rdata.h:370:31: note: expanded from macro 'rb_data_object_get'
  370 | #define rb_data_object_get    RUBY_MACRO_SELECT(rb_data_object_get_2, RUBY_UNTYPED_DATA_WARNING)
      |                               ^
/opt/homebrew/Cellar/ruby/4.0.6_1/include/ruby-4.0.0/ruby/internal/core/rdata.h:50:35: note: expanded from macro 'RUBY_MACRO_SELECT'
   50 | #define RUBY_MACRO_SELECT(x, y)   RBIMPL_MACRO_SELECT(x, y)
      |                                   ^
/opt/homebrew/Cellar/ruby/4.0.6_1/include/ruby-4.0.0/ruby/internal/core/rdata.h:49:35: note: expanded from macro 'RBIMPL_MACRO_SELECT'
   49 | #define RBIMPL_MACRO_SELECT(x, y) x ## y
      |                                   ^
<scratch space>:83:1: note: expanded from here
   83 | rb_data_object_get_1
      | ^
/opt/homebrew/Cellar/ruby/4.0.6_1/include/ruby-4.0.0/ruby/internal/core/rdata.h:368:31: note: expanded from macro 'rb_data_object_get_1'
  368 | #define rb_data_object_get_1  rb_data_object_get_warning
      |                               ^
/opt/homebrew/Cellar/ruby/4.0.6_1/include/ruby-4.0.0/ruby/internal/core/rdata.h:317:1: note: 'rb_data_object_get_warning' has been explicitly marked deprecated here
  317 | RBIMPL_ATTRSET_UNTYPED_DATA_FUNC()
      | ^
/opt/homebrew/Cellar/ruby/4.0.6_1/include/ruby-4.0.0/ruby/internal/core/rdata.h:47:5: note: expanded from macro 'RBIMPL_ATTRSET_UNTYPED_DATA_FUNC'
   47 |     RBIMPL_ATTR_DEPRECATED(("by TypedData"))
      |     ^
/opt/homebrew/Cellar/ruby/4.0.6_1/include/ruby-4.0.0/ruby/internal/attr/deprecated.h:36:53: note: expanded from macro 'RBIMPL_ATTR_DEPRECATED'
   36 | # define RBIMPL_ATTR_DEPRECATED(msg) __attribute__((__deprecated__ msg))
      |                                                     ^
Pointer.c:156:5: warning: 'rb_data_object_get_warning' is deprecated: by TypedData [-Wdeprecated-declarations]
  156 |     Data_Get_Struct(self, Pointer, dst);
      |     ^
/opt/homebrew/Cellar/ruby/4.0.6_1/include/ruby-4.0.0/ruby/internal/core/rdata.h:278:34: note: expanded from macro 'Data_Get_Struct'
  278 |     ((sval) = RBIMPL_CAST((type*)rb_data_object_get(obj)))
      |                                  ^
/opt/homebrew/Cellar/ruby/4.0.6_1/include/ruby-4.0.0/ruby/internal/core/rdata.h:370:31: note: expanded from macro 'rb_data_object_get'
  370 | #define rb_data_object_get    RUBY_MACRO_SELECT(rb_data_object_get_2, RUBY_UNTYPED_DATA_WARNING)
      |                               ^
/opt/homebrew/Cellar/ruby/4.0.6_1/include/ruby-4.0.0/ruby/internal/core/rdata.h:50:35: note: expanded from macro 'RUBY_MACRO_SELECT'
   50 | #define RUBY_MACRO_SELECT(x, y)   RBIMPL_MACRO_SELECT(x, y)
      |                                   ^
/opt/homebrew/Cellar/ruby/4.0.6_1/include/ruby-4.0.0/ruby/internal/core/rdata.h:49:35: note: expanded from macro 'RBIMPL_MACRO_SELECT'
   49 | #define RBIMPL_MACRO_SELECT(x, y) x ## y
      |                                   ^
<scratch space>:84:1: note: expanded from here
   84 | rb_data_object_get_1
      | ^
/opt/homebrew/Cellar/ruby/4.0.6_1/include/ruby-4.0.0/ruby/internal/core/rdata.h:368:31: note: expanded from macro 'rb_data_object_get_1'
  368 | #define rb_data_object_get_1  rb_data_object_get_warning
      |                               ^
/opt/homebrew/Cellar/ruby/4.0.6_1/include/ruby-4.0.0/ruby/internal/core/rdata.h:317:1: note: 'rb_data_object_get_warning' has been explicitly marked deprecated here
  317 | RBIMPL_ATTRSET_UNTYPED_DATA_FUNC()
      | ^
/opt/homebrew/Cellar/ruby/4.0.6_1/include/ruby-4.0.0/ruby/internal/core/rdata.h:47:5: note: expanded from macro 'RBIMPL_ATTRSET_UNTYPED_DATA_FUNC'
   47 |     RBIMPL_ATTR_DEPRECATED(("by TypedData"))
      |     ^
/opt/homebrew/Cellar/ruby/4.0.6_1/include/ruby-4.0.0/ruby/internal/attr/deprecated.h:36:53: note: expanded from macro 'RBIMPL_ATTR_DEPRECATED'
   36 | # define RBIMPL_ATTR_DEPRECATED(msg) __attribute__((__deprecated__ msg))
      |                                                     ^
Pointer.c:198:5: warning: 'rb_data_object_get_warning' is deprecated: by TypedData [-Wdeprecated-declarations]
  198 |     Data_Get_Struct(self, AbstractMemory, ptr);
      |     ^
/opt/homebrew/Cellar/ruby/4.0.6_1/include/ruby-4.0.0/ruby/internal/core/rdata.h:278:34: note: expanded from macro 'Data_Get_Struct'
  278 |     ((sval) = RBIMPL_CAST((type*)rb_data_object_get(obj)))
      |                                  ^
/opt/homebrew/Cellar/ruby/4.0.6_1/include/ruby-4.0.0/ruby/internal/core/rdata.h:370:31: note: expanded from macro 'rb_data_object_get'
  370 | #define rb_data_object_get    RUBY_MACRO_SELECT(rb_data_object_get_2, RUBY_UNTYPED_DATA_WARNING)
      |                               ^
/opt/homebrew/Cellar/ruby/4.0.6_1/include/ruby-4.0.0/ruby/internal/core/rdata.h:50:35: note: expanded from macro 'RUBY_MACRO_SELECT'
   50 | #define RUBY_MACRO_SELECT(x, y)   RBIMPL_MACRO_SELECT(x, y)
      |                                   ^
/opt/homebrew/Cellar/ruby/4.0.6_1/include/ruby-4.0.0/ruby/internal/core/rdata.h:49:35: note: expanded from macro 'RBIMPL_MACRO_SELECT'
   49 | #define RBIMPL_MACRO_SELECT(x, y) x ## y
      |                                   ^
<scratch space>:85:1: note: expanded from here
   85 | rb_data_object_get_1
      | ^
/opt/homebrew/Cellar/ruby/4.0.6_1/include/ruby-4.0.0/ruby/internal/core/rdata.h:368:31: note: expanded from macro 'rb_data_object_get_1'
  368 | #define rb_data_object_get_1  rb_data_object_get_warning
      |                               ^
/opt/homebrew/Cellar/ruby/4.0.6_1/include/ruby-4.0.0/ruby/internal/core/rdata.h:317:1: note: 'rb_data_object_get_warning' has been explicitly marked deprecated here
  317 | RBIMPL_ATTRSET_UNTYPED_DATA_FUNC()
      | ^
/opt/homebrew/Cellar/ruby/4.0.6_1/include/ruby-4.0.0/ruby/internal/core/rdata.h:47:5: note: expanded from macro 'RBIMPL_ATTRSET_UNTYPED_DATA_FUNC'
   47 |     RBIMPL_ATTR_DEPRECATED(("by TypedData"))
      |     ^
/opt/homebrew/Cellar/ruby/4.0.6_1/include/ruby-4.0.0/ruby/internal/attr/deprecated.h:36:53: note: expanded from macro 'RBIMPL_ATTR_DEPRECATED'
   36 | # define RBIMPL_ATTR_DEPRECATED(msg) __attribute__((__deprecated__ msg))
      |                                                     ^
Pointer.c:225:5: warning: 'rb_data_object_get_warning' is deprecated: by TypedData [-Wdeprecated-declarations]
  225 |     Data_Get_Struct(self, AbstractMemory, ptr);
      |     ^
/opt/homebrew/Cellar/ruby/4.0.6_1/include/ruby-4.0.0/ruby/internal/core/rdata.h:278:34: note: expanded from macro 'Data_Get_Struct'
  278 |     ((sval) = RBIMPL_CAST((type*)rb_data_object_get(obj)))
      |                                  ^
/opt/homebrew/Cellar/ruby/4.0.6_1/include/ruby-4.0.0/ruby/internal/core/rdata.h:370:31: note: expanded from macro 'rb_data_object_get'
  370 | #define rb_data_object_get    RUBY_MACRO_SELECT(rb_data_object_get_2, RUBY_UNTYPED_DATA_WARNING)
      |                               ^
/opt/homebrew/Cellar/ruby/4.0.6_1/include/ruby-4.0.0/ruby/internal/core/rdata.h:50:35: note: expanded from macro 'RUBY_MACRO_SELECT'
   50 | #define RUBY_MACRO_SELECT(x, y)   RBIMPL_MACRO_SELECT(x, y)
      |                                   ^
/opt/homebrew/Cellar/ruby/4.0.6_1/include/ruby-4.0.0/ruby/internal/core/rdata.h:49:35: note: expanded from macro 'RBIMPL_MACRO_SELECT'
   49 | #define RBIMPL_MACRO_SELECT(x, y) x ## y
      |                                   ^
<scratch space>:86:1: note: expanded from here
   86 | rb_data_object_get_1
      | ^
/opt/homebrew/Cellar/ruby/4.0.6_1/include/ruby-4.0.0/ruby/internal/core/rdata.h:368:31: note: expanded from macro 'rb_data_object_get_1'
  368 | #define rb_data_object_get_1  rb_data_object_get_warning
      |                               ^
/opt/homebrew/Cellar/ruby/4.0.6_1/include/ruby-4.0.0/ruby/internal/core/rdata.h:317:1: note: 'rb_data_object_get_warning' has been explicitly marked deprecated here
  317 | RBIMPL_ATTRSET_UNTYPED_DATA_FUNC()
      | ^
/opt/homebrew/Cellar/ruby/4.0.6_1/include/ruby-4.0.0/ruby/internal/core/rdata.h:47:5: note: expanded from macro 'RBIMPL_ATTRSET_UNTYPED_DATA_FUNC'
   47 |     RBIMPL_ATTR_DEPRECATED(("by TypedData"))
      |     ^
/opt/homebrew/Cellar/ruby/4.0.6_1/include/ruby-4.0.0/ruby/internal/attr/deprecated.h:36:53: note: expanded from macro 'RBIMPL_ATTR_DEPRECATED'
   36 | # define RBIMPL_ATTR_DEPRECATED(msg) __attribute__((__deprecated__ msg))
      |                                                     ^
Pointer.c:255:5: warning: 'rb_data_object_get_warning' is deprecated: by TypedData [-Wdeprecated-declarations]
  255 |     Data_Get_Struct(self, Pointer, ptr);
      |     ^
/opt/homebrew/Cellar/ruby/4.0.6_1/include/ruby-4.0.0/ruby/internal/core/rdata.h:278:34: note: expanded from macro 'Data_Get_Struct'
  278 |     ((sval) = RBIMPL_CAST((type*)rb_data_object_get(obj)))
      |                                  ^
/opt/homebrew/Cellar/ruby/4.0.6_1/include/ruby-4.0.0/ruby/internal/core/rdata.h:370:31: note: expanded from macro 'rb_data_object_get'
  370 | #define rb_data_object_get    RUBY_MACRO_SELECT(rb_data_object_get_2, RUBY_UNTYPED_DATA_WARNING)
      |                               ^
/opt/homebrew/Cellar/ruby/4.0.6_1/include/ruby-4.0.0/ruby/internal/core/rdata.h:50:35: note: expanded from macro 'RUBY_MACRO_SELECT'
   50 | #define RUBY_MACRO_SELECT(x, y)   RBIMPL_MACRO_SELECT(x, y)
      |                                   ^
/opt/homebrew/Cellar/ruby/4.0.6_1/include/ruby-4.0.0/ruby/internal/core/rdata.h:49:35: note: expanded from macro 'RBIMPL_MACRO_SELECT'
   49 | #define RBIMPL_MACRO_SELECT(x, y) x ## y
      |                                   ^
<scratch space>:87:1: note: expanded from here
   87 | rb_data_object_get_1
      | ^
/opt/homebrew/Cellar/ruby/4.0.6_1/include/ruby-4.0.0/ruby/internal/core/rdata.h:368:31: note: expanded from macro 'rb_data_object_get_1'
  368 | #define rb_data_object_get_1  rb_data_object_get_warning
      |                               ^
/opt/homebrew/Cellar/ruby/4.0.6_1/include/ruby-4.0.0/ruby/internal/core/rdata.h:317:1: note: 'rb_data_object_get_warning' has been explicitly marked deprecated here
  317 | RBIMPL_ATTRSET_UNTYPED_DATA_FUNC()
      | ^
/opt/homebrew/Cellar/ruby/4.0.6_1/include/ruby-4.0.0/ruby/internal/core/rdata.h:47:5: note: expanded from macro 'RBIMPL_ATTRSET_UNTYPED_DATA_FUNC'
   47 |     RBIMPL_ATTR_DEPRECATED(("by TypedData"))
      |     ^
/opt/homebrew/Cellar/ruby/4.0.6_1/include/ruby-4.0.0/ruby/internal/attr/deprecated.h:36:53: note: expanded from macro 'RBIMPL_ATTR_DEPRECATED'
   36 | # define RBIMPL_ATTR_DEPRECATED(msg) __attribute__((__deprecated__ msg))
      |                                                     ^
Pointer.c:278:5: warning: 'rb_data_object_get_warning' is deprecated: by TypedData [-Wdeprecated-declarations]
  278 |     Data_Get_Struct(self, Pointer, ptr);
      |     ^
/opt/homebrew/Cellar/ruby/4.0.6_1/include/ruby-4.0.0/ruby/internal/core/rdata.h:278:34: note: expanded from macro 'Data_Get_Struct'
  278 |     ((sval) = RBIMPL_CAST((type*)rb_data_object_get(obj)))
      |                                  ^
/opt/homebrew/Cellar/ruby/4.0.6_1/include/ruby-4.0.0/ruby/internal/core/rdata.h:370:31: note: expanded from macro 'rb_data_object_get'
  370 | #define rb_data_object_get    RUBY_MACRO_SELECT(rb_data_object_get_2, RUBY_UNTYPED_DATA_WARNING)
      |                               ^
/opt/homebrew/Cellar/ruby/4.0.6_1/include/ruby-4.0.0/ruby/internal/core/rdata.h:50:35: note: expanded from macro 'RUBY_MACRO_SELECT'
   50 | #define RUBY_MACRO_SELECT(x, y)   RBIMPL_MACRO_SELECT(x, y)
      |                                   ^
/opt/homebrew/Cellar/ruby/4.0.6_1/include/ruby-4.0.0/ruby/internal/core/rdata.h:49:35: note: expanded from macro 'RBIMPL_MACRO_SELECT'
   49 | #define RBIMPL_MACRO_SELECT(x, y) x ## y
      |                                   ^
<scratch space>:88:1: note: expanded from here
   88 | rb_data_object_get_1
      | ^
/opt/homebrew/Cellar/ruby/4.0.6_1/include/ruby-4.0.0/ruby/internal/core/rdata.h:368:31: note: expanded from macro 'rb_data_object_get_1'
  368 | #define rb_data_object_get_1  rb_data_object_get_warning
      |                               ^
/opt/homebrew/Cellar/ruby/4.0.6_1/include/ruby-4.0.0/ruby/internal/core/rdata.h:317:1: note: 'rb_data_object_get_warning' has been explicitly marked deprecated here
  317 | RBIMPL_ATTRSET_UNTYPED_DATA_FUNC()
      | ^
/opt/homebrew/Cellar/ruby/4.0.6_1/include/ruby-4.0.0/ruby/internal/core/rdata.h:47:5: note: expanded from macro 'RBIMPL_ATTRSET_UNTYPED_DATA_FUNC'
   47 |     RBIMPL_ATTR_DEPRECATED(("by TypedData"))
      |     ^
/opt/homebrew/Cellar/ruby/4.0.6_1/include/ruby-4.0.0/ruby/internal/attr/deprecated.h:36:53: note: expanded from macro 'RBIMPL_ATTR_DEPRECATED'
   36 | # define RBIMPL_ATTR_DEPRECATED(msg) __attribute__((__deprecated__ msg))
      |                                                     ^
Pointer.c:294:5: warning: 'rb_data_object_get_warning' is deprecated: by TypedData [-Wdeprecated-declarations]
  294 |     Data_Get_Struct(self, Pointer, ptr);
      |     ^
/opt/homebrew/Cellar/ruby/4.0.6_1/include/ruby-4.0.0/ruby/internal/core/rdata.h:278:34: note: expanded from macro 'Data_Get_Struct'
  278 |     ((sval) = RBIMPL_CAST((type*)rb_data_object_get(obj)))
      |                                  ^
/opt/homebrew/Cellar/ruby/4.0.6_1/include/ruby-4.0.0/ruby/internal/core/rdata.h:370:31: note: expanded from macro 'rb_data_object_get'
  370 | #define rb_data_object_get    RUBY_MACRO_SELECT(rb_data_object_get_2, RUBY_UNTYPED_DATA_WARNING)
      |                               ^
/opt/homebrew/Cellar/ruby/4.0.6_1/include/ruby-4.0.0/ruby/internal/core/rdata.h:50:35: note: expanded from macro 'RUBY_MACRO_SELECT'
   50 | #define RUBY_MACRO_SELECT(x, y)   RBIMPL_MACRO_SELECT(x, y)
      |                                   ^
/opt/homebrew/Cellar/ruby/4.0.6_1/include/ruby-4.0.0/ruby/internal/core/rdata.h:49:35: note: expanded from macro 'RBIMPL_MACRO_SELECT'
   49 | #define RBIMPL_MACRO_SELECT(x, y) x ## y
      |                                   ^
<scratch space>:89:1: note: expanded from here
   89 | rb_data_object_get_1
      | ^
/opt/homebrew/Cellar/ruby/4.0.6_1/include/ruby-4.0.0/ruby/internal/core/rdata.h:368:31: note: expanded from macro 'rb_data_object_get_1'
  368 | #define rb_data_object_get_1  rb_data_object_get_warning
      |                               ^
/opt/homebrew/Cellar/ruby/4.0.6_1/include/ruby-4.0.0/ruby/internal/core/rdata.h:317:1: note: 'rb_data_object_get_warning' has been explicitly marked deprecated here
  317 | RBIMPL_ATTRSET_UNTYPED_DATA_FUNC()
      | ^
/opt/homebrew/Cellar/ruby/4.0.6_1/include/ruby-4.0.0/ruby/internal/core/rdata.h:47:5: note: expanded from macro 'RBIMPL_ATTRSET_UNTYPED_DATA_FUNC'
   47 |     RBIMPL_ATTR_DEPRECATED(("by TypedData"))
      |     ^
/opt/homebrew/Cellar/ruby/4.0.6_1/include/ruby-4.0.0/ruby/internal/attr/deprecated.h:36:53: note: expanded from macro 'RBIMPL_ATTR_DEPRECATED'
   36 | # define RBIMPL_ATTR_DEPRECATED(msg) __attribute__((__deprecated__ msg))
      |                                                     ^
Pointer.c:313:5: warning: 'rb_data_object_get_warning' is deprecated: by TypedData [-Wdeprecated-declarations]
  313 |     Data_Get_Struct(self, Pointer, ptr);
      |     ^
/opt/homebrew/Cellar/ruby/4.0.6_1/include/ruby-4.0.0/ruby/internal/core/rdata.h:278:34: note: expanded from macro 'Data_Get_Struct'
  278 |     ((sval) = RBIMPL_CAST((type*)rb_data_object_get(obj)))
      |                                  ^
/opt/homebrew/Cellar/ruby/4.0.6_1/include/ruby-4.0.0/ruby/internal/core/rdata.h:370:31: note: expanded from macro 'rb_data_object_get'
  370 | #define rb_data_object_get    RUBY_MACRO_SELECT(rb_data_object_get_2, RUBY_UNTYPED_DATA_WARNING)
      |                               ^
/opt/homebrew/Cellar/ruby/4.0.6_1/include/ruby-4.0.0/ruby/internal/core/rdata.h:50:35: note: expanded from macro 'RUBY_MACRO_SELECT'
   50 | #define RUBY_MACRO_SELECT(x, y)   RBIMPL_MACRO_SELECT(x, y)
      |                                   ^
/opt/homebrew/Cellar/ruby/4.0.6_1/include/ruby-4.0.0/ruby/internal/core/rdata.h:49:35: note: expanded from macro 'RBIMPL_MACRO_SELECT'
   49 | #define RBIMPL_MACRO_SELECT(x, y) x ## y
      |                                   ^
<scratch space>:90:1: note: expanded from here
   90 | rb_data_object_get_1
      | ^
/opt/homebrew/Cellar/ruby/4.0.6_1/include/ruby-4.0.0/ruby/internal/core/rdata.h:368:31: note: expanded from macro 'rb_data_object_get_1'
  368 | #define rb_data_object_get_1  rb_data_object_get_warning
      |                               ^
/opt/homebrew/Cellar/ruby/4.0.6_1/include/ruby-4.0.0/ruby/internal/core/rdata.h:317:1: note: 'rb_data_object_get_warning' has been explicitly marked deprecated here
  317 | RBIMPL_ATTRSET_UNTYPED_DATA_FUNC()
      | ^
/opt/homebrew/Cellar/ruby/4.0.6_1/include/ruby-4.0.0/ruby/internal/core/rdata.h:47:5: note: expanded from macro 'RBIMPL_ATTRSET_UNTYPED_DATA_FUNC'
   47 |     RBIMPL_ATTR_DEPRECATED(("by TypedData"))
      |     ^
/opt/homebrew/Cellar/ruby/4.0.6_1/include/ruby-4.0.0/ruby/internal/attr/deprecated.h:36:53: note: expanded from macro 'RBIMPL_ATTR_DEPRECATED'
   36 | # define RBIMPL_ATTR_DEPRECATED(msg) __attribute__((__deprecated__ msg))
      |                                                     ^
Pointer.c:338:5: warning: 'rb_data_object_get_warning' is deprecated: by TypedData [-Wdeprecated-declarations]
  338 |     Data_Get_Struct(self, Pointer, ptr);
      |     ^
/opt/homebrew/Cellar/ruby/4.0.6_1/include/ruby-4.0.0/ruby/internal/core/rdata.h:278:34: note: expanded from macro 'Data_Get_Struct'
  278 |     ((sval) = RBIMPL_CAST((type*)rb_data_object_get(obj)))
      |                                  ^
/opt/homebrew/Cellar/ruby/4.0.6_1/include/ruby-4.0.0/ruby/internal/core/rdata.h:370:31: note: expanded from macro 'rb_data_object_get'
  370 | #define rb_data_object_get    RUBY_MACRO_SELECT(rb_data_object_get_2, RUBY_UNTYPED_DATA_WARNING)
      |                               ^
/opt/homebrew/Cellar/ruby/4.0.6_1/include/ruby-4.0.0/ruby/internal/core/rdata.h:50:35: note: expanded from macro 'RUBY_MACRO_SELECT'
   50 | #define RUBY_MACRO_SELECT(x, y)   RBIMPL_MACRO_SELECT(x, y)
      |                                   ^
/opt/homebrew/Cellar/ruby/4.0.6_1/include/ruby-4.0.0/ruby/internal/core/rdata.h:49:35: note: expanded from macro 'RBIMPL_MACRO_SELECT'
   49 | #define RBIMPL_MACRO_SELECT(x, y) x ## y
      |                                   ^
<scratch space>:91:1: note: expanded from here
   91 | rb_data_object_get_1
      | ^
/opt/homebrew/Cellar/ruby/4.0.6_1/include/ruby-4.0.0/ruby/internal/core/rdata.h:368:31: note: expanded from macro 'rb_data_object_get_1'
  368 | #define rb_data_object_get_1  rb_data_object_get_warning
      |                               ^
/opt/homebrew/Cellar/ruby/4.0.6_1/include/ruby-4.0.0/ruby/internal/core/rdata.h:317:1: note: 'rb_data_object_get_warning' has been explicitly marked deprecated here
  317 | RBIMPL_ATTRSET_UNTYPED_DATA_FUNC()
      | ^
/opt/homebrew/Cellar/ruby/4.0.6_1/include/ruby-4.0.0/ruby/internal/core/rdata.h:47:5: note: expanded from macro 'RBIMPL_ATTRSET_UNTYPED_DATA_FUNC'
   47 |     RBIMPL_ATTR_DEPRECATED(("by TypedData"))
      |     ^
/opt/homebrew/Cellar/ruby/4.0.6_1/include/ruby-4.0.0/ruby/internal/attr/deprecated.h:36:53: note: expanded from macro 'RBIMPL_ATTR_DEPRECATED'
   36 | # define RBIMPL_ATTR_DEPRECATED(msg) __attribute__((__deprecated__ msg))
      |                                                     ^
Pointer.c:364:13: warning: 'rb_data_object_get_warning' is deprecated: by TypedData [-Wdeprecated-declarations]
  364 |             Data_Get_Struct(retval, Pointer, p2);
      |             ^
/opt/homebrew/Cellar/ruby/4.0.6_1/include/ruby-4.0.0/ruby/internal/core/rdata.h:278:34: note: expanded from macro 'Data_Get_Struct'
  278 |     ((sval) = RBIMPL_CAST((type*)rb_data_object_get(obj)))
      |                                  ^
/opt/homebrew/Cellar/ruby/4.0.6_1/include/ruby-4.0.0/ruby/internal/core/rdata.h:370:31: note: expanded from macro 'rb_data_object_get'
  370 | #define rb_data_object_get    RUBY_MACRO_SELECT(rb_data_object_get_2, RUBY_UNTYPED_DATA_WARNING)
      |                               ^
/opt/homebrew/Cellar/ruby/4.0.6_1/include/ruby-4.0.0/ruby/internal/core/rdata.h:50:35: note: expanded from macro 'RUBY_MACRO_SELECT'
   50 | #define RUBY_MACRO_SELECT(x, y)   RBIMPL_MACRO_SELECT(x, y)
      |                                   ^
/opt/homebrew/Cellar/ruby/4.0.6_1/include/ruby-4.0.0/ruby/internal/core/rdata.h:49:35: note: expanded from macro 'RBIMPL_MACRO_SELECT'
   49 | #define RBIMPL_MACRO_SELECT(x, y) x ## y
      |                                   ^
<scratch space>:92:1: note: expanded from here
   92 | rb_data_object_get_1
      | ^
/opt/homebrew/Cellar/ruby/4.0.6_1/include/ruby-4.0.0/ruby/internal/core/rdata.h:368:31: note: expanded from macro 'rb_data_object_get_1'
  368 | #define rb_data_object_get_1  rb_data_object_get_warning
      |                               ^
/opt/homebrew/Cellar/ruby/4.0.6_1/include/ruby-4.0.0/ruby/internal/core/rdata.h:317:1: note: 'rb_data_object_get_warning' has been explicitly marked deprecated here
  317 | RBIMPL_ATTRSET_UNTYPED_DATA_FUNC()
      | ^
/opt/homebrew/Cellar/ruby/4.0.6_1/include/ruby-4.0.0/ruby/internal/core/rdata.h:47:5: note: expanded from macro 'RBIMPL_ATTRSET_UNTYPED_DATA_FUNC'
   47 |     RBIMPL_ATTR_DEPRECATED(("by TypedData"))
      |     ^
/opt/homebrew/Cellar/ruby/4.0.6_1/include/ruby-4.0.0/ruby/internal/attr/deprecated.h:36:53: note: expanded from macro 'RBIMPL_ATTR_DEPRECATED'
   36 | # define RBIMPL_ATTR_DEPRECATED(msg) __attribute__((__deprecated__ msg))
      |                                                     ^
Pointer.c:384:5: warning: 'rb_data_object_get_warning' is deprecated: by TypedData [-Wdeprecated-declarations]
  384 |     Data_Get_Struct(self, Pointer, ptr);
      |     ^
/opt/homebrew/Cellar/ruby/4.0.6_1/include/ruby-4.0.0/ruby/internal/core/rdata.h:278:34: note: expanded from macro 'Data_Get_Struct'
  278 |     ((sval) = RBIMPL_CAST((type*)rb_data_object_get(obj)))
      |                                  ^
/opt/homebrew/Cellar/ruby/4.0.6_1/include/ruby-4.0.0/ruby/internal/core/rdata.h:370:31: note: expanded from macro 'rb_data_object_get'
  370 | #define rb_data_object_get    RUBY_MACRO_SELECT(rb_data_object_get_2, RUBY_UNTYPED_DATA_WARNING)
      |                               ^
/opt/homebrew/Cellar/ruby/4.0.6_1/include/ruby-4.0.0/ruby/internal/core/rdata.h:50:35: note: expanded from macro 'RUBY_MACRO_SELECT'
   50 | #define RUBY_MACRO_SELECT(x, y)   RBIMPL_MACRO_SELECT(x, y)
      |                                   ^
/opt/homebrew/Cellar/ruby/4.0.6_1/include/ruby-4.0.0/ruby/internal/core/rdata.h:49:35: note: expanded from macro 'RBIMPL_MACRO_SELECT'
   49 | #define RBIMPL_MACRO_SELECT(x, y) x ## y
      |                                   ^
<scratch space>:93:1: note: expanded from here
   93 | rb_data_object_get_1
      | ^
/opt/homebrew/Cellar/ruby/4.0.6_1/include/ruby-4.0.0/ruby/internal/core/rdata.h:368:31: note: expanded from macro 'rb_data_object_get_1'
  368 | #define rb_data_object_get_1  rb_data_object_get_warning
      |                               ^
/opt/homebrew/Cellar/ruby/4.0.6_1/include/ruby-4.0.0/ruby/internal/core/rdata.h:317:1: note: 'rb_data_object_get_warning' has been explicitly marked deprecated here
  317 | RBIMPL_ATTRSET_UNTYPED_DATA_FUNC()
      | ^
/opt/homebrew/Cellar/ruby/4.0.6_1/include/ruby-4.0.0/ruby/internal/core/rdata.h:47:5: note: expanded from macro 'RBIMPL_ATTRSET_UNTYPED_DATA_FUNC'
   47 |     RBIMPL_ATTR_DEPRECATED(("by TypedData"))
      |     ^
/opt/homebrew/Cellar/ruby/4.0.6_1/include/ruby-4.0.0/ruby/internal/attr/deprecated.h:36:53: note: expanded from macro 'RBIMPL_ATTR_DEPRECATED'
   36 | # define RBIMPL_ATTR_DEPRECATED(msg) __attribute__((__deprecated__ msg))
      |                                                     ^
Pointer.c:407:5: warning: 'rb_data_object_get_warning' is deprecated: by TypedData [-Wdeprecated-declarations]
  407 |     Data_Get_Struct(self, Pointer, ptr);
      |     ^
/opt/homebrew/Cellar/ruby/4.0.6_1/include/ruby-4.0.0/ruby/internal/core/rdata.h:278:34: note: expanded from macro 'Data_Get_Struct'
  278 |     ((sval) = RBIMPL_CAST((type*)rb_data_object_get(obj)))
      |                                  ^
/opt/homebrew/Cellar/ruby/4.0.6_1/include/ruby-4.0.0/ruby/internal/core/rdata.h:370:31: note: expanded from macro 'rb_data_object_get'
  370 | #define rb_data_object_get    RUBY_MACRO_SELECT(rb_data_object_get_2, RUBY_UNTYPED_DATA_WARNING)
      |                               ^
/opt/homebrew/Cellar/ruby/4.0.6_1/include/ruby-4.0.0/ruby/internal/core/rdata.h:50:35: note: expanded from macro 'RUBY_MACRO_SELECT'
   50 | #define RUBY_MACRO_SELECT(x, y)   RBIMPL_MACRO_SELECT(x, y)
      |                                   ^
/opt/homebrew/Cellar/ruby/4.0.6_1/include/ruby-4.0.0/ruby/internal/core/rdata.h:49:35: note: expanded from macro 'RBIMPL_MACRO_SELECT'
   49 | #define RBIMPL_MACRO_SELECT(x, y) x ## y
      |                                   ^
<scratch space>:94:1: note: expanded from here
   94 | rb_data_object_get_1
      | ^
/opt/homebrew/Cellar/ruby/4.0.6_1/include/ruby-4.0.0/ruby/internal/core/rdata.h:368:31: note: expanded from macro 'rb_data_object_get_1'
  368 | #define rb_data_object_get_1  rb_data_object_get_warning
      |                               ^
/opt/homebrew/Cellar/ruby/4.0.6_1/include/ruby-4.0.0/ruby/internal/core/rdata.h:317:1: note: 'rb_data_object_get_warning' has been explicitly marked deprecated here
  317 | RBIMPL_ATTRSET_UNTYPED_DATA_FUNC()
      | ^
/opt/homebrew/Cellar/ruby/4.0.6_1/include/ruby-4.0.0/ruby/internal/core/rdata.h:47:5: note: expanded from macro 'RBIMPL_ATTRSET_UNTYPED_DATA_FUNC'
   47 |     RBIMPL_ATTR_DEPRECATED(("by TypedData"))
      |     ^
/opt/homebrew/Cellar/ruby/4.0.6_1/include/ruby-4.0.0/ruby/internal/attr/deprecated.h:36:53: note: expanded from macro 'RBIMPL_ATTR_DEPRECATED'
   36 | # define RBIMPL_ATTR_DEPRECATED(msg) __attribute__((__deprecated__ msg))
      |                                                     ^
Pointer.c:423:5: warning: 'rb_data_object_get_warning' is deprecated: by TypedData [-Wdeprecated-declarations]
  423 |     Data_Get_Struct(self, Pointer, ptr);
      |     ^
/opt/homebrew/Cellar/ruby/4.0.6_1/include/ruby-4.0.0/ruby/internal/core/rdata.h:278:34: note: expanded from macro 'Data_Get_Struct'
  278 |     ((sval) = RBIMPL_CAST((type*)rb_data_object_get(obj)))
      |                                  ^
/opt/homebrew/Cellar/ruby/4.0.6_1/include/ruby-4.0.0/ruby/internal/core/rdata.h:370:31: note: expanded from macro 'rb_data_object_get'
  370 | #define rb_data_object_get    RUBY_MACRO_SELECT(rb_data_object_get_2, RUBY_UNTYPED_DATA_WARNING)
      |                               ^
/opt/homebrew/Cellar/ruby/4.0.6_1/include/ruby-4.0.0/ruby/internal/core/rdata.h:50:35: note: expanded from macro 'RUBY_MACRO_SELECT'
   50 | #define RUBY_MACRO_SELECT(x, y)   RBIMPL_MACRO_SELECT(x, y)
      |                                   ^
/opt/homebrew/Cellar/ruby/4.0.6_1/include/ruby-4.0.0/ruby/internal/core/rdata.h:49:35: note: expanded from macro 'RBIMPL_MACRO_SELECT'
   49 | #define RBIMPL_MACRO_SELECT(x, y) x ## y
      |                                   ^
<scratch space>:95:1: note: expanded from here
   95 | rb_data_object_get_1
      | ^
/opt/homebrew/Cellar/ruby/4.0.6_1/include/ruby-4.0.0/ruby/internal/core/rdata.h:368:31: note: expanded from macro 'rb_data_object_get_1'
  368 | #define rb_data_object_get_1  rb_data_object_get_warning
      |                               ^
/opt/homebrew/Cellar/ruby/4.0.6_1/include/ruby-4.0.0/ruby/internal/core/rdata.h:317:1: note: 'rb_data_object_get_warning' has been explicitly marked deprecated here
  317 | RBIMPL_ATTRSET_UNTYPED_DATA_FUNC()
      | ^
/opt/homebrew/Cellar/ruby/4.0.6_1/include/ruby-4.0.0/ruby/internal/core/rdata.h:47:5: note: expanded from macro 'RBIMPL_ATTRSET_UNTYPED_DATA_FUNC'
   47 |     RBIMPL_ATTR_DEPRECATED(("by TypedData"))
      |     ^
/opt/homebrew/Cellar/ruby/4.0.6_1/include/ruby-4.0.0/ruby/internal/attr/deprecated.h:36:53: note: expanded from macro 'RBIMPL_ATTR_DEPRECATED'
   36 | # define RBIMPL_ATTR_DEPRECATED(msg) __attribute__((__deprecated__ msg))
      |                                                     ^
Pointer.c:439:5: warning: 'rb_data_object_get_warning' is deprecated: by TypedData [-Wdeprecated-declarations]
  439 |     Data_Get_Struct(self, Pointer, ptr);
      |     ^
/opt/homebrew/Cellar/ruby/4.0.6_1/include/ruby-4.0.0/ruby/internal/core/rdata.h:278:34: note: expanded from macro 'Data_Get_Struct'
  278 |     ((sval) = RBIMPL_CAST((type*)rb_data_object_get(obj)))
      |                                  ^
/opt/homebrew/Cellar/ruby/4.0.6_1/include/ruby-4.0.0/ruby/internal/core/rdata.h:370:31: note: expanded from macro 'rb_data_object_get'
  370 | #define rb_data_object_get    RUBY_MACRO_SELECT(rb_data_object_get_2, RUBY_UNTYPED_DATA_WARNING)
      |                               ^
/opt/homebrew/Cellar/ruby/4.0.6_1/include/ruby-4.0.0/ruby/internal/core/rdata.h:50:35: note: expanded from macro 'RUBY_MACRO_SELECT'
   50 | #define RUBY_MACRO_SELECT(x, y)   RBIMPL_MACRO_SELECT(x, y)
      |                                   ^
/opt/homebrew/Cellar/ruby/4.0.6_1/include/ruby-4.0.0/ruby/internal/core/rdata.h:49:35: note: expanded from macro 'RBIMPL_MACRO_SELECT'
   49 | #define RBIMPL_MACRO_SELECT(x, y) x ## y
      |                                   ^
<scratch space>:96:1: note: expanded from here
   96 | rb_data_object_get_1
      | ^
/opt/homebrew/Cellar/ruby/4.0.6_1/include/ruby-4.0.0/ruby/internal/core/rdata.h:368:31: note: expanded from macro 'rb_data_object_get_1'
  368 | #define rb_data_object_get_1  rb_data_object_get_warning
      |                               ^
/opt/homebrew/Cellar/ruby/4.0.6_1/include/ruby-4.0.0/ruby/internal/core/rdata.h:317:1: note: 'rb_data_object_get_warning' has been explicitly marked deprecated here
  317 | RBIMPL_ATTRSET_UNTYPED_DATA_FUNC()
      | ^
/opt/homebrew/Cellar/ruby/4.0.6_1/include/ruby-4.0.0/ruby/internal/core/rdata.h:47:5: note: expanded from macro 'RBIMPL_ATTRSET_UNTYPED_DATA_FUNC'
   47 |     RBIMPL_ATTR_DEPRECATED(("by TypedData"))
      |     ^
/opt/homebrew/Cellar/ruby/4.0.6_1/include/ruby-4.0.0/ruby/internal/attr/deprecated.h:36:53: note: expanded from macro 'RBIMPL_ATTR_DEPRECATED'
   36 | # define RBIMPL_ATTR_DEPRECATED(msg) __attribute__((__deprecated__ msg))
      |                                                     ^
StructByValue.c:88:5: warning: 'rb_data_object_get_warning' is deprecated: by TypedData [-Wdeprecated-declarations]
   88 |     Data_Get_Struct(rbLayout, StructLayout, layout);
      |     ^
/opt/homebrew/Cellar/ruby/4.0.6_1/include/ruby-4.0.0/ruby/internal/core/rdata.h:278:34: note: expanded from macro 'Data_Get_Struct'
  278 |     ((sval) = RBIMPL_CAST((type*)rb_data_object_get(obj)))
      |                                  ^
/opt/homebrew/Cellar/ruby/4.0.6_1/include/ruby-4.0.0/ruby/internal/core/rdata.h:370:31: note: expanded from macro 'rb_data_object_get'
  370 | #define rb_data_object_get    RUBY_MACRO_SELECT(rb_data_object_get_2, RUBY_UNTYPED_DATA_WARNING)
      |                               ^
/opt/homebrew/Cellar/ruby/4.0.6_1/include/ruby-4.0.0/ruby/internal/core/rdata.h:50:35: note: expanded from macro 'RUBY_MACRO_SELECT'
   50 | #define RUBY_MACRO_SELECT(x, y)   RBIMPL_MACRO_SELECT(x, y)
      |                                   ^
/opt/homebrew/Cellar/ruby/4.0.6_1/include/ruby-4.0.0/ruby/internal/core/rdata.h:49:35: note: expanded from macro 'RBIMPL_MACRO_SELECT'
   49 | #define RBIMPL_MACRO_SELECT(x, y) x ## y
      |                                   ^
<scratch space>:82:1: note: expanded from here
   82 | rb_data_object_get_1
      | ^
/opt/homebrew/Cellar/ruby/4.0.6_1/include/ruby-4.0.0/ruby/internal/core/rdata.h:368:31: note: expanded from macro 'rb_data_object_get_1'
  368 | #define rb_data_object_get_1  rb_data_object_get_warning
      |                               ^
/opt/homebrew/Cellar/ruby/4.0.6_1/include/ruby-4.0.0/ruby/internal/core/rdata.h:317:1: note: 'rb_data_object_get_warning' has been explicitly marked deprecated here
  317 | RBIMPL_ATTRSET_UNTYPED_DATA_FUNC()
      | ^
/opt/homebrew/Cellar/ruby/4.0.6_1/include/ruby-4.0.0/ruby/internal/core/rdata.h:47:5: note: expanded from macro 'RBIMPL_ATTRSET_UNTYPED_DATA_FUNC'
   47 |     RBIMPL_ATTR_DEPRECATED(("by TypedData"))
      |     ^
/opt/homebrew/Cellar/ruby/4.0.6_1/include/ruby-4.0.0/ruby/internal/attr/deprecated.h:36:53: note: expanded from macro 'RBIMPL_ATTR_DEPRECATED'
   36 | # define RBIMPL_ATTR_DEPRECATED(msg) __attribute__((__deprecated__ msg))
      |                                                     ^
StructByValue.c:89:5: warning: 'rb_data_object_get_warning' is deprecated: by TypedData [-Wdeprecated-declarations]
   89 |     Data_Get_Struct(self, StructByValue, sbv);
      |     ^
/opt/homebrew/Cellar/ruby/4.0.6_1/include/ruby-4.0.0/ruby/internal/core/rdata.h:278:34: note: expanded from macro 'Data_Get_Struct'
  278 |     ((sval) = RBIMPL_CAST((type*)rb_data_object_get(obj)))
      |                                  ^
/opt/homebrew/Cellar/ruby/4.0.6_1/include/ruby-4.0.0/ruby/internal/core/rdata.h:370:31: note: expanded from macro 'rb_data_object_get'
  370 | #define rb_data_object_get    RUBY_MACRO_SELECT(rb_data_object_get_2, RUBY_UNTYPED_DATA_WARNING)
      |                               ^
/opt/homebrew/Cellar/ruby/4.0.6_1/include/ruby-4.0.0/ruby/internal/core/rdata.h:50:35: note: expanded from macro 'RUBY_MACRO_SELECT'
   50 | #define RUBY_MACRO_SELECT(x, y)   RBIMPL_MACRO_SELECT(x, y)
      |                                   ^
/opt/homebrew/Cellar/ruby/4.0.6_1/include/ruby-4.0.0/ruby/internal/core/rdata.h:49:35: note: expanded from macro 'RBIMPL_MACRO_SELECT'
   49 | #define RBIMPL_MACRO_SELECT(x, y) x ## y
      |                                   ^
<scratch space>:83:1: note: expanded from here
   83 | rb_data_object_get_1
      | ^
/opt/homebrew/Cellar/ruby/4.0.6_1/include/ruby-4.0.0/ruby/internal/core/rdata.h:368:31: note: expanded from macro 'rb_data_object_get_1'
  368 | #define rb_data_object_get_1  rb_data_object_get_warning
      |                               ^
/opt/homebrew/Cellar/ruby/4.0.6_1/include/ruby-4.0.0/ruby/internal/core/rdata.h:317:1: note: 'rb_data_object_get_warning' has been explicitly marked deprecated here
  317 | RBIMPL_ATTRSET_UNTYPED_DATA_FUNC()
      | ^
/opt/homebrew/Cellar/ruby/4.0.6_1/include/ruby-4.0.0/ruby/internal/core/rdata.h:47:5: note: expanded from macro 'RBIMPL_ATTRSET_UNTYPED_DATA_FUNC'
   47 |     RBIMPL_ATTR_DEPRECATED(("by TypedData"))
      |     ^
/opt/homebrew/Cellar/ruby/4.0.6_1/include/ruby-4.0.0/ruby/internal/attr/deprecated.h:36:53: note: expanded from macro 'RBIMPL_ATTR_DEPRECATED'
   36 | # define RBIMPL_ATTR_DEPRECATED(msg) __attribute__((__deprecated__ msg))
      |                                                     ^
StructByValue.c:119:5: warning: 'rb_data_object_get_warning' is deprecated: by TypedData [-Wdeprecated-declarations]
  119 |     Data_Get_Struct(self, StructByValue, sbv);
      |     ^
/opt/homebrew/Cellar/ruby/4.0.6_1/include/ruby-4.0.0/ruby/internal/core/rdata.h:278:34: note: expanded from macro 'Data_Get_Struct'
  278 |     ((sval) = RBIMPL_CAST((type*)rb_data_object_get(obj)))
      |                                  ^
/opt/homebrew/Cellar/ruby/4.0.6_1/include/ruby-4.0.0/ruby/internal/core/rdata.h:370:31: note: expanded from macro 'rb_data_object_get'
  370 | #define rb_data_object_get    RUBY_MACRO_SELECT(rb_data_object_get_2, RUBY_UNTYPED_DATA_WARNING)
      |                               ^
/opt/homebrew/Cellar/ruby/4.0.6_1/include/ruby-4.0.0/ruby/internal/core/rdata.h:50:35: note: expanded from macro 'RUBY_MACRO_SELECT'
   50 | #define RUBY_MACRO_SELECT(x, y)   RBIMPL_MACRO_SELECT(x, y)
      |                                   ^
/opt/homebrew/Cellar/ruby/4.0.6_1/include/ruby-4.0.0/ruby/internal/core/rdata.h:49:35: note: expanded from macro 'RBIMPL_MACRO_SELECT'
   49 | #define RBIMPL_MACRO_SELECT(x, y) x ## y
      |                                   ^
<scratch space>:84:1: note: expanded from here
   84 | rb_data_object_get_1
      | ^
/opt/homebrew/Cellar/ruby/4.0.6_1/include/ruby-4.0.0/ruby/internal/core/rdata.h:368:31: note: expanded from macro 'rb_data_object_get_1'
  368 | #define rb_data_object_get_1  rb_data_object_get_warning
      |                               ^
/opt/homebrew/Cellar/ruby/4.0.6_1/include/ruby-4.0.0/ruby/internal/core/rdata.h:317:1: note: 'rb_data_object_get_warning' has been explicitly marked deprecated here
  317 | RBIMPL_ATTRSET_UNTYPED_DATA_FUNC()
      | ^
/opt/homebrew/Cellar/ruby/4.0.6_1/include/ruby-4.0.0/ruby/internal/core/rdata.h:47:5: note: expanded from macro 'RBIMPL_ATTRSET_UNTYPED_DATA_FUNC'
   47 |     RBIMPL_ATTR_DEPRECATED(("by TypedData"))
      |     ^
/opt/homebrew/Cellar/ruby/4.0.6_1/include/ruby-4.0.0/ruby/internal/attr/deprecated.h:36:53: note: expanded from macro 'RBIMPL_ATTR_DEPRECATED'
   36 | # define RBIMPL_ATTR_DEPRECATED(msg) __attribute__((__deprecated__ msg))
      |                                                     ^
StructByValue.c:128:5: warning: 'rb_data_object_get_warning' is deprecated: by TypedData [-Wdeprecated-declarations]
  128 |     Data_Get_Struct(self, StructByValue, sbv);
      |     ^
/opt/homebrew/Cellar/ruby/4.0.6_1/include/ruby-4.0.0/ruby/internal/core/rdata.h:278:34: note: expanded from macro 'Data_Get_Struct'
  278 |     ((sval) = RBIMPL_CAST((type*)rb_data_object_get(obj)))
      |                                  ^
/opt/homebrew/Cellar/ruby/4.0.6_1/include/ruby-4.0.0/ruby/internal/core/rdata.h:370:31: note: expanded from macro 'rb_data_object_get'
  370 | #define rb_data_object_get    RUBY_MACRO_SELECT(rb_data_object_get_2, RUBY_UNTYPED_DATA_WARNING)
      |                               ^
/opt/homebrew/Cellar/ruby/4.0.6_1/include/ruby-4.0.0/ruby/internal/core/rdata.h:50:35: note: expanded from macro 'RUBY_MACRO_SELECT'
   50 | #define RUBY_MACRO_SELECT(x, y)   RBIMPL_MACRO_SELECT(x, y)
      |                                   ^
/opt/homebrew/Cellar/ruby/4.0.6_1/include/ruby-4.0.0/ruby/internal/core/rdata.h:49:35: note: expanded from macro 'RBIMPL_MACRO_SELECT'
   49 | #define RBIMPL_MACRO_SELECT(x, y) x ## y
      |                                   ^
<scratch space>:85:1: note: expanded from here
   85 | rb_data_object_get_1
      | ^
/opt/homebrew/Cellar/ruby/4.0.6_1/include/ruby-4.0.0/ruby/internal/core/rdata.h:368:31: note: expanded from macro 'rb_data_object_get_1'
  368 | #define rb_data_object_get_1  rb_data_object_get_warning
      |                               ^
/opt/homebrew/Cellar/ruby/4.0.6_1/include/ruby-4.0.0/ruby/internal/core/rdata.h:317:1: note: 'rb_data_object_get_warning' has been explicitly marked deprecated here
  317 | RBIMPL_ATTRSET_UNTYPED_DATA_FUNC()
      | ^
/opt/homebrew/Cellar/ruby/4.0.6_1/include/ruby-4.0.0/ruby/internal/core/rdata.h:47:5: note: expanded from macro 'RBIMPL_ATTRSET_UNTYPED_DATA_FUNC'
   47 |     RBIMPL_ATTR_DEPRECATED(("by TypedData"))
      |     ^
/opt/homebrew/Cellar/ruby/4.0.6_1/include/ruby-4.0.0/ruby/internal/attr/deprecated.h:36:53: note: expanded from macro 'RBIMPL_ATTR_DEPRECATED'
   36 | # define RBIMPL_ATTR_DEPRECATED(msg) __attribute__((__deprecated__ msg))
      |                                                     ^
Struct.c:111:5: warning: 'rb_data_object_get_warning' is deprecated: by TypedData [-Wdeprecated-declarations]
  111 |     Data_Get_Struct(self, Struct, s);
      |     ^
/opt/homebrew/Cellar/ruby/4.0.6_1/include/ruby-4.0.0/ruby/internal/core/rdata.h:278:34: note: expanded from macro 'Data_Get_Struct'
  278 |     ((sval) = RBIMPL_CAST((type*)rb_data_object_get(obj)))
      |                                  ^
/opt/homebrew/Cellar/ruby/4.0.6_1/include/ruby-4.0.0/ruby/internal/core/rdata.h:370:31: note: expanded from macro 'rb_data_object_get'
  370 | #define rb_data_object_get    RUBY_MACRO_SELECT(rb_data_object_get_2, RUBY_UNTYPED_DATA_WARNING)
      |                               ^
/opt/homebrew/Cellar/ruby/4.0.6_1/include/ruby-4.0.0/ruby/internal/core/rdata.h:50:35: note: expanded from macro 'RUBY_MACRO_SELECT'
   50 | #define RUBY_MACRO_SELECT(x, y)   RBIMPL_MACRO_SELECT(x, y)
      |                                   ^
/opt/homebrew/Cellar/ruby/4.0.6_1/include/ruby-4.0.0/ruby/internal/core/rdata.h:49:35: note: expanded from macro 'RBIMPL_MACRO_SELECT'
   49 | #define RBIMPL_MACRO_SELECT(x, y) x ## y
      |                                   ^
<scratch space>:100:1: note: expanded from here
  100 | rb_data_object_get_1
      | ^
/opt/homebrew/Cellar/ruby/4.0.6_1/include/ruby-4.0.0/ruby/internal/core/rdata.h:368:31: note: expanded from macro 'rb_data_object_get_1'
  368 | #define rb_data_object_get_1  rb_data_object_get_warning
      |                               ^
/opt/homebrew/Cellar/ruby/4.0.6_1/include/ruby-4.0.0/ruby/internal/core/rdata.h:317:1: note: 'rb_data_object_get_warning' has been explicitly marked deprecated here
  317 | RBIMPL_ATTRSET_UNTYPED_DATA_FUNC()
      | ^
/opt/homebrew/Cellar/ruby/4.0.6_1/include/ruby-4.0.0/ruby/internal/core/rdata.h:47:5: note: expanded from macro 'RBIMPL_ATTRSET_UNTYPED_DATA_FUNC'
   47 |     RBIMPL_ATTR_DEPRECATED(("by TypedData"))
      |     ^
/opt/homebrew/Cellar/ruby/4.0.6_1/include/ruby-4.0.0/ruby/internal/attr/deprecated.h:36:53: note: expanded from macro 'RBIMPL_ATTR_DEPRECATED'
   36 | # define RBIMPL_ATTR_DEPRECATED(msg) __attribute__((__deprecated__ msg))
      |                                                     ^
Struct.c:126:5: warning: 'rb_data_object_get_warning' is deprecated: by TypedData [-Wdeprecated-declarations]
  126 |     Data_Get_Struct(s->rbLayout, StructLayout, s->layout);
      |     ^
/opt/homebrew/Cellar/ruby/4.0.6_1/include/ruby-4.0.0/ruby/internal/core/rdata.h:278:34: note: expanded from macro 'Data_Get_Struct'
  278 |     ((sval) = RBIMPL_CAST((type*)rb_data_object_get(obj)))
      |                                  ^
/opt/homebrew/Cellar/ruby/4.0.6_1/include/ruby-4.0.0/ruby/internal/core/rdata.h:370:31: note: expanded from macro 'rb_data_object_get'
  370 | #define rb_data_object_get    RUBY_MACRO_SELECT(rb_data_object_get_2, RUBY_UNTYPED_DATA_WARNING)
      |                               ^
/opt/homebrew/Cellar/ruby/4.0.6_1/include/ruby-4.0.0/ruby/internal/core/rdata.h:50:35: note: expanded from macro 'RUBY_MACRO_SELECT'
   50 | #define RUBY_MACRO_SELECT(x, y)   RBIMPL_MACRO_SELECT(x, y)
      |                                   ^
/opt/homebrew/Cellar/ruby/4.0.6_1/include/ruby-4.0.0/ruby/internal/core/rdata.h:49:35: note: expanded from macro 'RBIMPL_MACRO_SELECT'
   49 | #define RBIMPL_MACRO_SELECT(x, y) x ## y
      |                                   ^
<scratch space>:101:1: note: expanded from here
  101 | rb_data_object_get_1
      | ^
/opt/homebrew/Cellar/ruby/4.0.6_1/include/ruby-4.0.0/ruby/internal/core/rdata.h:368:31: note: expanded from macro 'rb_data_object_get_1'
  368 | #define rb_data_object_get_1  rb_data_object_get_warning
      |                               ^
/opt/homebrew/Cellar/ruby/4.0.6_1/include/ruby-4.0.0/ruby/internal/core/rdata.h:317:1: note: 'rb_data_object_get_warning' has been explicitly marked deprecated here
  317 | RBIMPL_ATTRSET_UNTYPED_DATA_FUNC()
      | ^
/opt/homebrew/Cellar/ruby/4.0.6_1/include/ruby-4.0.0/ruby/internal/core/rdata.h:47:5: note: expanded from macro 'RBIMPL_ATTRSET_UNTYPED_DATA_FUNC'
   47 |     RBIMPL_ATTR_DEPRECATED(("by TypedData"))
      |     ^
/opt/homebrew/Cellar/ruby/4.0.6_1/include/ruby-4.0.0/ruby/internal/attr/deprecated.h:36:53: note: expanded from macro 'RBIMPL_ATTR_DEPRECATED'
   36 | # define RBIMPL_ATTR_DEPRECATED(msg) __attribute__((__deprecated__ msg))
      |                                                     ^
Struct.c:149:5: warning: 'rb_data_object_get_warning' is deprecated: by TypedData [-Wdeprecated-declarations]
  149 |     Data_Get_Struct(self, Struct, dst);
      |     ^
/opt/homebrew/Cellar/ruby/4.0.6_1/include/ruby-4.0.0/ruby/internal/core/rdata.h:278:34: note: expanded from macro 'Data_Get_Struct'
  278 |     ((sval) = RBIMPL_CAST((type*)rb_data_object_get(obj)))
      |                                  ^
/opt/homebrew/Cellar/ruby/4.0.6_1/include/ruby-4.0.0/ruby/internal/core/rdata.h:370:31: note: expanded from macro 'rb_data_object_get'
  370 | #define rb_data_object_get    RUBY_MACRO_SELECT(rb_data_object_get_2, RUBY_UNTYPED_DATA_WARNING)
      |                               ^
/opt/homebrew/Cellar/ruby/4.0.6_1/include/ruby-4.0.0/ruby/internal/core/rdata.h:50:35: note: expanded from macro 'RUBY_MACRO_SELECT'
   50 | #define RUBY_MACRO_SELECT(x, y)   RBIMPL_MACRO_SELECT(x, y)
      |                                   ^
/opt/homebrew/Cellar/ruby/4.0.6_1/include/ruby-4.0.0/ruby/internal/core/rdata.h:49:35: note: expanded from macro 'RBIMPL_MACRO_SELECT'
   49 | #define RBIMPL_MACRO_SELECT(x, y) x ## y
      |                                   ^
<scratch space>:102:1: note: expanded from here
  102 | rb_data_object_get_1
      | ^
/opt/homebrew/Cellar/ruby/4.0.6_1/include/ruby-4.0.0/ruby/internal/core/rdata.h:368:31: note: expanded from macro 'rb_data_object_get_1'
  368 | #define rb_data_object_get_1  rb_data_object_get_warning
      |                               ^
/opt/homebrew/Cellar/ruby/4.0.6_1/include/ruby-4.0.0/ruby/internal/core/rdata.h:317:1: note: 'rb_data_object_get_warning' has been explicitly marked deprecated here
  317 | RBIMPL_ATTRSET_UNTYPED_DATA_FUNC()
      | ^
/opt/homebrew/Cellar/ruby/4.0.6_1/include/ruby-4.0.0/ruby/internal/core/rdata.h:47:5: note: expanded from macro 'RBIMPL_ATTRSET_UNTYPED_DATA_FUNC'
   47 |     RBIMPL_ATTR_DEPRECATED(("by TypedData"))
      |     ^
/opt/homebrew/Cellar/ruby/4.0.6_1/include/ruby-4.0.0/ruby/internal/attr/deprecated.h:36:53: note: expanded from macro 'RBIMPL_ATTR_DEPRECATED'
   36 | # define RBIMPL_ATTR_DEPRECATED(msg) __attribute__((__deprecated__ msg))
      |                                                     ^
Struct.c:150:5: warning: 'rb_data_object_get_warning' is deprecated: by TypedData [-Wdeprecated-declarations]
  150 |     Data_Get_Struct(other, Struct, src);
      |     ^
/opt/homebrew/Cellar/ruby/4.0.6_1/include/ruby-4.0.0/ruby/internal/core/rdata.h:278:34: note: expanded from macro 'Data_Get_Struct'
  278 |     ((sval) = RBIMPL_CAST((type*)rb_data_object_get(obj)))
      |                                  ^
/opt/homebrew/Cellar/ruby/4.0.6_1/include/ruby-4.0.0/ruby/internal/core/rdata.h:370:31: note: expanded from macro 'rb_data_object_get'
  370 | #define rb_data_object_get    RUBY_MACRO_SELECT(rb_data_object_get_2, RUBY_UNTYPED_DATA_WARNING)
      |                               ^
/opt/homebrew/Cellar/ruby/4.0.6_1/include/ruby-4.0.0/ruby/internal/core/rdata.h:50:35: note: expanded from macro 'RUBY_MACRO_SELECT'
   50 | #define RUBY_MACRO_SELECT(x, y)   RBIMPL_MACRO_SELECT(x, y)
      |                                   ^
/opt/homebrew/Cellar/ruby/4.0.6_1/include/ruby-4.0.0/ruby/internal/core/rdata.h:49:35: note: expanded from macro 'RBIMPL_MACRO_SELECT'
   49 | #define RBIMPL_MACRO_SELECT(x, y) x ## y
      |                                   ^
<scratch space>:103:1: note: expanded from here
  103 | rb_data_object_get_1
      | ^
/opt/homebrew/Cellar/ruby/4.0.6_1/include/ruby-4.0.0/ruby/internal/core/rdata.h:368:31: note: expanded from macro 'rb_data_object_get_1'
  368 | #define rb_data_object_get_1  rb_data_object_get_warning
      |                               ^
/opt/homebrew/Cellar/ruby/4.0.6_1/include/ruby-4.0.0/ruby/internal/core/rdata.h:317:1: note: 'rb_data_object_get_warning' has been explicitly marked deprecated here
  317 | RBIMPL_ATTRSET_UNTYPED_DATA_FUNC()
      | ^
/opt/homebrew/Cellar/ruby/4.0.6_1/include/ruby-4.0.0/ruby/internal/core/rdata.h:47:5: note: expanded from macro 'RBIMPL_ATTRSET_UNTYPED_DATA_FUNC'
   47 |     RBIMPL_ATTR_DEPRECATED(("by TypedData"))
      |     ^
/opt/homebrew/Cellar/ruby/4.0.6_1/include/ruby-4.0.0/ruby/internal/attr/deprecated.h:36:53: note: expanded from macro 'RBIMPL_ATTR_DEPRECATED'
   36 | # define RBIMPL_ATTR_DEPRECATED(msg) __attribute__((__deprecated__ msg))
      |                                                     ^
Struct.c:206:9: warning: 'rb_data_object_get_warning' is deprecated: by TypedData [-Wdeprecated-declarations]
  206 |         Data_Get_Struct(s->rbLayout, StructLayout, s->layout);
      |         ^
/opt/homebrew/Cellar/ruby/4.0.6_1/include/ruby-4.0.0/ruby/internal/core/rdata.h:278:34: note: expanded from macro 'Data_Get_Struct'
  278 |     ((sval) = RBIMPL_CAST((type*)rb_data_object_get(obj)))
      |                                  ^
/opt/homebrew/Cellar/ruby/4.0.6_1/include/ruby-4.0.0/ruby/internal/core/rdata.h:370:31: note: expanded from macro 'rb_data_object_get'
  370 | #define rb_data_object_get    RUBY_MACRO_SELECT(rb_data_object_get_2, RUBY_UNTYPED_DATA_WARNING)
      |                               ^
/opt/homebrew/Cellar/ruby/4.0.6_1/include/ruby-4.0.0/ruby/internal/core/rdata.h:50:35: note: expanded from macro 'RUBY_MACRO_SELECT'
   50 | #define RUBY_MACRO_SELECT(x, y)   RBIMPL_MACRO_SELECT(x, y)
      |                                   ^
/opt/homebrew/Cellar/ruby/4.0.6_1/include/ruby-4.0.0/ruby/internal/core/rdata.h:49:35: note: expanded from macro 'RBIMPL_MACRO_SELECT'
   49 | #define RBIMPL_MACRO_SELECT(x, y) x ## y
      |                                   ^
<scratch space>:104:1: note: expanded from here
  104 | rb_data_object_get_1
      | ^
/opt/homebrew/Cellar/ruby/4.0.6_1/include/ruby-4.0.0/ruby/internal/core/rdata.h:368:31: note: expanded from macro 'rb_data_object_get_1'
  368 | #define rb_data_object_get_1  rb_data_object_get_warning
      |                               ^
/opt/homebrew/Cellar/ruby/4.0.6_1/include/ruby-4.0.0/ruby/internal/core/rdata.h:317:1: note: 'rb_data_object_get_warning' has been explicitly marked deprecated here
  317 | RBIMPL_ATTRSET_UNTYPED_DATA_FUNC()
      | ^
/opt/homebrew/Cellar/ruby/4.0.6_1/include/ruby-4.0.0/ruby/internal/core/rdata.h:47:5: note: expanded from macro 'RBIMPL_ATTRSET_UNTYPED_DATA_FUNC'
   47 |     RBIMPL_ATTR_DEPRECATED(("by TypedData"))
      |     ^
/opt/homebrew/Cellar/ruby/4.0.6_1/include/ruby-4.0.0/ruby/internal/attr/deprecated.h:36:53: note: expanded from macro 'RBIMPL_ATTR_DEPRECATED'
   36 | # define RBIMPL_ATTR_DEPRECATED(msg) __attribute__((__deprecated__ msg))
      |                                                     ^
Struct.c:216:5: warning: 'rb_data_object_get_warning' is deprecated: by TypedData [-Wdeprecated-declarations]
  216 |     Data_Get_Struct(self, Struct, s);
      |     ^
/opt/homebrew/Cellar/ruby/4.0.6_1/include/ruby-4.0.0/ruby/internal/core/rdata.h:278:34: note: expanded from macro 'Data_Get_Struct'
  278 |     ((sval) = RBIMPL_CAST((type*)rb_data_object_get(obj)))
      |                                  ^
/opt/homebrew/Cellar/ruby/4.0.6_1/include/ruby-4.0.0/ruby/internal/core/rdata.h:370:31: note: expanded from macro 'rb_data_object_get'
  370 | #define rb_data_object_get    RUBY_MACRO_SELECT(rb_data_object_get_2, RUBY_UNTYPED_DATA_WARNING)
      |                               ^
/opt/homebrew/Cellar/ruby/4.0.6_1/include/ruby-4.0.0/ruby/internal/core/rdata.h:50:35: note: expanded from macro 'RUBY_MACRO_SELECT'
   50 | #define RUBY_MACRO_SELECT(x, y)   RBIMPL_MACRO_SELECT(x, y)
      |                                   ^
/opt/homebrew/Cellar/ruby/4.0.6_1/include/ruby-4.0.0/ruby/internal/core/rdata.h:49:35: note: expanded from macro 'RBIMPL_MACRO_SELECT'
   49 | #define RBIMPL_MACRO_SELECT(x, y) x ## y
      |                                   ^
<scratch space>:105:1: note: expanded from here
  105 | rb_data_object_get_1
      | ^
/opt/homebrew/Cellar/ruby/4.0.6_1/include/ruby-4.0.0/ruby/internal/core/rdata.h:368:31: note: expanded from macro 'rb_data_object_get_1'
  368 | #define rb_data_object_get_1  rb_data_object_get_warning
      |                               ^
/opt/homebrew/Cellar/ruby/4.0.6_1/include/ruby-4.0.0/ruby/internal/core/rdata.h:317:1: note: 'rb_data_object_get_warning' has been explicitly marked deprecated here
  317 | RBIMPL_ATTRSET_UNTYPED_DATA_FUNC()
      | ^
/opt/homebrew/Cellar/ruby/4.0.6_1/include/ruby-4.0.0/ruby/internal/core/rdata.h:47:5: note: expanded from macro 'RBIMPL_ATTRSET_UNTYPED_DATA_FUNC'
   47 |     RBIMPL_ATTR_DEPRECATED(("by TypedData"))
      |     ^
/opt/homebrew/Cellar/ruby/4.0.6_1/include/ruby-4.0.0/ruby/internal/attr/deprecated.h:36:53: note: expanded from macro 'RBIMPL_ATTR_DEPRECATED'
   36 | # define RBIMPL_ATTR_DEPRECATED(msg) __attribute__((__deprecated__ msg))
      |                                                     ^
Struct.c:386:5: warning: 'rb_data_object_get_warning' is deprecated: by TypedData [-Wdeprecated-declarations]
  386 |     Data_Get_Struct(self, Struct, s);
      |     ^
/opt/homebrew/Cellar/ruby/4.0.6_1/include/ruby-4.0.0/ruby/internal/core/rdata.h:278:34: note: expanded from macro 'Data_Get_Struct'
  278 |     ((sval) = RBIMPL_CAST((type*)rb_data_object_get(obj)))
      |                                  ^
/opt/homebrew/Cellar/ruby/4.0.6_1/include/ruby-4.0.0/ruby/internal/core/rdata.h:370:31: note: expanded from macro 'rb_data_object_get'
  370 | #define rb_data_object_get    RUBY_MACRO_SELECT(rb_data_object_get_2, RUBY_UNTYPED_DATA_WARNING)
      |                               ^
/opt/homebrew/Cellar/ruby/4.0.6_1/include/ruby-4.0.0/ruby/internal/core/rdata.h:50:35: note: expanded from macro 'RUBY_MACRO_SELECT'
   50 | #define RUBY_MACRO_SELECT(x, y)   RBIMPL_MACRO_SELECT(x, y)
      |                                   ^
/opt/homebrew/Cellar/ruby/4.0.6_1/include/ruby-4.0.0/ruby/internal/core/rdata.h:49:35: note: expanded from macro 'RBIMPL_MACRO_SELECT'
   49 | #define RBIMPL_MACRO_SELECT(x, y) x ## y
      |                                   ^
<scratch space>:106:1: note: expanded from here
  106 | rb_data_object_get_1
      | ^
/opt/homebrew/Cellar/ruby/4.0.6_1/include/ruby-4.0.0/ruby/internal/core/rdata.h:368:31: note: expanded from macro 'rb_data_object_get_1'
  368 | #define rb_data_object_get_1  rb_data_object_get_warning
      |                               ^
/opt/homebrew/Cellar/ruby/4.0.6_1/include/ruby-4.0.0/ruby/internal/core/rdata.h:317:1: note: 'rb_data_object_get_warning' has been explicitly marked deprecated here
  317 | RBIMPL_ATTRSET_UNTYPED_DATA_FUNC()
      | ^
/opt/homebrew/Cellar/ruby/4.0.6_1/include/ruby-4.0.0/ruby/internal/core/rdata.h:47:5: note: expanded from macro 'RBIMPL_ATTRSET_UNTYPED_DATA_FUNC'
   47 |     RBIMPL_ATTR_DEPRECATED(("by TypedData"))
      |     ^
/opt/homebrew/Cellar/ruby/4.0.6_1/include/ruby-4.0.0/ruby/internal/attr/deprecated.h:36:53: note: expanded from macro 'RBIMPL_ATTR_DEPRECATED'
   36 | # de9 warnings generated.
fine RBIMPL_ATTR_DEPRECATED(msg) __attribute__((__deprecated__ msg))
      |                                                     ^
Struct.c:387:5: warning: 'rb_data_object_get_warning' is deprecated: by TypedData [-Wdeprecated-declarations]
  387 |     Data_Get_Struct(pointer, AbstractMemory, memory);
      |     ^
/opt/homebrew/Cellar/ruby/4.0.6_1/include/ruby-4.0.0/ruby/internal/core/rdata.h:278:34: note: expanded from macro 'Data_Get_Struct'
  278 |     ((sval) = RBIMPL_CAST((type*)rb_data_object_get(obj)))
      |                                  ^
/opt/homebrew/Cellar/ruby/4.0.6_1/include/ruby-4.0.0/ruby/internal/core/rdata.h:370:31: note: expanded from macro 'rb_data_object_get'
  370 | #define rb_data_object_get    RUBY_MACRO_SELECT(rb_data_object_get_2, RUBY_UNTYPED_DATA_WARNING)
      |                               ^
/opt/homebrew/Cellar/ruby/4.0.6_1/include/ruby-4.0.0/ruby/internal/core/rdata.h:50:35: note: expanded from macro 'RUBY_MACRO_SELECT'
   50 | #define RUBY_MACRO_SELECT(x, y)   RBIMPL_MACRO_SELECT(x, y)
      |                                   ^
/opt/homebrew/Cellar/ruby/4.0.6_1/include/ruby-4.0.0/ruby/internal/core/rdata.h:49:35: note: expanded from macro 'RBIMPL_MACRO_SELECT'
   49 | #define RBIMPL_MACRO_SELECT(x, y) x ## y
      |                                   ^
<scratch space>:107:1: note: expanded from here
  107 | rb_data_object_get_1
      | ^
/opt/homebrew/Cellar/ruby/4.0.6_1/include/ruby-4.0.0/ruby/internal/core/rdata.h:368:31:4 warnings generated.
 note: expanded from macro 'rb_data_object_get_1'
  368 | #define rb_data_object_get_1  rb_data_object_get_warning
      |                               ^
/opt/homebrew/Cellar/ruby/4.0.6_1/include/ruby-4.0.0/ruby/internal/core/rdata.h:317:1: note: 'rb_data_object_get_warning' has been explicitly marked deprecated here
  317 | RBIMPL_ATTRSET_UNTYPED_DATA_FUNC()
      | ^
/opt/homebrew/Cellar/ruby/4.0.6_1/include/ruby-4.0.0/ruby/internal/core/rdata.h:47:5: note: expanded from macro 'RBIMPL_ATTRSET_UNTYPED_DATA_FUNC'
   47 |     RBIMPL_ATTR_DEPRECATED(("by TypedData"))
      |     ^
/opt/homebrew/Cellar/ruby/4.0.6_1/include/ruby-4.0.0/ruby/internal/attr/deprecated.h:36:53: note: expanded from macro 'RBIMPL_ATTR_DEPRECATED'
   36 | # define RBIMPL_ATTR_DEPRECATED(msg) __attribute__((__deprecated__ msg))
      |                                                     ^
Struct.c:412:5: warning: 'rb_data_object_get_warning' is deprecated: by TypedData [-Wdeprecated-declarations]
  412 |     Data_Get_Struct(self, Struct, s);
      |     ^
/opt/homebrew/Cellar/ruby/4.0.6_1/include/ruby-4.0.0/ruby/internal/core/rdata.h:278:34: note: expanded from macro 'Data_Get_Struct'
  278 |     ((sval) = RBIMPL_CAST((type*)rb_data_object_get(obj)))
      |                                  ^
/opt/homebrew/Cellar/ruby/4.0.6_1/include/ruby-4.0.0/ruby/internal/core/rdata.h:370:31: note: expanded from macro 'rb_data_object_get'
  370 | #define rb_data_object_get    RUBY_MACRO_SELECT(rb_data_objecType.c:81:5: warning: 'rb_data_object_get_warning' is deprecated: by TypedData [-Wdeprecated-declarations]
   81 |     Data_Get_Struct(self, Type, type);
      |     ^
/opt/homebrew/Cellar/ruby/4.0.6_1/include/ruby-4.0.0/ruby/internal/core/rdata.h:278:34: note: expanded from macro 'Data_Get_Struct'
  278 |     ((sval) = RBIMPL_CAST((type*)rb_data_object_get(obj)))
      |                                  ^
/opt/homebrew/Cellar/ruby/4.0.6_1/include/ruby-4.0.0/ruby/internal/core/rdata.h:370:31: note: expanded from macro 'rb_data_object_get'
  370 | #define rb_data_object_get    RUBY_MACRO_SELECT(rb_data_object_get_2, RUBY_UNTYPED_DATA_WARNING)
      |                               ^
/opt/homebrew/Cellar/ruby/4.0.6_1/include/ruby-4.0.0/ruby/internal/core/rdata.h:50:35: note: expanded from macro 'RUBY_MACRO_SELECT'
   50 | #define RUBY_MACRO_SELECT(x, y)   RBIMPL_MACRO_SELECT(x, y)
      |                                   ^
/opt/homebrew/Cellar/ruby/4.0.6_1/include/ruby-4.0.0/ruby/internal/core/rdata.h:49:35: note: expanded from macro 'RBIMPL_MACRO_SELECT'
   49 | #define RBIMPL_MACRO_SELECT(x, y) x ## y
      |                                   ^
<scratch space>:82:1: note: expanded from here
   82 | rb_data_object_get_1
      | ^
/opt/homebrew/Cellar/ruby/4.0.6_1/include/ruby-4.0.0/ruby/internal/core/rdata.h:368:31: note: expanded from macro 'rb_data_object_get_1'
  368 | #define rb_data_object_get_1  rb_data_object_get_warning
      |                               ^
/opt/homebrew/Cellar/ruby/4.0.6_1/include/ruby-4.0.0/ruby/internal/core/rdata.h:317:1: note: 'rb_data_object_get_warning' has been explicitly marked deprecated here
  317 | RBIMPL_ATTRSET_UNTYPED_DATA_FUNC()
      | ^
/opt/homebrew/Cellar/ruby/4.0.6_1/include/ruby-4.0.0/ruby/internal/core/rdata.h:47:5: note: expanded from macro 'RBIMPL_ATTRSET_UNTYPED_DATA_FUNC'
   47 |     RBIMPL_ATTR_DEPRECATED((t"by TypedData"))
      |     ^
/opt/homebrew/Cellar/ruby/4.0.6_1/include/ruby-4.0.0/ruby/internal/attr/deprecated.h:36:53: note: expanded from macro 'RBIMPL_ATTR_DEPRECATED'
   36 | # define RBIMPL_ATTR_DEPRECATED(msg) __attribute__((__deprecated__ msg))
      |                                                     ^
Type.c:86:9: warning: 'rb_data_object_get_warning' is deprecated: by TypedData [-Wdeprecated-declarations]
   86 |         Data_Get_Struct(value, Type, other);
      |         ^
/opt/homebrew/Cellar/ruby/4.0.6_1/include/ruby-4.0.0/ruby/internal/core/rdata.h:278:34: note: expanded from macro 'Data_Get_Struct'
  278 |     ((sval) = RBIMPL_CAST((type*)rb_data_object_get(obj)))
      |                                  ^
/opt/homebrew/Cellar/ruby/4.0.6_1/include/ruby-4.0.0/ruby/internal/core/rdata.h:370:31: note: expanded from macro 'rb_data_object_get'
  370 | #define rb_data_object_get    RUBY_MACRO_SELECT(rb_data_object_get_2, RUBY_UNTYPED_DATA_WARNING)
      |                               ^
/opt/homebrew/Cellar/ruby/4.0.6_1/include/ruby-4.0.0/ruby/internal/core/rdata.h:50:35: note: expanded from macro 'RUBY_MACRO_SELECT'
   50 | #define RUBY_MACRO_SELECT(x, y)   RBIMPL_MACRO_SELECT(x, y)
      |                                   ^
/opt/homebrew/Cellar/ruby/4.0.6_1/include/ruby-4.0.0/ruby/internal/core/rdata.h:49:35: note: expanded from macro 'RBIMPL_MACRO_SELECT'
   49 | #define RBIMPL_MACRO_SELECT(x, y) x ## y
      |                                   ^
<scratch space>:83:1: note: expanded from here
   83 | rb_data_object_get_get_2, RUBY_UNTYPED_DATA_WARNING)
      |                               ^
/opt/homebrew/Cellar/ruby/4.0.6_1/include/ruby-4.0.0/ruby/internal/core/rdata.h:50:35: note: expanded from macro 'RUBY_MACRO_SELECT'
   50 | #define RUBY_MACRO_SELECT(x, y)   RBIMPL_MACRO_SELECT(x, y)
      |                                   ^
/opt/homebrew/Cellar/ruby/4.0.6_1/include/ruby-4.0.0/ruby/internal/core/rdata.h:49:35: note: expanded from macro 'RBIMPL_MACRO_SELECT'
   49 | #define RBIMPL_MACRO_SELECT(x, y) x ## y
      |                                   ^
<scratch space>:108:1: note: expanded from here
  _1
      | ^
/opt/homebrew/Cellar/ruby/4.0.6_1/include/ruby-4.0.0/ruby/internal/core/rdata.h:368:31: note: expanded from macro 'rb_data_object_get_1'
  368 | #define rb_da108 | rb_data_objecta_object_get_1 t_get_1
      | ^
 rb_data_object_ge/opt/homebrew/Cellar/ruby/4.0.6_1/include/ruby-4.0.0/ruby/internal/core/rdata.h:368:31: note: expanded from macro 'rb_data_object_get_1'
  368 | #dt_warning
      |                               ^
efine rb_data_/opt/homebrew/Cellar/ruby/4.0.6_1/include/ruby-4.0.0/ruby/internal/core/rdata.h:317:1: note: objec'rb_data_object_get_warning' has been explicitly marked deprecated here
  317 | RBItMPL_A_get_1  rb_dTTRSaETt_aU_NoTbYjPED_DATA_FUNC()
      | ^
/opt/homebrew/Cellar/ruby/4.0.6_1/include/ruby-4.0.0/ruby/internal/core/rdata.h:47:5ect_get_warning
      |                               ^
/opt/homebrew/Cellar/ruby/4.0.6_1/include/ruby-4.0.0/ruby/internal/core/rdata.h:317:1: note: 'rb_data_object_get_warning' has been explicitly marked deprecated here
  : note: expanded from macro 'RBIMPL_ATTRSET_UNTYPED_DATA_FUNC'
   47 |   317   | RRBBIIMMPPLL__ATTRSET_ATTR_UNTYPED_DATA_FUNC()D
      E| P^R
EC/opt/homebrew/Cellar/ruby/4.0.6_1/include/ruby-4.0.0/ruby/internal/core/rdata.h:47:5: note: expanded from macro 'RBIMPL_ATTRSET_UNTYPED_DATA_FUNC'
   47 |     ARBIMPL_ATTR_DEPRTED(("by TypECATED(("by TypedData"))
      |     ^
/opt/homebrew/Cellar/ruby/4.0.6_1/include/ruby-4.0.0/ruby/internal/attr/deprecated.h:36:53: note: expanded from macro 'RBIMPL_ATTR_DEPRECATED'
   edData"))
      |     ^
/opt/homebrew/Cellar/ruby/4.0.6_1/include/ruby-4.0.0/ruby/internal/attr/deprecated.h:36:53: note: expanded from macro 'RBIMPL_ATTR_DEPRECATED'
   36 | # defin36 | # define RBIMPL_ATTR_DEPRECATED(msg) __attribute__((__e RBIMPL_ATTR_DEPRECATED(mdeprecated__s g) __attribute__(msg(__d))
      eprecated__ msg|                                                     ^
))
      |                                                     ^
Type.c:106:5: warning: 'rb_data_object_get_warning' is deprecated: by TypedData [-Wdeprecated-declarations]
Struct.c:427:5  106 |     Data: warning: 'rb_data_object_get_warning' is deprecated: by TypedData [-Wdeprecated-declarations]
  427 |     Da_Get_ta_Get_Struct(self, Struct, s);
      |     ^
/opt/homebrew/Cellar/ruby/4.0.6_1/include/ruby-4.0.0/ruby/internal/core/rdata.h:278Struct(self, T:34: note: expanded from macro 'Data_Get_Struct'
  278 |     ((sval) = RBIMPL_CAST((ypetype*)rb_data_obje,ct _tgyepte()o;b
j      )| )    ^)

      |                                  ^
/opt/homebrew/Cellar/ruby/4.0.6_1/include/ruby-4.0.0/ruby/internal/core/rdata.h:/opt/homebrew/Cellar/ruby/4.0.6_1/include/ruby-4.0.0/ruby/internal/core/rdata.h370::27831::34 :note:  expanded from macro 'rb_data_object_get'note: 
expanded from macro 'Data_Get_Struct'
    370278 |  | # d e f i(n(es vrabl_)d a=t aR_BoIbMjPeLc_tC_AgSeTt( ( t y pReU*B)Yr_bM_AdCaRtOa__SoEbLjEeCcTt(_rgbe_td(aotbaj_)o)b)j
e      c| t                                 ^_
get_2/opt/homebrew/Cellar/ruby/4.0.6_1/include/ruby-4.0.0/ruby/internal/core/rdata.h,: 370R:U31B:Y _note: Uexpanded from macro 'rb_data_object_get'N
TYPED_DAT  370 | #define rb_data_object_get    RUBY_MACRO_SELECT(rb_data_object_get_2, RUBY_UNTYPED_DATAA_WAR_WARNING)
      NING)
      |                               ^
|                               ^
/opt/homebrew/Cellar/ruby/4.0.6_1/include/ruby-4.0.0/ruby/internal/core/rdata.h:50:35: note: expanded from macro 'RUBY_MACRO_SELECT'
   50 | #de/opt/homebrew/Cellar/ruby/4.0.6_1/include/ruby-4.0.0/ruby/internal/core/rdata.h:50:35:fine  note: expanded from macro 'RUBY_MACRO_SELECT'RUBY_MACRO_SELECT(x, y
)   RBIMPL_MA   50 | #defiCRO_ne RUBY_MASCRO_SELECT(x, y)   RELECT(x, y)
      |                                   ^
B/opt/homebrew/Cellar/ruby/4.0.6_1/include/ruby-4.0.0/ruby/internal/core/rdata.h:49:35: note: expanded from macro 'RBIMPL_MACRO_SELECT'
   49 | #define RBIMIPMLP_LMACRO_SELECT(x, y) _MAxCRO_SELEC ## y
      |                                   ^
<scratch space>:109T:1: note: expanded from here
(  109 | rb_data_object_get_1
x, y)      
      |                                   ^
/opt/homebrew/Cellar/ruby/4.0.6_1/include/ruby-4.0.0/ruby/internal/core/rdata.h:49:35: note: | ^
expanded from macro 'RBIMPL_MACRO_SELECT'/opt/homebrew/Cellar/ruby/4.0.6_1/include/ruby-4.0.0/ruby/internal/core/rdata.h:368:31: note: expanded from macro 'rb_data_object_get_1'

   49 | #define RBIM  368 | #define rb_data_oPL_MACRbjecOt_get_1  _SELECT(x, y) x ## y
      |                                   ^r
<scratch space>:84:1:b_da note: expanded from here
   84 | rb_datta_object_ga_et_warning
      |                               ^
/opt/homebrew/Cellar/ruby/4.0.6_1/include/ruby-4.0.0/ruby/internal/core/rdata.h:317:1: note: 'rb_data_object_get_warning' has been explicitly marked deprecated hereo
b  317 | RBIMPLject_get__ATT1
      RSET| ^
/opt/homebrew/Cellar/ruby/4.0.6_1/include/ruby-4.0.0/ruby/internal/core/rdata.h:368:31: note: expanded from macro 'rb_data_object_get_1'
  368_UNTY | P#EdDe_fDiAnTeA _rFbU_NdCata_object_get_1  rb_data_object_get()
      | ^
/opt/homebrew/Cellar/ruby/4.0.6_1/include/ruby-4.0.0/ruby/internal/core/rdata.h:47:5: note: expanded from macro 'RBIMPL_ATTRSET_UNTYPED_DATA_FUNC'
   47 |     RBIMPL_ATTR_DEPRECATED(("by TypedData"))
      |     ^
/opt/homebrew/Cellar/ruby/4.0.6_1/include/ruby-4.0.0/ruby/internal/attr/deprecated.h:36:53: note: expanded from macro 'RBIMPL_ATTR_DEPRECATED'
   36 | # define RBIMPL_ATTR_DE_warning
      |                               ^
/opt/homebrew/Cellar/ruby/4.0.6_1/include/ruby-4.0.0/ruby/internal/core/rdata.h:317:1: note: 'rb_data_object_get_warning' has been explicitly marked deprecated here
  317 | RBIMPL_ATTRSET_UNTYPED_DATA_FUNC()
      | ^
/opt/homebrew/Cellar/ruby/4.0.6_1/include/ruby-4.0.0/ruby/internal/core/rdata.h:47:5: note: expanded from macro 'RBIMPL_ATTRSET_UNTYPED_DATA_FUNC'
   47 |     RBIMPL_ATTR_DEPRECATED(("by TypPRECATEedData"))
D(msg) __attribute__((      |     ^
/opt/homebrew/Cellar/ruby/4.0.6_1/include/ruby-4.0.0/ruby/internal/attr/deprecated.h:36:53: note: expanded from macro 'RBIMPL_ATTR_DEPRECATED'
   36 | # define RBIMPL_ATTR_DEPRECATED(msg) __attribute__((____deprecated__ msg))
      |                                                     ^
Types.c:100:13: warning: 'rb_data_object_get_warning' is deprecated: by TypedData [-Wdeprecated-declarations]
  100 |             Data_Get_Struct(rbMemory, AbstractMemory, mem);
      |             ^
/opt/homebrew/Cellar/ruby/4.0.6_1/include/ruby-4.0.0/ruby/internal/core/rdata.h:278:34: note: expanded from macro 'Data_Get_Struct'
  278 |     ((sval) = RBIMPL_CAST((type*)rb_data_object_get(obj)))
      |                                  ^
/opt/homebrew/Cellar/ruby/4.0.6_1/include/ruby-4.0.0/ruby/internal/core/rdata.h:370:31: note: expanded from macro 'rb_data_object_get'
  370 | #define rb_data_object_get    RUBY_MACRO_SELECT(rb_data_object_get_2, RUBY_UNTYPED_DATA_WARNING)
      |                               ^
/opt/homebrew/Cellar/ruby/4.0.6_1/include/ruby-4.0.0/ruby/internal/core/rdata.h:50:35: note: expanded from macro 'RUBY_MACRO_SELECT'
   50 | #define RUBY_MACRO_SELECT(x, y)   RBIMPL_MACRO_SELECT(x, y)
      de|                                   ^
/opt/homebrew/Cellar/ruby/4.0.6_1/include/ruby-4.0.0/ruby/internal/core/rdata.h:49:35preca: note: expanded from macro 'RBIMPL_MACRO_SELECT'
   49 | #define RBIMPL_MACRO_SELECT(x, y) x ## y
      |                                   ^
<scratch space>:101:1: note: expanded from here
  101 | rb_data_object_get_1
      | ^
/opt/homebrew/Cellar/ruby/4.0.6_1/include/ruby-4.0.0/ruby/internal/core/rdata.h:368:31: note: expanded from macro 'rb_data_object_get_1'
  368 | #define rb_data_object_get_1  rb_data_object_get_warning
      |                               ^
/opt/homebrew/Cellar/ruby/4.0.6_1/include/ruby-4.0.0/ruby/internal/core/rdata.h:317:1: note: 'rb_data_object_get_warning' has been explicitly marked deprecated here
  317 | RBIMPL_ATTRSET_UNTYPED_DATted__ msg))
      A_FUNC()
      | ^
/opt/homebrew/Cellar/ruby/4.0.6_1/include/ruby-4.0.0/ruby/internal/core/rdata.h:47:5: note: expanded from macro 'RBIMPL_ATTRSET_UNTYPED_DATA_FUNC'
   47 |     RBIMPL_ATTR_DEPRECAT|                                                     ^
ED(("by TypedDatStructLayout.c:101:5: warning: 'rb_data_object_get_warning' is deprecated: by TypedData [-Wdeprecated-declarations]
a"))
      |     ^  
/opt/homebrew/Cellar/ruby/4.0.6_1/include/ruby-4.0.0/ruby/internal/attr/deprecated.h101: | 36 : 53 :  Dnote: aexpanded from macro 'RBIMPL_ATTR_DEPRECATED't
a_Get_Struc   t(s36 | # defienlef ,R BSItMrPuLc_tAFTiTeRl_dD,E PfRiEeClAdT)E;D
(      |     ^
msg) __attribu/opt/homebrew/Cellar/ruby/4.0.6_1/include/ruby-4.0.0/ruby/internal/core/rdata.ht:e278_:_34(: note: expanded from macro 'Data_Get_Struct'(
__deprecat  e278d | _ _  msg))
  ((sval) =       |                                                     ^
RBIMPL_CAST((type*)rb_data_object_get(obj)))
      |                                  ^
/opt/homebrew/Cellar/ruby/4.0.6_1/include/ruby-4.0.0/ruby/internal/core/rdata.h:370:31: note: expanded from macro 'rb_data_object_get'
  370 | #define rb_data_object_get    RUBY_MACRO_SELECT(rb_data_object_get_2, RUBY_UNTYPED_DATA_WARNING)
      |                               ^
/opt/homebrew/Cellar/ruby/4.0.6_1/include/ruby-4.0.0/ruby/internal/core/rdata.h:50:35: note: expanded from macro 'RUBY_MACRO_SELECT'
   50 | #define RUBY_MACRO_SELECT(x, y)   RBIMPL_MACRO_SELECT(x, y)
      |                                   ^
/opt/homebrew/Cellar/ruby/4.0.6_1/include/ruby-4.0.0/ruby/internal/core/rdata.h:49:35: note: expanded from macro 'RBIMPL_MACRO_SELECT'
   49 | #define RBIMPL_MACStruct.cR:O435_:S5E:L Ewarning: C'rb_data_object_get_warning' is deprecated: by TypedData [-Wdeprecated-declarations]T
(x, y)   435x |   # #   yD
a      t| a                                  ^_
Get_Struct(la<scratch space>y:o100u:t1: note: expanded from here
  100 | rb_data_object_get_1
      | ^
/opt/homebrew/Cellar/ruby/4.0.6_1/include/ruby-4.0.0/ruby/internal/core/rdata.h:368:31:Type.c :note: 121expanded from macro 'rb_data_object_get_1':
5: warning: 'rb_data_object_get_warning' is deprecated: by TypedData [-Wdeprecated-declarations]
    368121 |  | # d e f iDnaet ar_bG_edta_tSat_roubcjte(cste_lgfe,t _T1y p er,b _tdyaptea)_;o
b      j| e    ^c
t_get/opt/homebrew/Cellar/ruby/4.0.6_1/include/ruby-4.0.0/ruby/internal/core/rdata.h_:w278arning
      |                               ^
/opt/homebrew/Cellar/ruby/4.0.6_1/include/ruby-4.0.0/ruby/internal/core/rdata.h:317:1: note: 'rb_data_object_get_warning' has been explicitly marked deprecated here
  317 | RBIMPL_ATTRSET_UNTYPED_DATA_FUNC()
      | ^
/opt/homebrew/Cellar/ruby/4.0.6_1/include/ruby-4.0.0/ruby/internal/core/rdata.h:,47 :S5t:r note: expanded from macro 'RBIMPL_ATTRSET_UNTYPED_DATA_FUNC'
   :4734 | :   note:  expanded from macro 'Data_Get_Struct' RBIMPL_ATTR_DEPRECATED(("by TypedData"))
      |     ^
/opt/homebrew/Cellar/ruby/4.0.6_1/include/ruby-4.0.0/ruby/internal/attr/deprecated.h:36:53: note: expanded from macro 'RBIMPL_ATTR_DEPRECATED'
   36 | # define RBIMPL_ATTR_DEPRECATED(msg) __attribute__((__deprecated__ msg))
      |                                                     ^
uctL
ayout, s->la  y278out);
      |     ^
 | /opt/homebrew/Cellar/ruby/4.0.6_1/include/ruby-4.0.0/ruby/internal/core/rdata.h:278:34:    ((sva l) = RBIMPL_CAST((type*)rb_data_onote: expanded from macro 'Data_Get_Struct'
  278 |     (b(jsevct_get(obj)))
al) = RBI      |                                  ^
/opt/homebrew/Cellar/ruby/4.0.6_1/include/ruby-4.0.0/ruby/internal/core/rdata.h:370:31:MPL_CAST((typ note: expanded from macro 'rb_data_object_get'
e*)rb_data_object_get(StructLayout.c:120:5:   warning: 370'rb_data_object_get_warning' is deprecated: by TypedData [-Wdeprecated-declarations] | 
#defo  120 |   b  Data_Get_Struct(field->rbType, Type, field->type);
      |     ^
/opt/homebrew/Cellar/ruby/4.0.6_1/include/ruby-4.0.0/ruby/internal/core/rdata.h:278:34:j)))
      |                                  ^
/opt/homebrew/Cellar/ruby/4.0.6_1/include/ruby-4.0.0/ruby/internal/core/rdata.h:i note: expanded from macro 'Data_Get_Struct'
n  278 |     ((svae rb_data_objecl370:31:) = RBIMPL_CAt_get    RST( note: expanded from macro 'rb_data_object_get'
  370 | #define rb_d(type*)rb_data_object_get(obj)))
      |                                  ^U
BY_MACRO_SELECT(rb_data_/opt/homebrew/Cellar/ruby/4.0.6_1/include/ruby-4.0.0/ruby/internal/core/rdata.ho:bj370e:c31t:_ gnote: eexpanded from macro 'rb_data_object_get't
_2, RUBY_UNTYPED_DATA_WARN  I370N | G#)d
e      f| i                              ^n
e rb_/opt/homebrew/Cellar/ruby/4.0.6_1/include/ruby-4.0.0/ruby/internal/core/rdata.hd:a50ta_object_get    RUBY_MACRO_SELECT(rb_data_objec:a35: note: expanded from macro 'RUBY_MACRO_SELECT'
   50 | #dtef_get_2ine RUB, RY_MACRUBYO_SELEC_T(UxN,T YPEy)   RBIMPL_DMA_CDRAOT_AS_EWLARNING)
      |                               ^
/opt/homebrew/Cellar/ruby/4.0.6_1/include/ruby-4.0.0/ruby/internal/core/rdata.h:50:35: note: expanded from macro 'RUBY_MACRO_SELECT'
   50 | #define RUBY_MACRO_SELECT(x, y)   RBIMPL_MACRO_SELECT(x, yECTt)
      |                                   ^
(/opt/homebrew/Cellar/ruby/4.0.6_1/include/ruby-4.0.0/ruby/internal/core/rdata.h:49:35: note: expanded from macro 'RBIMPL_MACRO_SELECT'
   49 | #define RBIMPL_MACRO_SELECT(x, y) x ## y
      |                                   ^
<scratch space>a_ob:101:1: note: expanded from here
  101 | rb_data_object_get_1
      | ^
/opt/homebrew/Cellar/ruby/4.0.6_1/include/ruby-4.0.0/ruby/internal/core/rdata.h:368:31:je note: expanded from macro 'rb_data_object_get_1'
  368 | #definct_ge rb_data_oxbject_get_1  rb_data_object_get_warning
      |                               ^
/opt/homebrew/Cellar/ruby/4.0.6_1/include/ruby-4.0.0/ruby/internal/core/rdata.h:317:1: note: 'rb_data_object_get_warning' has been explicitly marked deprecated here
  317 | RBIMPL_ATTRSET_UNTYPED_DATA_FUNC()
      | ^
/opt/homebrew/Cellar/ruby/4.0.6_1/include/ruby-4.0.0/ruby/internal/core/rdata.h:47:5: note: expanded from macro 'RBIMPL_ATTRSET_UNTYPED_DATA_FUNC'
et     47  |   R U B YR_BMIAMCPRLO_ATTR_DEPRECATED(("by TypedData"))
      |     ^
/opt/homebrew/Cellar/ruby/4.0.6_1/include/ruby-4.0.0/ruby/internal/attr/deprecated.h:36:53: note: expanded from macro 'RBIMPL_ATTR_DEPRECATED'
   36 | # de,fine RBIMPL_ATTR_DEPRECATED( msg) __attribute__((__depre_SELcated__ msg))
      |                                                     ^
ECT(rb_data_object_get_2, RUBY_UNTYPED_DATA_WARNING)
      |                               ^
/opt/homebrew/Cellar/ruby/4.0.6_1/include/ruby-4.0.0/ruby/internal/core/rdata.h:50:35: note: expanded from macro 'RUBY_MACRO_SELECT'
   50 | #StructLayout.c:150:5y: warning: 'rb_data_object_get_warning' is deprecated: by TypedData [-Wdeprecated-declarations]
)  150 |     Data_Get_Struct(self, StructF
ield, field);
      |     ^
/opt/homebrew/Cellar/ruby/4.0.6_1/include/ruby-4.0.0/ruby/internal/core/rdata.h:278:34: note: expanded from macro 'Data_Get_Struct'
        278|                                   ^
 |     ((sval) = RBIMPL_CAST((type*)rb_data_object_get(obj)))
      |                                  ^
/opt/homebrew/Cellar/ruby/4.0.6_1/include/ruby-4.0.0/ruby/internal/core/rdata.h:370:31: note: expanded from macro 'rb_data_object_get'
  370 | #define rb_data_object_get    RUBY_MACRO_SELECT(rb_dadta_object_geet_2, RUBY_UNTYPED_DATA_WARNING)
      |                               ^
/opt/homebrew/Cellar/ruby/4.0.6_1/include/ruby-4.0.0/ruby/internal/core/rdata.h:50:35: note: expanded from macro 'RUBY_MACRO_SELECT'
   50 | #define RUBY_MfiACRO_SELECT(x, y)   RBIMPL_MACRO_SELECT(x, y)
      |                                   ^
/opt/homebrew/Cellar/ruby/4.0.6_1/include/ruby-4.0.0/ruby/internal/core/rdata.h:49:35: note: expanded from macro 'RBIMPL_MACRO_SELECT'
   49 | #ned efine RBIMPL_MACRO_SELECT(x, y) x ## y
      |                                   ^
<scratch space>:102:1: note: expanded from here
  102 | rb_data_object_get_1
      | ^
/opt/homebrew/Cellar/ruby/4.0.6_1/include/ruby-4.0.0/ruby/internal/core/rdata.h:368:31: note: RUexpanded from macro 'rb_data_object_get_1'
  368 | #define rb_data_objecBYt_get_1  rb_da_Mta_object_get_ACwarning
      |                               ^
R/opt/homebrew/Cellar/ruby/4.0.6_1/include/ruby-4.0.0/ruby/internal/core/rdata.h:317:1: note: 'rb_data_object_get_warning' has been explicitly marked deprecated here
  317 | RBIMPL_ATTO_RSET_UNTYPED_DATA_FUNSEC()
      | ^
/opt/homebrew/Cellar/ruby/4.0.6_1/include/ruby-4.0.0/ruby/internal/core/rdata.h:47:5: note: expanded from macro 'RBIMPL_ATTRSET_UNTYPED_DATA_FUNC'
   47 |     RBIMPL_ATTR_DEPRECATED(("by TypedData"))
      |     ^
/opt/homebrew/Cellar/ruby/4.0.6_1/include/ruby-4.0.0/ruby/internal/attr/deprecated.h:36:53: note: expanded from macro 'RBIMPL_ATTR_DEPRECATED'
   36 | # define RBIMPL_ATTR_DEPRECATED(msg) __attribute__((__deprecated__ msg))
      |                                                     ^
LECT(x, y)   RBIMPL_MACRO_SELECT(x, y)
      |                                   ^
/opt/homebrew/Cellar/ruby/4.0.6_1/include/ruby-4.0.0/ruby/internal/core/rdata.h:49:35: note: expanded from macro 'RBIMPL_MACRO_SELECT'
   49 | /opt/homebrew/Cellar/ruby/4.0.6_1/include/ruby-4.0.0/ruby/internal/core/rdata.h:49:35: note: expanded from macro 'RBIMPL_MACRO_SELECT'
#   d49e | #define RBIMPL_MACRO_SELECT(x, y) x ## y
      |                                   ^
<scratch space>:85:1: fine StructLayout.c:163:note: expanded from here
5R: warning: 'rb_data_object_get_warning' is deprecated: by TypedData [-Wdeprecated-declarations]
  163 |     Data_Get_Struct(self, StructBIFMield, field);
      |     ^
/opt/homebrew/Cellar/ruby/4.0.6_1/include/ruby-4.0.0/ruby/internal/core/rdata.h:278:34: note: expanded from macro 'Data_Get_Struct'
  PL278 |     ((sval) = RBIMPL_CAST((type*)rb_data_object_get(obj)))
      |                                  ^
/opt/homebrew/Cellar/ruby/4.0.6_1/include/ruby-4.0.0/ruby/internal/core/rdata.h:370:31: note: expanded from macro 'rb_data_object_get'
  370_ | #define rb_data_object_get    RUBY_MACRO_SELECT(rb_data_object_get_2, RUBY_UNTYPED_DMAATA_WARNING)
      |                               ^
/opt/homebrew/Cellar/ruby/4.0.6_1/include/ruby-4.0.0/ruby/internal/core/rdata.h:50:35: note: expanded from macro 'RUBY_MACRO_SELECT'
   50 | #define RUBY_MACRO_SELECT(x, y)   RBIMPL_MACRO_SELECT(x, y)
      |                                   ^
/opt/homebrew/Cellar/ruby/4.0.6_1/include/ruby-4.0.0/ruby/internal/core/rdata.h:49:35: note: expanded from macro 'RBIMPL_MACRO_SELECT'
   49 | #define RBIMPL_MACRO_SELECT(x, y) x ## y
      |                                   ^
<scratch space>:103:CRO_SE1: note: expanded from here
  103 | rb_data_object_get_1
      | ^
/opt/homebrew/Cellar/ruby/4.0.6_1/include/ruby-4.0.0/ruby/internal/core/rdata.h:368:31: note: expanded from macro 'rb_data_object_get_1'
  368 | #define rb_data_object_get_1  rb_data_object_geLECt_warning
      |                               ^
/opt/homebrew/Cellar/ruby/4.0.6_1/include/ruby-4.0.0/ruby/internal/core/rdata.h:317:1: note: 'rb_data_object_get_warning' has been explicitly marked deprecated here
  317 | RBI   MPL_ATTRSET_UNTYPED_DATA_FUNC()
      | ^
/opt/homebrew/Cellar/ruby/4.0.6_1/include/ruby-4.0.0/ruby/internal/core/rdata.h:47:5: note: expanded from macro 'RBIMPL_ATTRSET_UNTYPED_DATA_FUNC'
   47 |     RBIMPL_ATTR_DEPRECATED(("by TypedData"))
      |     ^
/opt/homebrew/Cellar/ruby/4.0.6_1/include/ruby-4.0.0/ruby/internal/attr/deprecated.h:36:53: note: expanded from macro 'RBIMPL_ATTR_DEPRECATED'
   T(x,36 | # define RBIMPL_ATTR_DEPRECATED(85 | msg) __attribute__((__deprecated__ msg))
      |                                                     ^
StructLayout.c:176:5: warning: 'rb_data_object_get_warning' is deprecated: by TypedData [-Wdeprecated-declarations]
  176 |     Data_Get_Struct(self, StructField, field);
      |     ^
 /opt/homebrew/Cellar/ruby/4.0.6_1/include/ruby-4.0.0/ruby/internal/core/rdata.h:278:34: note: expanded from macro 'Data_Get_Struct'
  278 |     ((sval) = RBIrb_data_obMPL_CAST((type*)rb_day)ta_o bxj e#c#t _yg
e      t| (                                  ^o
bj)))
      |                                  ^
<scratch space>:110:1:/opt/homebrew/Cellar/ruby/4.0.6_1/include/ruby-4.0.0/ruby/internal/core/rdata.hVariadic.c::370j:e31c t_note: expanded from here
111:5: warning:   'rb_data_object_get_warning' is deprecated: by TypedData [-Wdeprecated-declarations]110
 | rb_data_ob: gnote: expanded from macro 'rb_data_object_get'
je  t370_ | 1#
d      e| f^i
ne  111 | /opt/homebrew/Cellar/ruby/4.0.6_1/include/ruby-4.0.0/ruby/internal/core/rdata.h  rb_data_o:bj368e:c31t:_ gnote: e   Dect_geexpanded from macro 'rb_data_object_get_1't
_1
      | ^
  368 | #td e fia/opt/homebrew/Cellar/ruby/4.0.6_1/include/ruby-4.0.0/ruby/internal/core/rdata.h :368: 31ta_RGUBet_:n e rb_dYnote: expanded from macro 'rb_data_object_get_1'
  368 | aStr_uMcACRO_tt(self, V#aSELaE_CoTb(rb_definrdiajdiceIcnvtokeratae_o_bgjeet,_1  rct_get_2,  RiUnBY_UNTYPb_dvEDo_kDeArT)A;_
W      A| R    ^N
ING)
      |                               ^
/opt/homebrew/Cellar/ruby/4.0.6_1/include/ruby-4.0.0/ruby/internal/core/rdata.h rb/opt/homebrew/Cellar/ruby/4.0.6_1/include/ruby-4.0.0/ruby/internal/core/rdata.h:278:34:: 50note: :expanded from macro 'Data_Get_Struct'35
: note: expanded from macro 'RUBY_MACRO_SELECT'
  278    | 50    ((sv | a#ldefine)  =a RBIMRPL_CAST(U(type*B)Yr_bt_daata_obMACROje_d_aSELECct_geT(xt(obj)))
      |                                  ^
, y)   R_Bo/opt/homebrew/Cellar/ruby/4.0.6_1/include/ruby-4.0.0/ruby/internal/core/rdata.h:370:IMPL_M31ACRbjeOc_StELECT(x:, note: expanded from macro 'rb_data_object_get'
 y)
      |                                   ^
  370 | #/opt/homebrew/Cellar/ruby/4.0.6_1/include/ruby-4.0.0/ruby/internal/core/rdata.hd:e49f:i35n:e note: expanded from macro 'RBIMPL_MACRO_SELECT'
    rb_data_49 | #deobject_fgine RBIeMtP L _ M RUB_gACY_MACRO_SREOL_ESCETL(rb_daECT(x,ta_object_ge t_2, y) x #RUBY_U#N TyY
P      E|                                   ^
D_<scratch space>:104:1D:A Tnote: Aexpanded from here_
WARNING)
      |                               ^
  104 | r/opt/homebrew/Cellar/ruby/4.0.6_1/include/ruby-4.0.0/ruby/internal/core/rdata.h:50:35: note: expanded from macro 'RUBY_MACRO_SELECT'bt_a_o
data_obj   50 | #define ect_getR_UBY_MAC1
      bjeRO| ^
_ct_ge/opt/homebrew/Cellar/ruby/4.0.6_1/include/ruby-4.0.0/ruby/internal/core/rdata.hS:E368:31: note: expanded from macro 'rb_data_object_get_1'L
  E368CT(x, y) |  #defi  RBIMne rb_datetP_1L _MACRO_SELaEC_To(bxj,e cyt)_
g      e| t                                  ^_
1  rb_d/opt/homebrew/Cellar/ruby/4.0.6_1/include/ruby-4.0.0/ruby/internal/core/rdata.h:49:35: note: expanded from macro 'RBIMPL_MACRO_SELECT'
   49 | a#ta_object_get_warning
      |                               ^
def/opt/homebrew/Cellar/ruby/4.0.6_1/include/ruby-4.0.0/ruby/internal/core/rdata.hi:n317e: 1R:B Inote: M'rb_data_object_get_warning' has been explicitly marked deprecated hereP
L_MACRO_SELEC  317 | RBT(x,IMPL_ATTRSET_ UyN)T YxP E#D#_ DyA
T      |                                   ^
A_FUN<scratch space>:100:1: note: expanded from here
C()
        100|  | ^r
b_da/opt/homebrew/Cellar/ruby/4.0.6_1/include/ruby-4.0.0/ruby/internal/core/rdata.h:47:5: note: expanded from macro 'RBIMPL_ATTRSET_UNTYPED_DATA_FUNC'
   47 |     RBIMPLt_wtaa_o_ATTRbjec_DEPREtCATED_get_1
      | ^
(/opt/homebrew/Cellar/ruby/4.0.6_1/include/ruby-4.0.0/ruby/internal/core/rdata.h(:"368b:y31 :TrynpiendDa tanote: "expanded from macro 'rb_data_object_get_1')
  368)
      |     ^ 
r | #bd_edfa/opt/homebrew/Cellar/ruby/4.0.6_1/include/ruby-4.0.0/ruby/internal/attr/deprecated.ht:a36g:53: note: expanded from macro 'RBIMPL_ATTR_DEPRECATED'i
ne rb_dat   36 | # 
d      e| f                              ^_
obaine Rjec/opt/homebrew/Cellar/ruby/4.0.6_1/include/ruby-4.0.0/ruby/internal/core/rdata.h_:B317o:b1j:e tIM_PL_ATTR_DEPRctg_egte_tw_1a rnote: 'rb_data_object_get_warning' has been explicitly marked deprecated here
ECATE D(rmbs_gd)a t_a__object_get_waatrning
      |                               ^
tribute__((  317 | RB__nIing
      |                               ^
deprecated__ ms/opt/homebrew/Cellar/ruby/4.0.6_1/include/ruby-4.0.0/ruby/internal/core/rdata.h:317:1/opt/homebrew/Cellar/ruby/4.0.6_1/include/ruby-4.0.0/ruby/internal/core/rdata.h:317:1:g))
      |                                                     ^
: note: 'rb_data_object_get_warning' has been explicitly marked deprecated here
  317 | RBIMPL_ATTRSET_UNTYPED_DATA_FUNC()
      | ^
/opt/homebrew/Cellar/ruby/4.0.6_1/include/ruby-4.0.0/ruby/internal/core/rdata.h:47:5: note: expanded from macro 'RBIMPL_ATTRSET_UNTYPED_DATA_FUNC'
   47 |     RBIMPL_ATTR_DEPRECATED(("by TypedData"))
      |     ^
/opt/homebrew/Cellar/ruby/4.0.6_1/include/ruby-4.0.0/ruby/internal/attr/deprecated.h:36:53: note: expanded from macro 'RBIMPL_ATTR_DEPRECATED'
   36 | # define RBIMPL_ATTR_DEPRECATED(msg) __attribute__((__deprecated__ msg))
      |                                                     ^
StructLayout.c:189:5: warning: 'rb_data_object_get_warning' is deprecated: by TypedData [-Wdeprecated-declarations]
  189 |     Data_Get_Struct(self, StructField, field);
      |     ^
/opt/homebrew/Cellar/ruby/4.0.6_1/include/ruby-4.0.0/ruby/internal/core/rdata.h:278:34: note: expanded from macro 'Data_Get_Struct'
  278 |     ((sval) = RBIMPL_CAST((type*)rb_data_object_get(obj)))
      |                                  ^
/opt/homebrew/Cellar/ruby/4.0.6_1/include/ruby-4.0.0/ruby/internal/core/rdata.h:370:31: note: expanded from macro 'rb_data_object_get'
  370 | #define rb_data_object_get    RUBY_MACRO_SELECT(rb_data_object_get_2, RUBY_UNTYPED_DATA_WARNING)
      |                               ^
/opt/homebrew/Cellar/ruby/4.0.6_1/include/ruby-4.0.0/ruby/internal/core/rdata.h:50:35: note: expanded from macro 'RUBY_MACRO_SELECT'
   50 | #define RUBY_MACRO_SELECMT(x, y)   RBIMPL_MACRO_SELECT(xPL_ATTRSET_U, y)
      |                                   ^
/opt/homebrew/Cellar/ruby/4.0.6_1/include/ruby-4.0.0/ruby/internal/core/rdata.h:49:35: note: expanded from macro 'RBIMPL_MACRO_SELECT'
    49 | #define RBIMPL_MACRO_SELECT(x, y) x ## y
      |                                   ^
<scratch space>:105:1: note: expanded from here
  105 | rb_data_object_get_1
      | ^
/opt/homebrew/Cellar/ruby/4.0.6_1/include/ruby-4.0.0/ruby/internal/core/rdata.h:368:31: note: expanded from macro 'rb_data_object_get_1'
  368 | #define rb_note: 'rb_data_object_get_warning' has been explicitly marked deprecated here
  317 | RBdata_object_get_1  NTYPIMrb_data_object_get_warning
      |                               ^
PL_AED_/opt/homebrew/Cellar/ruby/4.0.6_1/include/ruby-4.0.0/ruby/internal/core/rdata.hTTRSED:A317TA_FUNCT:1: note: 'rb_data_object_get_warning' has been explicitly marked deprecated here
  317 | R_UBIMPL_ATTRSET_UNTYPED_DATA_FUNC()
      | ^
/opt/homebrew/Cellar/ruby/4.0.6_1/include/ruby-4.0.0/ruby/internal/core/rdata.h:47:5: note: expanded from macro 'RBIMPL_ATTRSET_UNTYPED_DATA_FUNC'
   47 |    NT RBIMPL_ATTR_DEPRECATED(("by TypedData"))
      |     ^
/opt/homebrew/Cellar/ruby/4.0.6_1/include/ruby-4.0.0/ruby/internal/attr/deprecated.h:36:53: note: expanded from macro 'RBIMPL_ATTR_DEPRECATED'
   36 | # define RBIMPL_ATTR_DEPRECATED(msg) __attribute__((__deprecated__ msg))
Variadic.c:131:5: warning: 'rb_data_object_get_warning' is deprecated: by TypedData [-Wdeprecated-declarations]      Y|                                                     ^()
      
| 
PED^
  131 |     Dat/opt/homebrew/Cellar/ruby/4.0.6_1/include/ruby-4.0.0/ruby/internal/core/rdata.ha_Get_S_DAT:A_FUtNC()
r      | ^
47uct(rbReturnType, Type, invoker->re/opt/homebrew/Cellar/ruby/4.0.6_1/include/ruby-4.0.0/ruby/internal/core/rdata.ht:47:5: urnT:5:note: expanded from macro 'RBIMPL_ATTRSET_UNTYPED_DATA_FUNC'y note: expanded from macro 'RBIMPL_ATTRSET_UNTYPED_DATA_FUNC'
pe);
         47|  |     ^ 
   RBIMPL/opt/homebrew/Cellar/ruby/4.0.6_1/include/ruby-4.0.0/ruby/internal/core/rdata.h_:A278TTR_DEPR:34: 
note: expanded from macro 'Data_Get_Struct'
     278 |     ((47 | ECATED StructLayout.cs:203v:a5l:)  warning: ='rb_data_object_get_warning' is deprecated: by TypedData [-Wdeprecated-declarations] 
RBIMP  L203_ | (("bCy  AS T( (tyR BI MPpLe*)r b_ TDy_aAdTaTR_DtEPtREap_eGdeDta_taa"CATStru_)objecct_Eg)et(objt)))
      | 
      | (    ^Ds(                                 ^("
by
 T/opt/homebrew/Cellar/ruby/4.0.6_1/include/ruby-4.0.0/ruby/internal/core/rdata.h:yel370f, pStr:/opt/homebrew/Cellar/ruby/4.0.6_1/include/ruby-4.0.0/ruby/internal/attr/deprecated.h31:e36udctFiel:d, fieDatal")d)
       | :    ^53
);
      | note: expanded from macro 'rb_data_object_get'
/opt/homebrew/Cellar/ruby/4.0.6_1/include/ruby-4.0.0/ruby/internal/attr/deprecated.h:36      ^370
:53::/opt/homebrew/Cellar/ruby/4.0.6_1/include/ruby-4.0.0/ruby/internal/core/rdata.h  | note: expanded from macro 'RBIMPL_ATTR_DEPRECATED'#
define :   27836 | r# bd_edfa:t a34note: :expanded from macro 'RBIMPL_ATTR_DEPRECATED' 
note: expanded from macro 'Data_Get_Struct'
_object_  278 |  get      ((sval) = RBIMPL_CAST((type*)rb_data_object_get(obj)))
      |                                  ^
/opt/homebrew/Cellar/ruby/4.0.6_1/include/ruby-4.0.0/ruby/internal/core/rdata.h:370:31: note: expanded from macro 'rb_data_object_get'
  370 | #d RUBY_MACRO_SELECefine rbT(rb_dat   a36_ | o#b_ject_gedata_object_2,i ne Rt_ge tR    BRIMPL_ATTR_DEPRECAUUBY_MACRO_BSY_UdNeTTYPED_DAETLAE_CT(rfWARNINGE)
      | b                              ^_
data_object_g/opt/homebrew/Cellar/ruby/4.0.6_1/include/ruby-4.0.0/ruby/internal/core/rdata.he:t50:35: note: expanded from macro 'RUBY_MACRO_SELECT'
i   50 | _#d2e, RnUeB Yf_UNine RUTYPED_DBAYT_AM_AWDC(RmOs_gS)E LECTA(xR,N IyN)G )  
RBI      M| P                              ^L
_ATTR_DE/opt/homebrew/Cellar/ruby/4.0.6_1/include/ruby-4.0.0/ruby/internal/core/rdata.hP:R50E:C35A: note: Rexpanded from macro 'RUBY_MACRO_SELECT'
BIMPL_MACRO_SEL   E50C | T#(dxe,f iyn)e
       R| TED(msg) __attriU_BY_MACR                                  ^
_attribbute/opt/homebrew/Cellar/ruby/4.0.6_1/include/ruby-4.0.0/ruby/internal/core/rdata.h_:_49(:O35_SELECT(:x note: expanded from macro 'RBIMPL_MACRO_SELECT'
, y) u t e(__((__d   49 | R#BdIeMfPiLn_eM ARCBIMP_L_RMO_SELECT(_x, y)A
CeRpOr_eSELEC      |                                   ^T(x,depc
 y/opt/homebrew/Cellar/ruby/4.0.6_1/include/ruby-4.0.0/ruby/internal/core/rdata.h:49:35: note: r) ecatexd ## yexpanded from macro 'RBIMPL_MACRO_SELECT'

   49      |                                   ^a
t | e#de<scratch space>f:ine RBIMP101L:_1M:A Cnote: Rexpanded from here
O_SELE  101 | rb_CT(x, yd)a txa _#o# y
      |                                   ^
<scratch space>b:j106e:c1t:_ gnote: dexpanded from here
__et_1
  106 | rb_d      a| t^a
_obje/opt/homebrew/Cellar/ruby/4.0.6_1/include/ruby-4.0.0/ruby/internal/core/rdata.hc:t368_:g31et_1
      | ^
: note: /opt/homebrew/Cellar/ruby/4.0.6_1/include/ruby-4.0.0/ruby/internal/core/rdata.h:368:31:expanded from macro 'rb_data_object_get_1'
   note: expanded from macro 'rb_data_object_get_1'
368   | 368# | d#edfeifnien er br_bd_adtaat_aobject_g_objecte_tg_e1t _ rb_data_obje1ct _ grebt__dwaatran_ionbgj
e      c_| t                              ^_
ge tm_swga)r)n
i      n| g                                                    ^/opt/homebrew/Cellar/ruby/4.0.6_1/include/ruby-4.0.0/ruby/internal/core/rdata.h
:317
      |                               ^
:1: note: 'rb_data_object_get_warning' has been explicitly marked deprecated here
/opt/homebrew/Cellar/ruby/4.0.6_1/include/ruby-4.0.0/ruby/internal/core/rdata.h:  317 | RBIMPL317_ATTRSE:T1_:U Nnote: T'rb_data_object_get_warning' has been explicitly marked deprecated hereY
  317 | RBPIMPL_ATED_DATA_FUNC(TRSET__UNT)
      | ^
 msYgPED_DATA_FUNC()
      | /opt/homebrew/Cellar/ruby/4.0.6_1/include/ruby-4.0.0/ruby/internal/core/rdata.h:47:)5:) note: ^expanded from macro 'RBIMPL_ATTRSET_UNTYPED_DATA_FUNC'
   
47      | 
 |                                                     ^ /opt/homebrew/Cellar/ruby/4.0.6_1/include/ruby-4.0.0/ruby/internal/core/rdata.h  : 47R:B5I:
MPL_ATTR_DE PRECATED(("bnote: expanded from macro 'RBIMPL_ATTRSET_UNTYPED_DATA_FUNC'
y Typed   D47a | t a " ) )R
B      I| M    ^P
L_ATTR_DEPRECA/opt/homebrew/Cellar/ruby/4.0.6_1/include/ruby-4.0.0/ruby/internal/attr/deprecated.hT:E36D:(53(:" bnote: yexpanded from macro 'RBIMPL_ATTR_DEPRECATED' 
TypedData")   )36
 |       #|      ^d
efine RBI/opt/homebrew/Cellar/ruby/4.0.6_1/include/ruby-4.0.0/ruby/internal/attr/deprecated.hM:P36L:_53A:T Tnote: Rexpanded from macro 'RBIMPL_ATTR_DEPRECATED'_
DEPRECATED(msg) __attr   36 | # define Ribute__(BIMPL_ATTR_(__deprecated__D Emsg))
      |                                                     ^
Struct.c:451:5PR:E Cwarning: A'rb_data_object_get_warning' is deprecated: by TypedData [-Wdeprecated-declarations]T
ED(msg) _  _451a | t t r i bDuattea___G(e(t___Sdterpurcetc(asteeldf_,_  Smtsrgu)c)t
,       | s                                                    ^)
;
      |     ^
/opt/homebrew/Cellar/ruby/4.0.6_1/include/ruby-4.0.0/ruby/internal/core/rdata.h:278:34: note: expanded from macro 'Data_Get_Struct'
  278 |     ((sval) = RBIMPL_CAST((type*)rb_data_object_get(obj)))
      |                                  ^
/opt/homebrew/Cellar/ruby/4.0.6_1/include/ruby-4.0.0/ruby/internal/core/rdata.h:370:31: note: expanded from macro 'rb_data_object_get'
  StructLayout.c:218:5: warning: 'rb_data_object_get_warning' is deprecated: by TypedData [-Wdeprecated-declarations]
  218 |     Data_Get_Struct370(self, StructField, f);
      |     ^
/opt/homebrew/Cellar/ruby/4.0.6_1/include/ruby-4.0.0/ruby/internal/core/rdata.h:278:34: note: expanded from macro 'Data_Get_Struct'
  278 |     ((sval) = RBIMPL_CAST((type*)rb_data_object_get(obj)))
      |                                  ^
/opt/homebrew/Cellar/ruby/4.0.6_1/include/ruby-4.0.0/ruby/internal/core/rdata.h:370:31: note: expanded from macro 'rb_data_object_get'
  370 | #defiVariadic.c:145:9: warning: 'rb_data_object_get_warning' is deprecated: by TypedData [-Wdeprecated-declarations]
n  145 |  e rb_d a t a _  |  # dDoabtjae_cGte_tg_et  e Type.c :R137USBY_MACfRiO_StELrEuCct(rbTypeT(rb_da,t aT_:obje5: ywarning: pe, tct_'rb_data_object_get_warning' is deprecated: by TypedData [-Wdeprecated-declarations]y
get_2, RUBY_UNTYPED_DATApe);_
      |         ^
/opt/homebrew/Cellar/ruby/4.0.6_1/include/ruby-4.0.0/ruby/internal/core/rdata.h:278:34WARNING)
      |                               ^
/opt/homebrew/Cellar/ruby/4.0.6_1/include/ruby-4.0.0/ruby/internal/core/rdata.h:50:35: :note: expanded from macro 'RUBY_MACRO_SELECT' 
note: expanded from macro 'Data_Get_Struct'
   50 | #define RUBY_MACRO_SELECT(x, y)   RB  278 |     ((sval) =I MRPBLI_MMPAL_CAST((typnC  R137 |   e*)O_Se rb_data_object_get(obj)))
ELECT(x, y)      |                                  ^

/opt/homebrew/Cellar/ruby/4.0.6_1/include/ruby-4.0.0/ruby/internal/core/rdata.h       Da:| 370:31: note: expanded from macro 'rb_data_object_get'
                                  ^
ta_G/opt/homebrew/Cellar/ruby/4.0.6_1/include/ruby-4.0.0/ruby/internal/core/rdata.he:t49:35:   note: 370_St | expanded from macro 'RBIMPL_MACRO_SELECT'#d
efine    rb_data_ob49 | #de fribn_jdatecte_ gReBtI    a_RUBYr_uMcAMCPRLO_SEoLbEjtect_ge_MACCRTO(_rSbE_LECT(set  dl(f, xT,y pye),  a t aR_xob j#e#ctU_BgYe_t_2, RUBY_UNTYPED_DATA_WARNING)
      |                               ^
/opt/homebrew/Cellar/ruby/4.0.6_1/include/ruby-4.0.0/ruby/internal/core/rdata.h:50:35: note: expanded from macro 'RUBY_MACRO_SELECT'
   50 | #define RUBY_MACRO_SELECT(x, y)   RBIMPL_MACRO_SELECT(x, y)
      |                                   ^
/opt/homebrew/Cellar/ruby/4.0.6_1/include/ruby-4.0.0/ruby/internal/core/rdata.h:49:35: note: expanded from macro 'RBIMPL_MACRO_SELECT'
   49 | #define RBIMPL_MACRO_SELECT(x, y) x ## y
      |                                   ^
<scratch space>:102:1: note: expanded from here
  102 | rb_data_object_get_1
      | ^
/opt/homebrew/Cellar/ruby/4.0.6_1/include/ruby-4.0.0/ruby/internal/core/rdata.h:368:31: note: expanded from macro 'rb_data_object_get_1'
  368 | #define rb_data_object_get_1  rb_data_object_get_warning
      |                               ^
/opt/homebrew/Cellar/ruby/4.0.6_1/include/ruby-4.0.0/ruby/internal/core/rdata.h:317:1: note: 'rb_data_object_get_warning' has been explicitly marked deprecated here
  317 | RBIMPL_ATTRSET_UNTYPED_DATA_FUNC()
      | ^
/opt/homebrew/Cellar/ruby/4.0.6_1/include/ruby-4.0.0/ruby/internal/core/rdata.h:47:5: note: expanded from macro 'RBIMPL_ATTRSET_UNTYPED_DATA_FUNC'
   47 |     RBIMPL_ATTR_DEPRECATED(("by TypedData"))
      |     ^
 y
      |                                   ^
<scratch space>:107:/opt/homebrew/Cellar/ruby/4.0.6_1/include/ruby-4.0.0/ruby/internal/attr/deprecated.h:36:53: note: expanded from macro 'RBIMPL_ATTR_DEPRECATED'
   36 | 1# de: note: expanded from here
  107 | fine rb_datRa_BoIbMjPeLc_tA_TgTeRt__D1E
P      R| E^C
ATED(msg) __attribute__((__deprecat/opt/homebrew/Cellar/ruby/4.0.6_1/include/ruby-4.0.0/ruby/internal/core/rdata.h:368:31: note: eexpanded from macro 'rb_data_object_get_1'
d__ msg)  )368
 |       #| d                                                    ^e
fine rb_data_object_get_1  rb_data_object_get_warning
      |                               ^
/opt/homebrew/Cellar/ruby/4.0.6_1/include/ruby-4.0.0/ruby/internal/core/rdata.h:317:1: note: 'rb_data_object_get_warning' has been explicitly marked deprecated here
  317 | RBIMPL_ATTRSET_UNTYPED_DATA_FUNC()
      | ^
/opt/homebrew/Cellar/ruby/4.0.6_1/include/ruby-4.0.0/ruby/internal/core/rdata.h:47:5: note: expanded from macro 'RBIMPL_ATTRSET_UNTYPED_DATA_FUNC'
   47 |     RBIMPL_ATTR_DEPRECATED(("by TypedData"))
      |     ^
/opt/homebrew/Cellar/ruby/4.0.6_1/include/ruby-4.0.0/ruby/internal/attr/deprecated.h:36:53: note: expanded from macro 'RBIMPL_ATTR_DEPRECATED'
   36 | # define RBIMPL_ATTR_DEPRECATED(msg) __attribute__((__deprecated__ msg))
      |                                                     ^
Variadic.c:179:5: warning: 'rb_data_object_get_warning' is deprecated: by TypedData [-Wdeprecated-declarations]
  179 |     Data_Get_Struct(self, VariadicInvoker, invoker);
      |     ^
/opt/homebrew/Cellar/ruby/4.0.6_1/include/ruby-4.0.0/ruby/internal/core/rdata.h:278:34: note: expanded from macro 'Data_Get_Struct'
  278 |     ((sval) = RBIMPL_CAST((type*)rb_data_object_get(obj)))
      |                                  ^
/opt/homebrew/Cellar/ruby/4.0.6_1/include/ruby-4.0.0/ruby/internal/core/rdata.h:370:31: note: expanded from macro 'rb_data_object_get'
  370 | #define rb_data_object_get    RUBY_MACRO_SELECT(rb_data_object_get_2, RUBY_UNTYPED_DATA_WARNING)
      |                               ^
/opt/homebrew/Cellar/ruby/4.0.6_1/include/ruby-4.0.0/ruby/internal/core/rdata.h:50:35: note: expanded from macro 'RUBY_MACRO_SELECT'
   50 | #define RUBY_MACRO_SELECT(x, y)   RBIMPL_MACRO_SELECT(x, y)
      |                                   ^
/opt/homebrew/Cellar/ruby/4.0.6_1/include/ruby-4.0.0/ruby/internal/core/rdata.h:49:35: note: expanded from macro 'RBIMPL_MACRO_SELECT'
   49 | #define RBIMPL_MACRO_SELECT(x, y) x ## y
      |                                   ^
<scratch space>:103:1: note: expanded from here
  103 | rb_data_object_get_1
      | ^
/opt/homebrew/Cellar/ruby/4.0.6_1/include/ruby-4.0.0/ruby/internal/core/rdata.h:368:31: note: expanded from macro 'rb_data_object_get_1'
StructLayout.c:239:  368 | #define rb_data_object_get_1  rb_data_object_get_warning
      |                               ^
/opt/homebrew/Cellar/ruby/4.0.6_1/include/ruby-4.0.0/ruby/internal/core/rdata.h:317:1: note: 'rb_data_object_get_warning' has been explicitly marked deprecated here
  317 | RBIMPL_ATTRSET_UNTYPED_DATA_FUNC()
      | ^
/opt/homebrew/Cellar/ruby/4.0.6_1/include/ruby-4.0.0/ruby/internal/core/rdata.h:47:5: note: expanded from macro 'RBIMPL_ATTRSET_UNTYPED_DATA_FUNC'
   47 |     RBIMPL_ATTR_DEPRECATED(("by TypedData"))
      |     ^
/opt/homebrew/Cellar/ruby/4.0.6_1/include/ruby-4.0.0/ruby/internal/attr/deprecated.h:36:53: note: expanded from macro 'RBIMPL_ATTR_DEPRECATED'
   36 | # define RBIMPL_ATTR_DEPRECATED(msg) __attribute__((__deprecated__ msg))
      |                                                     ^
5: warning: 'rb_data_object_get_warning' is deprecated: by TypedData [-Wdeprecated-declarations]
  239 |     Data_Get_Struct(self, StructField, f);
      |     ^
/opt/homebrew/Cellar/ruby/4.0.6_1/include/ruby-4.0.0/ruby/internal/core/rdata.h:278:34: note: expanded from macro 'Data_Get_Struct'
  278 |     ((sval) = RBIMPL_CAST((type*)rb_data_object_get(obj)))
      |                                  ^
/opt/homebrew/Cellar/ruby/4.0.6_1/include/ruby-4.0.0/ruby/internal/core/rdata.h:370:31: note: expanded from macro 'rb_data_object_get'
  370 | #define rb_data_object_get    RUBY_MACRO_SELECT(rb_data_object_get_2, RUBY_UNTYPED_DATA_WARNING)
      |                               ^
/opt/homebrew/Cellar/ruby/4.0.6_1/include/ruby-4.0.0/ruby/internal/core/rdata.h:50:35: note: expanded from macro 'RUBY_MACRO_SELECT'
   50 | #define RUBY_MACRO_SELECT(x, y)   RBIMPL_MACRO_SELECT(x, y)
      |                                   ^
/opt/homebrew/Cellar/ruby/4.0.6_1/include/ruby-4.0.0/ruby/internal/core/rdata.h:49:35: note: expanded from macro 'RBIMPL_MACRO_SELECT'
   49 | #define RBIMPL_MACRO_SELECT(x, y) x ## y
      |                                   ^
<scratch space>:108:1: note: expanded from here
  108 | rb_data_object_get_1
      | ^
/opt/homebrew/Cellar/ruby/4.0.6_1/include/ruby-4.0.0/ruby/internal/core/rdata.h:368:31: note: expanded from macro 'rb_data_object_get_1'
  368 | #define rb_data_object_get_1  rb_data_object_get_warning
      |                               ^
/opt/homebrew/Cellar/ruby/4.0.6_1/include/ruby-4.0.0/ruby/internal/core/rdata.h:317:1: note: 'rb_data_object_get_warning' has been explicitly marked deprecated here
  317 | RBIMPL_ATTRSET_UNTYPED_DATA_FUNC()
      | ^
/opt/homebrew/Cellar/ruby/4.0.6_1/include/ruby-4.0.0/ruby/internal/core/rdata.h:47:5: note: expanded from macro 'RBIMPL_ATTRSET_UNTYPED_DATA_FUNC'
   47 |     RBIMPL_ATTR_DEPRECATED(("by TypedData"))
      |     ^
/opt/homebrew/Cellar/ruby/4.0.6_1/include/ruby-4.0.0/ruby/internal/attr/deprecated.h:36:53: note: expanded from macro 'RBIMPL_ATTR_DEPRECATED'
   36 | # define RBIMPL_ATTR_DEPRECATED(msg) __attribute__((__deprecated__ msg))
      |                                                     ^
StructLayout.c:261:5: warning: 'rb_data_object_get_warning' is deprecated: by TypedData [-Wdeprecated-declarations]
  261 |     Data_Get_Struct(self, StructField, f);
      |     ^
/opt/homebrew/Cellar/ruby/4.0.6_1/include/ruby-4.0.0/ruby/internal/core/rdata.h:278:34: note: expanded from macro 'Data_Get_Struct'
  278 |     ((sval) = RBIMPL_CAST((type*)rb_data_object_get(obj)))
      |                                  ^
/opt/homebrew/Cellar/ruby/4.0.6_1/include/ruby-4.0.0/ruby/internal/core/rdata.h:370:31: note: expanded from macro 'rb_data_object_get'
  370 | #define rb_data_object_get    RUBY_MACRO_SELECT(rb_data_object_get_2, RUBY_UNTYPED_DATA_WARNING)
      |                               ^
/opt/homebrew/Cellar/ruby/4.0.6_1/include/ruby-4.0.0/ruby/internal/core/rdata.h:50:35: note: expanded from macro 'RUBY_MACRO_SELECT'
   50 | #define RUBY_MACRO_SELECT(x, y)   RBIMPL_MACRO_SELECT(x, y)
      |                                   ^
/opt/homebrew/Cellar/ruby/4.0.6_1/include/ruby-4.0.0/ruby/internal/core/rdata.h:49:35: note: expanded from macro 'RBIMPL_MACRO_SELECT'
   49 | #define RBIMPL_MACRO_SELECtype);
      |     ^
/opt/homebrew/Cellar/ruby/4.0.6_1/include/ruby-4.0.0/ruby/internal/core/rdata.h:278:34: note: expanded from macro 'Data_Get_Struct'
  278 |     ((sval) = RBT(x,IMMACRO_SELECT(rb_d y)PL_CAST x ## y
      |                                   ^
<scratch space>ata_obj:((typ109:1: note: expanded from here
  109 | rb_data_object_get_1
      | ^
/opt/homebrew/Cellar/ruby/4.0.6_1/include/ruby-4.0.0/ruby/internal/core/rdata.h:368:31: note: expanded from macro 'rb_data_object_get_1'
  368 | #define rb_data_object_get_1  rb_data_object_get_warning
      |                               ^
/opt/homebrew/Cellar/ruby/4.0.6_1/include/ruby-4.0.0/ruby/internal/core/rdata.h:317:1: note: 'rb_data_object_get_warning' has been explicitly marked deprecated here
  317 | RBIMPL_ATTRSET_UNTYPED_DATA_FUNC()
      | ^
/opt/homebrew/Cellar/ruby/4.0.6_1/include/ruby-4.0.0/ruby/internal/core/rdata.h:47:5: note: expanded from macro 'RBIMPL_ATTRSET_UNTYPED_DATA_FUNC'
   47 |     RBIMPL_ATTR_DEPRECATED(("by TypedDe*)rb_data_object_gaetcat_get_2, Re"))t
UB      |     ^
(obj)))
      |                                  ^
/opt/homebrew/Cellar/ruby/4.0.6_1/include/ruby-4.0.0/ruby/internal/core/rdata.hY/opt/homebrew/Cellar/ruby/4.0.6_1/include/ruby-4.0.0/ruby/internal/attr/deprecated.h_:36:53: note: expanded from macro 'RBIMPL_ATTR_DEPRECATED'
   36 | # define RBIMUNPTL_ATTR_DEPRECATED(msg) :__attribute__((__deprecated__ msg))370:31Y: note: Pexpanded from macro 'rb_data_object_get'
  370 | #define rb
_d      a| t                                                    ^a
_object_get    RUBY_MACRO_SELECT(rb_data_object_get_2, RUBY_UNTYPED_DATA_WARNING)
      |                               ^
/opt/homebrew/Cellar/ruby/4.0.6_1/include/ruby-4.0.0/ruby/internal/core/rdata.h:50:35: note: expanded from macro 'RUBY_MACRO_SELECT'
   ED_DATA_WVariadic.c:195:9: warning: 'rb_data_object_get_warning' is deprecated: by TypedData [-Wdeprecated-declarations]
  ARNING195 |         Data_Get_Struct(rStructLayout.cb:T281y50 | #:p5e:,  warning: T'rb_data_object_get_warning' is deprecated: by TypedData [-Wdeprecated-declarations]y
pe, paramTypes  281 |    [i)]
);
      |         ^
 Data/opt/homebrew/Cellar/ruby/4.0.6_1/include/ruby-4.0.0/ruby/internal/core/rdata.h:278:34: note: expanded from macro 'Data_Get_Struct'
_Get_Str  u278c | t ( s e ((svall)f ,=  SRtructFi      |                               ^eBlIdM,P Lf_)CAST((typ;e
*      )| r    ^b
_data_o/opt/homebrew/Cellar/ruby/4.0.6_1/include/ruby-4.0.0/ruby/internal/core/rdata.hb:j278edcetf_ignee: RUBY_MACRO_SEL
tECT(34x,:( /opt/homebrew/Cellar/ruby/4.0.6_1/include/ruby-4.0.0/ruby/internal/core/rdata.h :y) 50:  RBI35:MP note: expanded from macro 'RUBY_MACRO_SELECT'
   L50 | #define RU_Mobj)))ACRBY_O_SELECT(x, MACRy)
      |                                   ^
O/opt/homebrew/Cellar/ruby/4.0.6_1/include/ruby-4.0.0/ruby/internal/core/rdata.h:49:_SE35: note: expanded from macro 'RBIMPL_MACRO_SELECT'
   LECT(x, y)   RB49 | #deIMPL_MAfineCRO_ RBIMP
note:       L_MACRO_SSEEL|                                  ^expanded from macro 'Data_Get_Struct'

LECT(x, y)
      | ECT(x, /opt/homebrew/Cellar/ruby/4.0.6_1/include/ruby-4.0.0/ruby/internal/core/rdata.hy:)370 :x31 :#                                  ^#
 y
/opt/homebrew/Cellar/ruby/4.0.6_1/include/ruby-4.0.0/ruby/internal/core/rdata.h:49:35:   note: 278 |         |                                    ^ 
expanded from macro 'RBIMPL_MACRO_SELECT'
<scratch space>:86:1: ((sv   note: 49 | #d enote: fexpanded from macro 'rb_data_object_get'
  370 | #define RBIMexpanded from herePL_MACRO_SELECT(x, 
y   )86  | rb_dataa_obxine rb_data_ ##ject_get_ y
      | l) = 1o
RB      | ^
/opt/homebrew/Cellar/ruby/4.0.6_1/include/ruby-4.0.0/ruby/internal/core/rdata.h:bjIMPL_CAST368:31                                  ^: 
ect_get    R<scratch space>:111note: :expanded from macro 'rb_data_object_get_1'1
: (note: expanded from here
  368 | #defin  e111  | rrbb__ddaattaa__objec(t_get_UBYotbject__MAC1
      g| et_y1pe*)^r
  rb_data/opt/homebrew/Cellar/ruby/4.0.6_1/include/ruby-4.0.0/ruby/internal/core/rdata.h_objReOb:368:31c_t_ge_tdata_:obje_wa note: expanded from macro 'rb_data_object_get_1'
SELECT(rb_datraning  
      | c                              ^
_object_368t_get | g#de/opt/homebrew/Cellar/ruby/4.0.6_1/include/ruby-4.0.0/ruby/internal/core/rdata.hfine ret_2,b_d:317:1: note: 'rb_data_object_get_warning' has been explicitly marked deprecated here (obata_objR
je  c317t | RBIM)P)L)_ATTR_get_1 SET_
      |  rUNUTBY_UbN_daYPE                                 ^
ta_objecD_DATA_FUNC()
      | t_get_w^
/opt/homebrew/Cellar/ruby/4.0.6_1/include/ruby-4.0.0/ruby/internal/core/rdata.h:47a:5: note: expanded from macro 'RBIMPL_ATTRSET_UNTYPED_DATA_FUNC'
   47 |     RBIMPL_ATTR_DEPRECAT/opt/homebrew/Cellar/ruby/4.0.6_1/include/ruby-4.0.0/ruby/internal/core/rdata.hE:D370(("byT TypedrninYDPEata")g
)
      D_DA| TA_:W31      A|                               ^R
: note: expanded from macro 'rb_data_object_get'
  370 | #define     ^
/opt/homebrew/Cellar/ruby/4.0.6_1/include/ruby-4.0.0/ruby/internal/core/rdata.h:317:/opt/homebrew/Cellar/ruby/4.0.6_1/include/ruby-4.0.0/ruby/internal/attr/deprecated.h:36:53N1I:N Gnote: 'rb_data_object_get_warning' has been explicitly marked deprecated here: note: expanded from macro 'RBIMPL_ATTR_DEPRECATED'
   36 | # define RBIMPL_ATTR_DEPRECATED(msg) __attribute__((_)_
      d| e                              ^
/opt/homebrew/Cellar/ruby/4.0.6_1/include/ruby-4.0.0/ruby/internal/core/rdata.h:50:
p  317 | RBIMPL_recaATTRSETt_Ured__ msNTYPED_g))
b_dDa      |                                                     ^
ATA_FUNC()
      | ^
/opt/homebrew/Cellar/ruby/4.0.6_1/include/ruby-4.0.0/ruby/internal/core/rdata.h:47:5: note: expanded from macro 'RBIMPL_ATTRSET_UNTYPED_DATA_FUNC'
   47 |     RBIMPL_ATTR_DEPRECATED(("by TypedData"))
      |     ^
/opt/homebrew/Cellar/ruby/4.0.6_1/include/ruby-4.0.0/ruby/internal/attr/deprecated.h:36:53: note: expanded from macro 'RBIMPL_ATTR_DEPRECATED'
   36 | # define RBIMPL_ATTR_DEPRECATED(msg) __attribute__((__deprecateta_od__ msg))
      |                                                     ^
bject_get    RUBY_MACRO_SELECT(rb_data_object_get_2, RUBY_UNTYPED_DA35: note: expanded from macro 'RUBY_MACRO_SELECT'
   50 | #define RUBY_MACRO_SELECT(x, y)   RTBIMPL_MACRO_SA_WARNING)
      |                               ^
Struct.c:466:5: warning: 'rb_data_object_get_warning' is deprecated: by TypedData [-Wdeprecated-declarations]
  466 |   /opt/homebrew/Cellar/ruby/4.0.6_1/include/ruby-4.0.0/ruby/internal/core/rdata.h  Data_GetELECT(x, y)
      |                                   ^
:/opt/homebrew/Cellar/ruby/4.0.6_1/include/ruby-4.0.0/ruby/internal/core/rdata.h:5049::35: note: expanded from macro 'RBIMPL_MACRO_SELECT'
   49 | #define RBIMP_StrL_MAuct(35: note: expanded from macro 'RUBY_MACRO_SELECT'
CRO_SELEC   50s | e#dTe(fine Rlf, Struct, s);
      |     ^
/opt/homebrew/Cellar/ruby/4.0.6_1/include/ruby-4.0.0/ruby/internal/core/rdata.h:278:34:x, y) x ## y
 note: expanded from macro 'Data_Get_Struct'
        278|                                   ^
UBY<scratch space>_: | 104    ((sval) = RBIMPL_C:1: note: Aexpanded from here
ST((type*)rb_dat  a104_ | object_get(obj)))
      |                                  ^
rb_dat/opt/homebrew/Cellar/ruby/4.0.6_1/include/ruby-4.0.0/ruby/internal/core/rdata.h:370:31: note: expanded from macro 'rb_data_object_get'
a_object_get_1
  370 | #define rb_data_obj      ec| t^_
get    RUB/opt/homebrew/Cellar/ruby/4.0.6_1/include/ruby-4.0.0/ruby/internal/core/rdata.h:368:31: note: expanded from macro 'rb_data_object_get_1'
  368 | Y_MACRO_SMACRO_#SdefELECine rbE_LdEaCtTa(x, y)   RBIM_PoLb_ject_get_1  rb_T(MrAbC_RdOatadata_object_get_warning
      |                               ^
_SELECT(x, y)
      |                                   ^
/opt/homebrew/Cellar/ruby/4.0.6_1/include/ruby-4.0.0/ruby/internal/core/rdata.h/opt/homebrew/Cellar/ruby/4.0.6_1/include/ruby-4.0.0/ruby/internal/core/rdata.h::317:1: note: 'rb_data_object_get_warning' has been explicitly marked deprecated here
49  :317 | RBI35M:PL_ATTR_ note: oexpanded from macro 'RBIMPL_MACRO_SELECT'b
ject_   g49e | t_2,S REUTBY#_U_UNdefine RBTYPED_DATA_FUNC()
      | ^
Type.cI:MP178L:_5M:A CNTYPED_DATA_/opt/homebrew/Cellar/ruby/4.0.6_1/include/ruby-4.0.0/ruby/internal/core/rdata.hwarning: :'rb_data_object_get_warning' is deprecated: by TypedData [-Wdeprecated-declarations]47
:5R: note:   expanded from macro 'RBIMPL_ATTRSET_UNTYPED_DATA_FUNC'178WARNING)
      |                               ^
/opt/homebrew/Cellar/ruby/4.0.6_1/include/ruby-4.0.0/ruby/internal/core/rdata.h:50:O35:_SELECT( note: expanded from macro 'RUBY_MACRO_SELECT'
   50 | #x, y) x ## y
       | |                                   ^
    Dat<scratch space>a:_Get_dSe110:1: note: expanded from here
truct(self, Bu
f   47 | i      iltinT110y | per,nRe Rb_data _objteycUBY_BIMPt_pe);MAC
R      O_| S    ^
Eget/opt/homebrew/Cellar/ruby/4.0.6_1/include/ruby-4.0.0/ruby/internal/core/rdata.hLL_ATTR:278_:1
34      _DE: note: expanded from macro 'Data_Get_Struct'
  278 |     ((EsvCaTl()x , y) |  P RRE=CATED (R(B"IMPL_^
BIMPL_CbAySM/opt/homebrew/Cellar/ruby/4.0.6_1/include/ruby-4.0.0/ruby/internal/core/rdata.h:368:31: note: expanded from macro 'rb_data_object_get_1'
ACRO _TSE  L368E | C#defT(ypedDa(ine tTa("r)b)_tdayx, y)
      | 
t      a| _    ^o
bjepe*/opt/homebrew/Cellar/ruby/4.0.6_1/include/ruby-4.0.0/ruby/internal/attr/deprecated.hc)rb                                  ^_da:ta
_obt_get_1  /opt/homebrew/Cellar/ruby/4.0.6_1/include/ruby-4.0.0/ruby/internal/core/rdata.hr:b49_:d35a: note: expanded from macro 'RBIMPL_MACRO_SELECT'j
ect_get(t36:53: note:    o49b | j#adeexpanded from macro 'RBIMPL_ATTR_DEPRECATED')fin))e 
      RBIMP|                                  ^
/opt/homebrew/Cellar/ruby/4.0.6_1/include/ruby-4.0.0/ruby/internal/core/rdata.h:370L_M:31ACRO_SELECT(x,: note: expanded from macro 'rb_data_object_get'
  370 |  y#defi) x ## y
      |                                   ^
_<scratch space>:o112bjencet _rgbe_td_awtaar_noibnjge
c      t| _                              ^
:1: note: expanded from here
  112 | rb_data_object_gget  /opt/homebrew/Cellar/ruby/4.0.6_1/include/ruby-4.0.0/ruby/internal/core/rdata.h : RUBY_M317:e1t:_ 1note: 
'rb_data_object_get_warning' has been explicitly marked deprecated hereA
CRO_         | ^

  /opt/homebrew/Cellar/ruby/4.0.6_1/include/ruby-4.0.0/ruby/internal/core/rdata.h:368:31:S note: Eexpanded from macro 'rb_data_object_get_1'L
ECT(rb_data_object_36 |   #368 | #dgeet_2, fRUBYine rb__d define RBIaMtPaL__oAbTjTeRc_tD_get_1UNTYPED  rb_d_atDaA_EoPRECATED(msgTA_WAbRjec) __att317 | RBIMPL_ATTRSET_NING)
      |                               ^U
NTYPED_DATA_FU/opt/homebrew/Cellar/ruby/4.0.6_1/include/ruby-4.0.0/ruby/internal/core/rdata.hN:C50:35: rnote: iexpanded from macro 'RUBY_MACRO_SELECT'b
utte__g   50 | #d(e)f
_(e      t| _wa(__dine RUrBYn_iMnA^
g
      |                               ^
CRO/opt/homebrew/Cellar/ruby/4.0.6_1/include/ruby-4.0.0/ruby/internal/core/rdata.h_:S317E:L1ECT(x, y):    note: R'rb_data_object_get_warning' has been explicitly marked deprecated hereBIMPL_MACRO_SELEC
T(x, y)
        317|  |                                   ^R
BIMPL/opt/homebrew/Cellar/ruby/4.0.6_1/include/ruby-4.0.0/ruby/internal/core/rdata.h_:A49T:T35R:S Enote: Texpanded from macro 'RBIMPL_MACRO_SELECT'_
UNTYPED   _49DATA_FUNC()
       | #d| ^
/opt/homebrew/Cellar/ruby/4.0.6_1/include/ruby-4.0.0/ruby/internal/core/rdata.h:47:5e: fnote: iexpanded from macro 'RBIMPL_ATTRSET_UNTYPED_DATA_FUNC'n
e RBIMP   L_MACRO_SELE47 |     CT(x, y) RBIMPL_ATTR_DEPx ##R ECATED(("by yTyp
      |                                   ^eeprdeDcaatta"))
ed__ msg)
<scratch space>:87:1: note: expanded from here      
|     ^
   87 | rb_dat/opt/homebrew/Cellar/ruby/4.0.6_1/include/ruby-4.0.0/ruby/internal/attr/deprecated.h:36/opt/homebrew/Cellar/ruby/4.0.6_1/include/ruby-4.0.0/ruby/internal/core/rdata.h):a_
obj      47|                                                     ^:
53: note: eexpanded from macro 'RBIMPL_ATTR_DEPRECATED':c
t_get_1
   536: |  #note:  expanded from macro 'RBIMPL_ATTRSET_UNTYPED_DATA_FUNC'defi      n| 
   47 |     RBIMPeL_ RBI^
/opt/homebrew/Cellar/ruby/4.0.6_1/include/ruby-4.0.0/ruby/internal/core/rdata.h:M368P:L31_: note: expanded from macro 'rb_data_object_get_1'
  368 | #deATTR_DEPRECATED(msATTR_DEPRECATg) __aED(("ttribuby Tte__((__dypedeprecatedData__ msg"))
      ))
|     ^
      |                                                     ^
/opt/homebrew/Cellar/ruby/4.0.6_1/include/ruby-4.0.0/ruby/internal/attr/deprecated.h:36:53: note: expanded from macro 'RBIMPL_ATTR_DEPRECATED'
   36 | # define RBIMPL_ATTR_DEPRECATED(msg) __atVariadic.c:202:17: warning: 'rb_data_object_get_warning' is deprecated: by TypedData [-Wdeprecated-declarations]
  202 |  fine               t rirb_data_bute__((__deprecateobject_gData_Get_Struct(rbType, Type, paet_1 d__  rb_data_objemsg))ct_get_warning
      |                                                     ^

      |                               ^
Struct.c:479:5: warning: 'rb_data_object_get_warning' is deprecated: by TypedData [-Wdeprecated-declarations]
  479 |     Data_Get_Struct(selramTfypes[i], Struct, /opt/homebrew/Cellar/ruby/4.0.6_1/include/ruby-4.0.0/ruby/internal/core/rdata.h:317):;1
:       | note: 'rb_data_object_get_warning' has been explicitly marked deprecated heres
);
                      ^
  317 | RBIM| P    ^L
/opt/homebrew/Cellar/ruby/4.0.6_1/include/ruby-4.0.0/ruby/internal/core/rdata.h:278:34: note: expanded from macro 'Data_Get_Struct'
  278 |     ((sval) = RBIMPL_CAST((type*)rb_data_object_get(o_ATT/opt/homebrew/Cellar/ruby/4.0.6_1/include/ruby-4.0.0/ruby/internal/core/rdata.hbj)))
      |                                  ^
/opt/homebrew/Cellar/ruby/4.0.6_1/include/ruby-4.0.0/ruby/internal/core/rdata.h:370:31: note: expanded from macro 'rb_data_object_get'
  370 | #definRSET_UNTYPED_DATAe_FUNC()
      | ^
/opt/homebrew/Cellar/ruby/4.0.6_1/include/ruby-4.0.0/ruby/internal/core/rdata.h:47:5: note: expanded from macro 'RBIMPL_ATTRSET_UNTYPED_DATA_FUNC'
   47 |     RBIMPL_ATTR_DEPRECATED(( rb"by TypedData"))
      |     ^
/opt/homebrew/Cellar/ruby/4.0.6_1/include/ruby-4.0.0/ruby/internal/attr/deprecated.h::36278:34:_53data_: note: expanded from macro 'RBIMPL_ATTR_DEPRECATED'object_
   36 | # define RBIMPL_ATTget  R  RUBY_DEPRECATED(_MACmRO_SELsg) ECT(rb_data_o__attribute__bject(_get_2, RUBY_UNTYPED(__dep_recateD:d__A msg))
      |                                                     ^
TA_WARNING)
      |                               ^
/opt/homebrew/Cellar/ruby/4.0.6_1/include/ruby-4.0.0/ruby/internal/core/rdata.h:50:35: note: expanded from macro 'RUBY_MACRO_SELECT'
   50 | #define RUBY_MACRO_SELECT(x, y)   RBIMPL_MACRO_SELECT(x, y)
      |                                   ^
/opt/homebrew/Cellar/ruby/4.0.6_1/include/ruby-4.0.0/ruby/internal/core/rdata.h:49:35: note: expanded from macro 'RBIMPL_MACRO_SELECT'
   49 | #define RBIMPL_MACRO_SELECT(x, y) x ## y
      |                                   ^
<scratch space>:113:1: note: expanded from here
  113 | rb_data_object_get_1
      | ^
/opt/homebrew/Cellar/ruby/4.0.6_1/include/ruby-4.0.0/ruby/internal/core/rdata.h:368:31: note: expanded from macro 'rb_data_object_get_1'
  368 | #define rb_data_object_get_1  rb_data_object_get_warning
      |                               ^
/opt/homebrew/Cellar/ruby/4.0.6_1/include/ruby-4.0.0/ruby/internal/core/rdata.h:317:1: note: 'rb_data_object_get_warning' has been explicitly marked deprecated here
  317 | RBIMPL_ATTRSET_UNTYPED_DATA_FUNC()
      | ^
/opt/homebrew/Cellar/ruby/4.0.6_1/include/ruby-4.0.0/ruby/internal/core/rdata.h:47:5: note: expanded from macro 'RBIMPL_ATTRSET_UNTYPED_DATA_FUNC'
   47 |     RBIMPL_ATTR_DEPRECATED(("by TypedData"))
      |     ^
/opt/homebrew/Cellar/ruby/4.0.6_1/include/ruby-4.0.0/ruby/internal/attr/deprecated.h:36:53: note: expanded from macro 'RBIMPL_ATTR_DEPRECATED'
   36 | # define RBIMPL_ATTR_DEPRECATED(msg) __attribute__((__deprecated__ msg))
      |                                                     ^
 note: expanded from macro 'Data_Get_Struct'
  278 |     ((sval) = RStructLayout.c:B316:5:I Mwarning: 'rb_data_object_get_warning' is deprecated: by TypedData [-Wdeprecated-declarations]
  316 |     Data_Get_Struct(self, StructPFiL_CAST((type*)rb_data_object_geld, f);
      |     ^
/opt/homebrew/Cellar/ruby/4.0.6_1/include/ruby-4.0.0/ruby/internal/core/rdata.h:278:34: note: expanded from macro 'Data_Get_Struct'
  278 |   et  ((sval) = RBIMPL_CAS(oT((type*)rb_data_object_get(bj))obj)))
)
      |                                  ^
/opt/homebrew/Cellar/ruby/4.0.6_1/include/ruby-4.0.0/ruby/internal/core/rdata.h      |                                  ^
/opt/homebrew/Cellar/ruby/4.0.6_1/include/ruby-4.0.0/ruby/internal/core/rdata.h::370:31370: note: expanded from macro 'rb_data_object_get'
  370 | #define rbType.c::31201:: 17note: :expanded from macro 'rb_data_object_get' warning: 'rb_data_object_get_warning' is deprecated: by TypedData [-Wdeprecated-declarations]
_data_o  201 |   b              Data_Get_Struct(nj
ect_get    RUBY_MACRO_SELECT(rb_data_  370 | #dTefine rb_daytpae_,o bTobjyepctj_geec, typee);t
_      g| e                ^tStruct.ct:_524:
5: warning: 'rb_data_object_get_warning' is deprecated: by TypedData [-Wdeprecated-declarations]
 /opt/homebrew/Cellar/ruby/4.0.6_1/include/ruby-4.0.0/ruby/internal/core/rdata.h:278:34: note: expanded from macro 'Data_Get_Struct'
  524 |      RUBY2_, RUBY_  U278N | T Y P E D_DATMAC R OD_aASEL_WARNING)
      |                               ^
/opt/homebrew/Cellar/ruby/4.0.6_1/include/ruby-4.0.0/ruby/internal/core/rdata.h:50:EC35: note: expanded from macro 'RUBY_MACRO_SELECT'
   50 | (#defitTa((sval) = _GeRBt_StruIMctPL(_CASTsel((f,ty IpenlineArray, array);
      | n*)er     ^
rb_da/opt/homebrew/Cellar/ruby/4.0.6_1/include/ruby-4.0.0/ruby/internal/core/rdata.ht:ab_d_ob278:34: RUata_jecnote: expanded from macro 'Data_Get_Struct'
BY  _278 |   object_get(obj  ((sval) = RBIMMAPCROt))_Lget_2)
_      | _                                 ^C
ASSETL(E(,t RyUpBeY*_)U/opt/homebrew/Cellar/ruby/4.0.6_1/include/ruby-4.0.0/ruby/internal/core/rdata.hNT:YP370E:D_DArTAb__WdA31CT(x, yata_obj: note: expanded from macro 'rb_data_object_get'
ec  370 | #RNtI_NgGe)
      |                               ^
define rb/opt/homebrew/Cellar/ruby/4.0.6_1/include/ruby-4.0.0/ruby/internal/core/rdata.h:50:t(_dataobj)35):) note: expanded from macro 'RUBY_MACRO_SELECT'
_object_get       R50U | B
Y#      |                                  ^_MACRO_SELECT(rb_data_o
bject_get_2, R/opt/homebrew/Cellar/ruby/4.0.6_1/include/ruby-4.0.0/ruby/internal/core/rdata.h:defUinBeY370_U:N31T:YPED_D RUB Ynote: expanded from macro 'rb_data_object_get'
_AT  370 | #dAe_fWiAMRNIANCGR)n
e       | r                              ^b
_data_/opt/homebrew/Cellar/ruby/4.0.6_1/include/ruby-4.0.0/ruby/internal/core/rdata.h:50:35O_SELoECT(: note: expanded from macro 'RUBY_MACRO_SELECT'b
ject_get    xRUBY   _50M | A,#d y) CRO_SELE CT(rb_ RBIeMPL_datfine RUBY_a_oMACRbjecO_SELEt_get_2,CT(x RUB, y)Y_UN   RTYPEBIMPD_DAL_MATA_WCRO_SELECARNING)
MATCR(Ox_,S EyL)
      |                                   ^
/opt/homebrew/Cellar/ruby/4.0.6_1/include/ruby-4.0.0/ruby/internal/core/rdata.h:49:35: note: expanded from macro 'RBIMPL_MACRO_SELECT'
   49 |       #|                               ^
ECT(x/opt/homebrew/Cellar/ruby/4.0.6_1/include/ruby-4.0.0/ruby/internal/core/rdata.h:50d:efin,e RB35:  IMnote: PL_MyA)C
Rexpanded from macro 'RUBY_MACRO_SELECT'O
_SELECT(x   ,50  | y#      de|                                   ^
) x ## y
      fine RUBY_MA|                                   ^
CR/opt/homebrew/Cellar/ruby/4.0.6_1/include/ruby-4.0.0/ruby/internal/core/rdata.hO:_49S:E35L:E note: expanded from macro 'RBIMPL_MACRO_SELECT'
CT(x, y)<scratch space>   R   B49I | M:PL88_:M1A:C Rnote: Oexpanded from here_
SELECT(x, y)
#define    RBIMPL_M      |                                   ^88 | rb_
/opt/homebrew/Cellar/ruby/4.0.6_1/include/ruby-4.0.0/ruby/internal/core/rdata.h:49:35: note: Aexpanded from macro 'RBIMPL_MACRO_SELECT'
CRO_SEL   E49C | T#(dxdata_objec,t _ygetefi)ne  RBI_M1P
L      _| M^A
CRO_Sx ## y
/opt/homebrew/Cellar/ruby/4.0.6_1/include/ruby-4.0.0/ruby/internal/core/rdata.h:368:31: ELECnote: T(expanded from macro 'rb_data_object_get_1'x
, y) x ##   368y | #d      |                                   ^

      |                                   ^
<scratch space>:105:1:<scratch space> note: expanded from here
ef  i105n | er br_bd_adata_objec:114:1:t_get_1  rb_data_object_g etnote: _expanded from herew
arning
      |                               ^
  114 | rb_data_object_g/opt/homebrew/Cellar/ruby/4.0.6_1/include/ruby-4.0.0/ruby/internal/core/rdata.he:t317_:11
: note: 'rb_data_object_get_warning' has been explicitly marked deprecated here
        | 317^ | 
RtBIMPL_ATTRSET_a_ob/opt/homebrew/Cellar/ruby/4.0.6_1/include/ruby-4.0.0/ruby/internal/core/rdata.hje:c368:31:U note: Nexpanded from macro 'rb_data_object_get_1'T
YPED_DATA  368 | #defin_FUNCt_g()
      | ^
e rb/opt/homebrew/Cellar/ruby/4.0.6_1/include/ruby-4.0.0/ruby/internal/core/rdata.h_:et_1
      data_) 47:o5b:j enote: c | ^
 RBIMexpanded from macro 'RBIMPL_ATTRSET_UNTYPED_DATA_FUNC'P
/opt/homebrew/Cellar/ruby/4.0.6_1/include/ruby-4.0.0/ruby/internal/core/rdata.h:   36847:L31t: note: _expanded from macro 'rb_data_object_get_1'g
et_1  368 |  | #     rb dRBIM_MeAfCiRnO__SdEaLtEPL_Aa_CeT TTR_DEPRECoATE(x, y)
      |                                   ^
bject_get_waD(r/opt/homebrew/Cellar/ruby/4.0.6_1/include/ruby-4.0.0/ruby/internal/core/rdata.hn:i49n:g35
:(r"bb_       | note:                               ^expanded from macro 'RBIMPL_MACRO_SELECT'

y TypedDa   t49a | #defdinaet aR_BoIbMjPect_get_"1/opt/homebrew/Cellar/ruby/4.0.6_1/include/ruby-4.0.0/ruby/internal/core/rdata.h  rb_L_:M317:ACRO_dSE1: note: 'rb_data_object_get_warning' has been explicitly marked deprecated here
a  ))LECT(317
 |       R| B    ^ta_xo,b jye)I x ## y
Mct_get_war/opt/homebrew/Cellar/ruby/4.0.6_1/include/ruby-4.0.0/ruby/internal/attr/deprecated.h:36
:53P: note:       expanded from macro 'RBIMPL_ATTR_DEPRECATED'| L_AnTTR
SET_U   N36TY                                  ^
 | # <scratch space>inPgE
D      _| D                              ^
defineATA_FUNC() 
/opt/homebrew/Cellar/ruby/4.0.6_1/include/ruby-4.0.0/ruby/internal/core/rdata.hRBIMPL_      | ^
:317:/opt/homebrew/Cellar/ruby/4.0.6_1/include/ruby-4.0.0/ruby/internal/core/rdata.hA:47T:1111::1 :note: :'rb_data_object_get_warning' has been explicitly marked deprecated here 
TR_DE  PREC5: note: note: expanded from here
ATEexpanded from macro 'RBIMPL_ATTRSET_UNTYPED_DATA_FUNC'
     11147D |  ( m s gR)B I_M_PaLt_tribut | erb_dAata__o_b(jTeTcRt__Dg317 | RBIEPR(ECATEMD(P(L_A__depreetc_a1t"e
d__TTRSE msgb)y) Typ      e| d^D
a
      |                                                     ^
ta"))
      |     ^
/opt/homebrew/Cellar/ruby/4.0.6_1/include/ruby-4.0.0/ruby/internal/attr/deprecated.h:36:53: note: expanded from macro 'RBIMPL_ATTR_DEPRECATED'
   36 | #/opt/homebrew/Cellar/ruby/4.0.6_1/include/ruby-4.0.0/ruby/internal/core/rdata.h:368: define RBIMPL_ATT31: note: expanded from macro 'rb_data_object_get_1'
  368R_DEPRECATED(msg) __a | #detftribute__((__dine rb_data_oepreTcated__ msg))
_U      |                                                     ^
bjeNcTtY_PgEeDt_1  rb_dat_DATA_FUNC()a_objec
      | ^
t_get_warning
      |                               ^
/opt/homebrew/Cellar/ruby/4.0.6_1/include/ruby-4.0.0/ruby/internal/core/rdata.hStruct.c:528:5: warning: 'rb_data_object_get_warning' is deprecated: by TypedData [-Wdeprecated-declarations]
  528 |     Data_Get_Struct(rbMemory, AbstractMemory, array->memory);
      |     ^
/opt/homebrew/Cellar/ruby/4.0.6_1/include/ruby-4.0.0/ruby/internal/core/rdata.h:278:34: note: expanded from macro 'Data_Get_Struct'
  278 |     ((sval) = RBIMPL_CAST((type*)rb_data_object_get(obj)))
      |                                  ^
/opt/homebrew/Cellar/ruby/4.0.6_1/include/ruby-4.0.0/ruby/internal/core/rdata.h:370:31: note: expanded from macro 'rb_data_object_get'
  370 | #define rb_data_object_get    RUBY_MACRO_SELECT(rb_data_object_get_2, RUBY_UNTYPED_DATA_WARNING)
      |                               ^
/opt/homebrew/Cellar/ruby/4.0.6_1/include/ruby-4.0.0/ruby/internal/core/rdata.h:50:35: note: expanded from macro 'RUBY_MACRO_SELECT'
   50 | #define RUBY_MACRO_SELECT(x, y)   RBIMPL_MACRO_SELECT(x, y)
      |                                   ^
/opt/homebrew/Cellar/ruby/4.0.6_1/include/ruby-4.0.0/ruby/internal/core/rdata.h:49:35: note: expanded from macro 'RBIMPL_MACRO_SELECT'
   49 | #define RBIMPL_MACRO_SELECT(x, y) x ## y
      |                                   ^
<scratch space>:115:1: note: expanded from here
  115 | rb_data_object_get_1
      | ^
/opt/homebrew/Cellar/ruby/4.0.6_1/include/ruby-4.0.0/ruby/internal/core/rdata.h:368:31: note: expanded from macro 'rb_data_object_get_1'
  368 | #define rb_data_object_get_1  rb_data_object_get_warning
      |                               ^
/opt/homebrew/Cellar/ruby/4.0.6_1/include/ruby-4.0.0/ruby/internal/core/rdata.h:317:1: note: 'rb_data_object_get_warning' has been explicitly marked deprecated here
  317 | RBIMPL_ATTRSET_UNTYPED_DATA_FUNC()
      | ^
/opt/homebrew/Cellar/ruby/4.0.6_1/include/ruby-4.0.0/ruby/internal/core/rdata.h:47:5: note: expanded from macro 'RBIMPL_ATTRSET_UNTYPED_DATA_FUNC'
   47 |     RBIMPL_ATTR_DEPRECATED(("by TypedData"))
      |     ^
/opt/homebrew/Cellar/ruby/4.0.6_1/include/ruby-4.0.0/ruby/internal/attr/deprecated.h:36:53: note: expanded from macro 'RBIMPL_ATTR_DEPRECATED'
   36 | # define RBIMPL_ATTR_DEP:47:5: note: expanded from macro 'RBIMPL_ATTRSET_UNTYPED_DATA_FUNC'
   47 |     RRECATED(msg) __attr/opt/homebrew/Cellar/ruby/4.0.6_1/include/ruby-4.0.0/ruby/internal/core/rdata.h:317:1: note: ibutBIMPe'rb_data_object_get_warning' has been explicitly marked deprecated here
  317 | RBIMPL___L(_(A_T_TdRe_pDrecated__ msg))
      |                                                     ^
ATTRSET_UNTYPED_DATAEPR_EFUNC()
      | ^
CATED(("by Ty/opt/homebrew/Cellar/ruby/4.0.6_1/include/ruby-4.0.0/ruby/internal/core/rdata.hpedData"))
      |     ^
Struct.c/opt/homebrew/Cellar/ruby/4.0.6_1/include/ruby-4.0.0/ruby/internal/attr/deprecated.h:36:53::47:5: note: expanded from macro 'RBIMPL_ATTRSET_UNTYPED_DATA_FUNC'
   47 |     RB529:5: warning: 'rb_data_object_get_warning' is deprecated: by TypedData [-Wdeprecated-declarations]
  529 |     Data_Get_Struct(rbField, StructField, array->field);
      |     ^
/opt/homebrew/Cellar/ruby/4.0.6_1/include/ruby-4.0.0/ruby/internal/core/rdata.h:278:34: note: expanded from macro 'Data_Get_Struct'
  278 |     ((:sval) = RBIMPL_CAST((tIMype*)rb_data_object _get(PL_Aonote: expanded from macro 'RBIMPL_ATTR_DEPRECATED'
   36 | #bTj))) d
      |                                  ^
/opt/homebrew/Cellar/ruby/4.0.6_1/include/ruby-4.0.0/ruby/internal/core/rdata.h:370:31: note: expanded from macro 'rb_data_object_get'
  370 | #define rb_datTR_DEPRECATED(("by TypedData"))
      |     ^
a_object_get    RUBY_MACRO_SELECT/opt/homebrew/Cellar/ruby/4.0.6_1/include/ruby-4.0.0/ruby/internal/attr/deprecated.h(rb_data_object_get_2, RUBYefin_UNTYe RBIMPL_A:T36T:R53_:D Enote: PREPCAETexpanded from macro 'RBIMPL_ATTR_DEPRECATED'
   36 | # deD_DATA_WARNING)
      |                               ^ED(msg) __attribute__((__deprecated__ msg))
      |                                                     ^

/opt/homebrew/Cellar/ruby/4.0.6_1/include/ruby-4.0.0/ruby/internal/core/rdata.h:50:35: note: expanded from macro 'RUBY_MACRO_SELECT'
f   50 | #define RUBY_MACRO_ine RBIMPSELEL_ATTR_DEPRECATED(msg) __attribute__((__deprecated__ msg))
      | CT(x, y)   RBIMPL_MACRO_SELECT(x, y)
      |                                   ^
Variadic.c:208:17: warning: 'rb_data_object_get_warning' is deprecated: by TypedData [-Wdeprecated-declarations]
  208 |                                                             ^
/opt/homebrew/Cellar/ruby/4.0.6_1/include/ruby-4.0.0/ruby/internal/core/rdata.h:49:35:        Data_Get_Struct(rbType, Type, paramTypes[i]);
      |                 ^
StructLayout.c:317:5: warning: 'rb_data_object_get_warning' is deprecated: by TypedData [-Wdeprecated-declarations] note: /opt/homebrew/Cellar/ruby/4.0.6_1/include/ruby-4.0.0/ruby/internal/core/rdata.h:278:34: note: expanded from macro 'Data_Get_Struct'

expanded from macro 'RBIMPL_MACRO_SELECT'
   49 | #define RBIMPL    317 |  278 |     ((sval) = RBIMPL_CAST((type*)rb_data_object_get(obj)))
      |                                  ^
_MACRO/opt/homebrew/Cellar/ruby/4.0.6_1/include/ruby-4.0.0/ruby/internal/core/rdata.h_:S370:31:  note: Eexpanded from macro 'rb_data_object_get'L
ECT(x, y)  Data  _370G | e #defitx_ S#t#r ne rby
      u|                                   ^
c<scratch space>:116:1: note: expanded from here
t  116 | rb_data_object_get_1
      | ^
/opt/homebrew/Cellar/ruby/4.0.6_1/include/ruby-4.0.0/ruby/internal/core/rdata.h:368:31: note: expanded from macro 'rb_data_object_get_1'
  368 | #defi(f->rne rb_data_object_get_1  rb_data_object_get_warning
      |                               ^
bType, ArrayType, array);
      |     ^
/opt/homebrew/Cellar/ruby/4.0.6_1/include/ruby-4.0.0/ruby/internal/core/rdata.h:278:34: note: expanded from macro 'Data_Get_Struct'
  278 |   /opt/homebrew/Cellar/ruby/4.0.6_1/include/ruby-4.0.0/ruby/internal/core/rdata.h:317:1: note: 'rb_data_object_get_warning' has been explicitly marked deprecated here_da t
  317 | RBIMPL_ATTRSET_UNTYa_P ((svaloEbject_get    RUBY)D_D A=T AR_BFIMPL_CAST(UNC()
      | ^
/opt/homebrew/Cellar/ruby/4.0.6_1/include/ruby-4.0.0/ruby/internal/core/rdata.h:47:5: note: expanded from macro 'RBIMPL_ATTRSET_UNTYPED_DATA_FUNC'
   47 |     R_MACRO_BIMP(type*)rSb_dLaEt_aA_ToTbR_DEPRLEjeEcCATCT(rb_datt_getED(("by Ta_oypedD(ata"))
      |     ^
/opt/homebrew/Cellar/ruby/4.0.6_1/include/ruby-4.0.0/ruby/internal/attr/deprecated.h:36:53: note: expanded from macro 'RBIMPL_ATTR_DEPRECATED'
   36 | # define oRbBjIbMPLj_ect_g)et_2A,TTR_DE RUBY_PREC)AT)E
D      (|                                  ^
UNTmYsg) __PE/opt/homebrew/Cellar/ruby/4.0.6_1/include/ruby-4.0.0/ruby/internal/core/rdata.h:370:D31:_ Dnote: Aexpanded from macro 'rb_data_object_get'TA_WARNING)

attribute__((__de      | precated__ msg))
      |                                                     ^
                              ^
/opt/homebrew/Cellar/ruby/4.0.6_1/include/ruby-4.0.0/ruby/internal/core/rdata.h:50:35: note: expanded from macro 'RUBY_MACRO_SELECT'
   50 | #  d370 | #define rb_data_object_geet    RUBYfine RUBY__MACRO_SELECT(x,MACRO_SELE y)   RBIMPL_MACRO_SELECCT(rb_data_object_get_2, RUBY_UNTYPED_DATA_WARNT(x, y)
      |                                   ^
ING)
      |                               ^
/opt/homebrew/Cellar/ruby/4.0.6_1/include/ruby-4.0.0/ruby/internal/core/rdata.h:50:35: note: expanded from macro 'RUBY_MACRO_SELECT'
/opt/homebrew/Cellar/ruby/4.0.6_1/include/ruby-4.0.0/ruby/internal/core/rdata.h:49:35: note: expanded from macro 'RBIMPL_MACRO_SELECT'   50 | #defStruct.cine RUBY_MACRO_SELECT(:
530:5: xwarning: 'rb_data_object_get_warning' is deprecated: by TypedData [-Wdeprecated-declarations]
, y)   R   BIM49   | P530# | d e fL_MACRO_SELECT(x, y)
      |                                   ^
/opt/homebrew/Cellar/ruby/4.0.6_1/include/ruby-4.0.0/ruby/internal/core/rdata.h:  Data_49:35: Get_Strnote: expanded from macro 'RBIMPL_MACRO_SELECT'
uct(array->field->rbType, Array   49 | #Tdype, array->arrayType)efine RBIM;
      |     ^
i/opt/homebrew/Cellar/ruby/4.0.6_1/include/ruby-4.0.0/ruby/internal/core/rdata.h:278:34: note: expanded from macro 'Data_Get_Struct'
n  278 |     ((sval) = RBIMPL_CASe RBTI((type*)rb_data_oMPL_bMject_geACROt(obPj)_SELECT))
      L_MACRO_SELECT(x, y) |                                  ^(x, y
/opt/homebrew/Cellar/ruby/4.0.6_1/include/ruby-4.0.0/ruby/internal/core/rdata.h:370:31:) x  #note: expanded from macro 'rb_data_object_get'
  370 | #defi#ne r y
      b| _data_object_get    RUBY_MACRO_SELECT(rb_data_object_get_2, RUBY_UNTY                                  ^
PED_DATA_WARNING)
      |                               ^
/opt/homebrew/Cellar/ruby/4.0.6_1/include/ruby-4.0.0/ruby/internal/core/rdata.h:50:35: note: expanded from macro 'RUBY_MACRO_SELECT'
   50 | #define RUBY_MACRO_SELECT(x, y)<scratch space>   RBIMPL_MACRO_S:106:1:ELECT(x, y)
      |                                   ^
/opt/homebrew/Cellar/ruby/4.0.6_1/include/ruby-4.0.0/ruby/internal/core/rdata.h note: expanded from here
:49:35  106 | rb_data_objec: note: expanded from macro 'RBIMPL_MACRO_SELECT'
   49 | #define RBIMPL_MACRO_tSELECT(x,_ y) x get_#1# y
      |                                   ^
      
<scratch space>:117:1: note: expanded from here
  117 | rb_dat| ^
a_object_get_1
      | ^
/opt/homebrew/Cellar/ruby/4.0.6_1/include/ruby-4.0.0/ruby/internal/core/rdata.h:368:31: note: expanded from macro 'rb_data_object_get_1'
  368 | #define rb_data_/opt/homebrew/Cellar/ruby/4.0.6_1/include/ruby-4.0.0/ruby/internal/core/rdata.hobject_get_1  rb_d:368:31a:ta_object_get_ note: expanded from macro 'rb_data_object_get_1'
warning
      |                               ^
/opt/homebrew/Cellar/ruby/4.0.6_1/include/ruby-4.0.0/ruby/internal/core/rdata.h:317:1: note: 'rb_data_object_get_warning' has been explicitly marked deprecated here
  317 | RBIMPL_ATTR  SET_UNTYPED_DATA_FUNC()
      | ^
/opt/homebrew/Cellar/ruby/4.0.6_1/include/ruby-4.0.0/ruby/internal/core/rdata.h:368 | #d47:5: note: expanded from macro 'RBIMPL_ATTRSET_UNTYPED_DATA_FUNC'
   47 |     RBIMPL_ATTR_DEPRefinECATED(("by TypedDae rb_data_ota"))
      x|     ^
/opt/homebrew/Cellar/ruby/4.0.6_1/include/ruby-4.0.0/ruby/internal/attr/deprecated.h:36:53: note: expanded from macro 'RBIMPL_ATTR_DEPRECATED'
   36 | # define RBIMPL_AT ## TyR_DEPRECATED(m
      |                                   ^sg) __attribute__((__de
precated__ msg))
      |                                                     ^
<scratch space>:112:1: note: expanded from hereStruct.c
:531:5: warning: 'rb_data_object_get_warning' is deprecated: by TypedData [-Wdeprecated-declarations]
  531 |     Data_Get_Struct(arrab  112 | rby->arrayTjecty_pe->rbComponeget_n1tType, Type, a  rb_datrray_->coa_object_gemponent_warning
tType);
data      |     ^
/opt/homebrew/Cellar/ruby/4.0.6_1/include/ruby-4.0.0/ruby/internal/core/rdata.h:278:      |                               ^
34: note: expanded from macro 'Data_Get_Struct'
  278 |     ((sval) = RBIMPL_CAST((type*)rb_da_/opt/homebrew/Cellar/ruby/4.0.6_1/include/ruby-4.0.0/ruby/internal/core/rdata.ho:b317j:e1tact_get_1
      | ^
/opt/homebrew/Cellar/ruby/4.0.6_1/include/ruby-4.0.0/ruby/internal/core/rdata.h:368:31: note: expanded from macro 'rb_data_object_get_1'
  368 | #define rb_data_object_get_1  rb_data_object_get_warning
      |                               ^
_object_/opt/homebrew/Cellar/ruby/4.0.6_1/include/ruby-4.0.0/ruby/internal/core/rdata.hg:e317t:(1o:b jnote: )'rb_data_object_get_warning' has been explicitly marked deprecated here)
)
      |                                  ^  
317 | RBIMPL_ATTRSE/opt/homebrew/Cellar/ruby/4.0.6_1/include/ruby-4.0.0/ruby/internal/core/rdata.hT:_370U:N31T:Y Pnote: Eexpanded from macro 'rb_data_object_get'D
_DATA_FUNC(  )370
 |       #| d^e
fine/opt/homebrew/Cellar/ruby/4.0.6_1/include/ruby-4.0.0/ruby/internal/core/rdata.h:47:5 rb_d:at anote: _expanded from macro 'RBIMPL_ATTRSET_UNTYPED_DATA_FUNC'o
   47 |     RBIMPL_Abject_get    RUBY_MACR:O_SELECT(rb_d note: 'rb_data_object_get_warning' has been explicitly marked deprecated here
  317 | Rata_oTTR_DEPRECAbjectBI_geTED((t_2, MPL_ARU"byBY_UNTTRSETYP TypedData"))
      | E    ^
/opt/homebrew/Cellar/ruby/4.0.6_1/include/ruby-4.0.0/ruby/internal/attr/deprecated.h:36D_DATA_WAT_UNTYPED_DATA_FUNC()
      | ^
RNING)
      |                               ^
/opt/homebrew/Cellar/ruby/4.0.6_1/include/ruby-4.0.0/ruby/internal/core/rdata.h:50:35: note: /opt/homebrew/Cellar/ruby/4.0.6_1/include/ruby-4.0.0/ruby/internal/core/rdata.hexpanded from macro 'RUBY_MACRO_SELECT'
   50 | #define RU:53: note: expanded from macro 'RBIMPL_ATTR_DEPRECATED'
BY_MACRO_SELECT(x, y)      36 | # defiRne RBIMPL_ATTR_DEPBIMPL_MAC:47:5: note: expanded from macro 'RBIMPL_ATTRSET_UNTYPED_DATA_FUNC'
RO_SELECT(x, y)
      |                                   ^
/opt/homebrew/Cellar/ruby/4.0.6_1/include/ruby-4.0.0/ruby/internal/core/rdata.h:49:35: note: expanded from macro 'RBIMPL_MACRO_SELECT'
   49   47 |     RBIMPL_ATTR_DEPRECATED(("by TypedData"))
      |     ^
/opt/homebrew/Cellar/ruby/4.0.6_1/include/ruby-4.0.0/ruby/internal/attr/deprecated.h:36:53: note: expanded from macro 'RBIMPL_ATTR_DEPRECATED'
   36 | # define RBIMPL_ATTR_DEPRECATED(msg) __attribute__((__deprecated__ msg))
      |                                                     ^
 | #defineVariadic.c:213: RBIMPL_MACRO_SELECRECATED(msgT(x, 17: warning: 'rb_data_object_get_warning' is deprecated: by TypedData [-Wdeprecated-declarations]y) x ## y
      |                                   ^
)<scratch space>: __a118:1: note: expanded from here
  118 | 
  213 |    rb_data_objetct_get_1
      | ^
/opt/homebrew/Cellar/ruby/4.0.6_1/include/ruby-4.0.0/ruby/internal/core/rdata.h:368tribute__:31: note: expanded from macro 'rb_data_object_get_1'
             Data_Get_Struct(rbTy  368 | #defin((__deprecated__ msg))
      |                                                     ^e rb
_data_object_get_1  rb_data_object_get_wape, Type, parrninamTygp
      |                               ^
StructLayout.c:340:5: warning: 'rb_data_object_get_warning' is deprecated: by TypedData [-Wdeprecated-declarations]
  /opt/homebrew/Cellar/ruby/4.0.6_1/include/ruby-4.0.0/ruby/internal/core/rdata.h:317:1: note: 'rb_data_object_get_warning' has been explicitly marked deprecated here
340  317 | RBes[iIM |     DaP]);
      |                 ^
L/opt/homebrew/Cellar/ruby/4.0.6_1/include/ruby-4.0.0/ruby/internal/core/rdata.h:278:_34: note: expanded from macro 'Data_Get_Struct'
t  278 | ATTRSET_UNTYa_Get_Struct(self, PED_D    ((sval)ATA_SFUNC()truct
      | ^
/opt/homebrew/Cellar/ruby/4.0.6_1/include/ruby-4.0.0/ruby/internal/core/rdata.hField, f) :47;
      |     ^
:5: /opt/homebrew/Cellar/ruby/4.0.6_1/include/ruby-4.0.0/ruby/internal/core/rdata.h:278:34: =note: expanded from macro 'RBIMPL_ATTRSET_UNTYPED_DATA_FUNC' RBnote: 
expanded from macro 'Data_Get_Struct'
  278 |        47 |     RBIIMPL_ATTR_DEPRECMPA((sval) = RBIMPTED(("by TypedData"))
      |     ^
L_CAST((type*)rb_data_object_g/opt/homebrew/Cellar/ruby/4.0.6_1/include/ruby-4.0.0/ruby/internal/attr/deprecated.h:36:53: note: expanded from macro 'RBIMPL_ATTR_DEPRECATED'L
   36_CAST((type*)rb | et(ob# _define RBIMPjL_ATTR_D)))
      |                                  ^
/opt/homebrew/Cellar/ruby/4.0.6_1/include/ruby-4.0.0/ruby/internal/core/rdata.h:370:31: note: expanded from macro 'rb_data_object_get'
E  370PRECATdata_object_get(obj)))
      |                                  ^
 | /opt/homebrew/Cellar/ruby/4.0.6_1/include/ruby-4.0.0/ruby/internal/core/rdata.h:370:31: note: expanded from macro 'rb_data_object_get'
#  370 | #dedefinfe rb_data_object_get    RUBine rY_MACRO_SELECb_daT(rb_data_object_getta_ob_ject_g2, RUBYet  _UNTYPE  RUBY_MACRO_SELECT(rb_data_object_get_2, RUBY_UNTYPED_DATA_WARNING)
      |                               ^
/opt/homebrew/Cellar/ruby/4.0.6_1/include/ruby-4.0.0/ruby/internal/core/rdata.h:50:35D: note: expanded from macro 'RUBY_MACRO_SELECT'
   50 | #define RUBY__DATAM_WARNIACRO_NSELECT(x, y)   RBIMPL_MACRO_SELECT(x, y)
      |                                   ^
/opt/homebrew/Cellar/ruby/4.0.6_1/include/ruby-4.0.0/ruby/internal/core/rdata.h:G)
49:35: note: expanded from macro 'RBIMPL_MACRO_SELECT'
         49 | #define RBIMP|                               ^
L/opt/homebrew/Cellar/ruby/4.0.6_1/include/ruby-4.0.0/ruby/internal/core/rdata.h:50:35: note: expanded from macro 'RUBY_MACRO_SELECT'
   _MACRO_SELECT(x, y) x #50 | #d# y
      |                                   ^
<scratch space>:113:1: note: expanded from hereefine
 RUBY_MACRO  _SELECT(x, y)   RBIMPL_MACR113 | rb_data_O_SELECT(obx,je y)
      |                                   ^
ct_get_1
      | ^
/opt/homebrew/Cellar/ruby/4.0.6_1/include/ruby-4.0.0/ruby/internal/core/rdata.h:368:31: note: expanded from macro 'rb_data_object_get_1'
  368 | #define/opt/homebrew/Cellar/ruby/4.0.6_1/include/ruby-4.0.0/ruby/internal/core/rdata.h:49:35: note: expanded from macro 'RBIMPL_MACRO_SELECT'
   49 | #define RBIMPL_MACRO_SE rb_dLata_object_get_1  rb_data_oECT(x, y)b x ## y
      |                                   ^
<scratch space>:107:1: note: expanded from hereject_
get_warningED(ms
g) __attribute__((  107 | rb_      | _                              ^d
ep/opt/homebrew/Cellar/ruby/4.0.6_1/include/ruby-4.0.0/ruby/internal/core/rdata.h:_data_objecrt_get_1
      | ^ecated__317
:1: note: 'rb_data_object_get_warning' has been explicitly marked deprecated here
/opt/homebrew/Cellar/ruby/4.0.6_1/include/ruby-4.0.0/ruby/internal/core/rdata.h:368  :31731 | :R Bnote: Iexpanded from macro 'rb_data_object_get_1'M
PL_ATTR  S368E | T#_dUeNfTiYnPeE Dr_bD_AdTaAt_aF_UoNbCj(e)c
t      _| g^e
t_1  rb/opt/homebrew/Cellar/ruby/4.0.6_1/include/ruby-4.0.0/ruby/internal/core/rdata.h_:d47a:t5a:_ onote: bexpanded from macro 'RBIMPL_ATTRSET_UNTYPED_DATA_FUNC'j
ect_g   e47t | _ w a r nRiBnIgM
P      L| _                              ^A
TTR_DEPRECATED/opt/homebrew/Cellar/ruby/4.0.6_1/include/ruby-4.0.0/ruby/internal/core/rdata.h(:(317":b1 msg))
      |                                                     ^
y Typed: note: 'rb_data_object_get_warning' has been explicitly marked deprecated here
  317 | RBIMPL_ATTRSET_UNTYPED_DATA_FUNC()
      | ^
/opt/homebrew/Cellar/ruby/4.0.6_1/include/ruby-4.0.0/ruby/internal/core/rdata.h:47:5: note: expanded from macro 'RBIMPL_ATTRSET_UNTYPED_DATA_FUNC'
   47 |     RBIMPL_ATTR_DEPRECATED(Dat("by TypedDataa"))
      |     ^
Struct.c:553:5: warning: 'rb_data_object_get_warning' is deprecated: by TypedData [-Wdeprecated-declarations]
  553 |     Data/opt/homebrew/Cellar/ruby/4.0.6_1/include/ruby-4.0.0/ruby/internal/attr/deprecated.h:"36)_Get_Struct(s:53:e)l
f , Inlnote: expanded from macro 'RBIMPL_ATTR_DEPRECATED'
         36 | # dei|     ^
ne/opt/homebrew/Cellar/ruby/4.0.6_1/include/ruby-4.0.0/ruby/internal/attr/deprecated.hA:r36ray,: array);
      |     ^
/opt/homebrew/Cellar/ruby/4.0.6_1/include/ruby-4.0.0/ruby/internal/core/rdata.h:278:34: note: expanded from macro 'Data_Get_Struct'
  278 |     ((sval) = RBIMPfin53e:  Rnote: expanded from macro 'RBIMPL_ATTR_DEPRECATED'
L_   36C | # define RBBAIMPL_ATTR_DEPRECATED(msg) __attribST((type*)rb_data_utobjectIe__((__depre_cget(obj)))
      |                                  ^
a/opt/homebrew/Cellar/ruby/4.0.6_1/include/ruby-4.0.0/ruby/internal/core/rdata.h:370:31: note: expanded from macro 'rb_data_object_get'
t  370 | #ed__d efine rb_data_msobject_geMPL_tA    RUBY_MACRO_SELECT(rb_data_object_geTTR_DEPRt_2, RUBY_UNg))
      | TYPED_                                                    ^
DATA_WARNING)
      |                               ^
/opt/homebrew/Cellar/ruby/4.0.6_1/include/ruby-4.0.0/ruby/internal/core/rdata.h:50:35: note: expanded from macro 'RUBY_MACRO_SELECT'
   50 | #define RUBY_MACRO_SELECT(x, y)   RBIMPL_MACRO_SELECT(x, y)
      |                                   ^
/opt/homebrew/Cellar/ruby/4.0.6_1/include/ruby-4.0.0/ruby/internal/core/rdata.h:49:35: note: expanded from macro 'RBIMPL_MACRO_SELECT'
   49 | #define RBIMPL_MACRO_SELECT(x, y) x ## y
      |                                   ^
<scratch space>:119:1: note: expanded from here
  119 | rb_data_object_get_1
      | ^
/opt/homebrew/Cellar/ruby/4.0.6_1/include/ruby-4.0.0/ruby/internal/core/rdata.h:368:31: note: expanded from macro 'rb_data_object_get_1'
  368 | #define rb_data_object_get_1  rb_data_object_get_warning
      |                               ^
/opt/homebrew/Cellar/ruby/4.0.6_1/include/ruby-4.0.0/ruby/internal/core/rdata.h:317:1: note: 'rb_data_object_get_warning' has been explicitly marked deprecated here
  317 | RBIMPL_ATTRSET_UNTYPED_DATA_FUNC()
      | ^
/opt/homebrew/Cellar/ruby/4.0.6_1/include/ruby-4.0.0/ruby/internal/core/rdata.h:47:5: note: expanded from macro 'RBIMPL_ATTRSET_UNTYPED_DATA_FUNC'
   47 |     RBIMPL_ATTR_DEPRECATED(("by TypedData"))
      |     ^
/opt/homebrew/Cellar/ruby/4.0.6_1/include/ruby-4.0.0/ruby/internal/attr/deprecated.h:36:53: note: expanded from macro 'RBIMPL_ATTR_DEPRECATED'
   36 | # define RBIMPL_ATTR_DEPRECATED(msg) __attribute__((__deprecated__ msg))
      |                                                     ^
StructLayout.c:341:5ECATED(msg) __a:t twarning: r'rb_data_object_get_warning' is deprecated: by TypedData [-Wdeprecated-declarations]i
bute__((__de  p341r | e    Data_Get_Struct(catf->rbType, Arred__ mayTsype, array);
      |     ^
/opt/homebrew/Cellar/ruby/4.0.6_1/include/ruby-4.0.0/ruby/internal/core/rdata.h:278:34: note: expanded from macro 'Data_Get_Struct'
  278 |    Struct.c:578:5: warning: 'rb_data_object_get_warning' is deprecated: by TypedData [-Wdeprecated-declarations]
  g578 |     Data_Get_Struct(self, In))
      | lineArray, a                                                    ^
rray);
      |     ^
/opt/homebrew/Cellar/ruby/4.0.6_1/include/ruby-4.0.0/ruby/internal/core/rdata.h:278:34: note: expanded from macro 'Data_Get_Struct'
  278 |     ((sval) = RBIMPL_CAST((type*)rb_data_object_get(obj)))
      |                                  ^
/opt/homebrew/Cellar/ruby/4.0.6_1/include/ruby-4.0.0/ruby/internal/core/rdata.h:370:31: note: expanded from macro 'rb_data_object_get'
  370 | #define rb_data_object_get    RUBY_MACRO_SELECT(rb_data_object_get_2, RUBY_UNTYPED_DATA_WARNING)
      |                               ^
/opt/homebrew/Cellar/ruby/4.0.6_1/include/ruby-4.0.0/ruby/internal/core/rdata.h:50:35: note: expanded from macro 'RUBY_MACRO_SELECT'
   50 | #define RUBY_MACRO_SELECT(x, y)   RBIMPL_MACRO_SELECT(x, y)
      |                                   ^
/opt/homebrew/Cellar/ruby/4.0.6_1/include/ruby-4.0.0/ruby/internal/core/rdata.h:49:35: note: expanded from macro 'RBIMPL_MACRO_SELECT'
   49 | #define RBIMPL_MACRO_SELECT(x, y) x ## y
      |                                   ^
<scratch space>:120:1: note: expanded from here
  120 | rb_data_object_get_1
      | ^
/opt/homebrew/Cellar/ruby/4.0.6_1/include/ruby-4.0.0/ruby/internal/core/rdata.h:368:31: note: expanded from macro 'rb_data_object_get_1'
  368 | #define rb_data_object_get_1  rb_data_object_get_warning
      |                               ^
/opt/homebrew/Cellar/ruby/4.0.6_1/include/ruby-4.0.0/ruby/internal/core/rdata.h:317:1: note: 'rb_data_object_get_warning' has been explicitly marked deprecated here
  317 | RBIMPL_ATTRSET_UNTYPED_DATA_FUNC()
      | ^
/opt/homebrew/Cellar/ruby/4.0.6_1/include/ruby-4.0.0/ruby/internal/core/rdata.h:47:5: note: expanded from macro 'RBIMPL_ATTRSET_UNTYPED_DATA_FUNC'
   47 |     RBIMPL_ATTR_DEPRECATED(("by TypedData"))
      |     ^
/opt/homebrew/Cellar/ruby/4.0.6_1/include/ruby-4.0.0/ruby/internal/attr/deprecated.h:36:53: note: expanded from macro 'RBIMPL_ATTR_DEPRECATED'
   36 | # define RBIMPL_ATTR_DEPRECATED(msg) __attribute__((__deprecated__ msg))
      |                                                     ^
 ((sval) = RBIMPL_CAST((type*)rb_data_object_get(obj)))
      |                                  ^
/opt/homebrew/Cellar/ruby/4.0.6_1/include/ruby-4.0.0/ruby/internal/core/rdata.h:370:31: note: expanded from macro 'rb_data_object_get'
  370 | #defiStruct.c:614:5: warning: 'rb_data_object_get_warning' is deprecated: by TypedData [-Wdeprecated-declarations]
  614 | ne rb_data_objec    Data_Get_Struct(self, InlineArray, array);
      |     ^
/opt/homebrew/Cellar/ruby/4.0.6_1/include/ruby-4.0.0/ruby/internal/core/rdata.h:278:34: note: t_get    RUBY_MACRO_SELECT(rb_data_object_get_2, RUBexpanded from macro 'Data_Get_Struct'
  278 |  Y_UNT   ((sval) YPED=_ RBIMPL_CAST((tDAypTe*)rb_data_objectA_WARNING)_
      |                               ^
/opt/homebrew/Cellar/ruby/4.0.6_1/include/ruby-4.0.0/ruby/internal/core/rdata.h:50:35:get(obj))) 
      |                                  ^
/opt/homebrew/Cellar/ruby/4.0.6_1/include/ruby-4.0.0/ruby/internal/core/rdata.h:370:31: note: expanded from macro 'rb_data_object_get'
  370 | #define rb_danote: expanded from macro 'RUBY_MACRO_SELECT'
   50 | #deta_objecft_getine R    RUBY_MACURO_SELECBY_MACRO_SELECT(xT(rb, y) _ d RBIMata_oPL_MACRbject_get_2, O_SELECT(x, y)
      |                                   ^
RUBY_/opt/homebrew/Cellar/ruby/4.0.6_1/include/ruby-4.0.0/ruby/internal/core/rdata.hUNTYPED_DATA_WARNING)
      | :49:35:                              ^
/opt/homebrew/Cellar/ruby/4.0.6_1/include/ruby-4.0.0/ruby/internal/core/rdata.h:50: note: expanded from macro 'RBIMPL_MACRO_SELECT'
   49 | #define RBIMPL_MACRO_SELECT(x, y) x ## y
      |                                   ^
<scratch space>:114:1: note: expanded from here
  114 | rb_data_object_get_1
      | ^
/opt/homebrew/Cellar/ruby/4.0.6_1/include/ruby-4.0.0/ruby/internal/core/rdata.h:368:31: note: expanded from macro 'rb_data_object_get_1'
  368 | #define rb_data_object_get_1  rb_data_object_get_warning
      |                               ^
/opt/homebrew/Cellar/ruby/4.0.6_1/include/ruby-4.0.0/ruby/internal/core/rdata.h:317:1: note: 'rb_data_object_get_warning' has been explicitly marked deprecated here
  317 | RBIMPL_ATTRSET_UNTYPED_DATA_FUNC()
35: note: expanded from macro 'RUBY_MACRO_SELECT'
   50 | #define RUBY_MACRO_      | SELE^
/opt/homebrew/Cellar/ruby/4.0.6_1/include/ruby-4.0.0/ruby/internal/core/rdata.hCT(x,: 47:5: note: expanded from macro 'RBIMPL_ATTRSET_UNTYPED_DATA_FUNC'
   47 |     RBIMPL_ATTR_DEPRECATyED(()" b  RBIMPL_MACROy TypedData"))_
SELECT(x, y)
      |     ^
      /opt/homebrew/Cellar/ruby/4.0.6_1/include/ruby-4.0.0/ruby/internal/attr/deprecated.h|                                   ^
/opt/homebrew/Cellar/ruby/4.0.6_1/include/ruby-4.0.0/ruby/internal/core/rdata.h:49:35::36:53: note: expanded from macro 'RBIMPL_MACRO_SELECT'
   49 note: expanded from macro 'RBIMPL_ATTR_DEPRECATED'
    | #define RBIM36PL_MACRO_S1 warning generated.
ELECT(x, y) x ## y
      |                                   ^
<scratch space>:121:1: note: expanded from here
  121 | rb_data_object_get_1
      | ^
/opt/homebrew/Cellar/ruby/4.0.6_1/include/ruby-4.0.0/ruby/internal/core/rdata.h:368:31: note: expanded from macro 'rb_data_object_get_1'
  368 | #define rb_data_object_get_1  rb_data_object_get_warning
      |                               ^
/opt/homebrew/Cellar/ruby/4.0.6_1/include/ruby-4.0.0/ruby/internal/core/rdata.h:317:1: note: 'rb_data_object_get_warning' has been explicitly marked deprecated here
  317 | RBIMPL_ATTRSET_UNTYPED_DATA_FUNC()
      | ^
/opt/homebrew/Cellar/ruby/4.0.6_1/include/ruby-4.0.0/ruby/internal/core/rdata.h:47:5: note: expanded from macro 'RBIMPL_ATTRSET_UNTYPED_DATA_FUNC'
   47 |     RBIMPL_ATTR_DEPRECATED(("by TypedData"))
      |     ^
/opt/homebrew/Cellar/ruby/4.0.6_1/include/ruby-4.0.0/ruby/internal/attr/deprecated.h:36:53: note: expanded from macro 'RBIMPL_ATTR_DEPRECATED'
   36 | # define RBIMPL_ATTR_DEPRECATED(msg) __attribute__((__deprecated__ msg))
      |                                                     ^
Struct.c:636:9: warning: 'rb_data_object_get_warning' is deprecated: by TypedData [-Wdeprecated-declarations]
  636 |         Data_Get_Struct(rbValue, Struct, s);
      |         ^
/opt/homebrew/Cellar/ruby/4.0.6_1/include/ruby-4.0.0/ruby/internal/core/rdata.h:278:34: note: expanded from macro 'Data_Get_Struct'
  278 |     ((sval) = RBIMPL_CAST((type*)rb_data_object_get(obj)))
      |                                  ^
/opt/homebrew/Cellar/ruby/4.0.6_1/include/ruby-4.0.0/ruby/internal/core/rdata.h:370:31: note: expanded from macro 'rb_data_object_get'
  370 | #define rb_data_object_get    RUBY_MACRO_SELECT(rb_data_object_get_2, RUBY_UNTYPED_DATA_WARNING)
      |                               ^
/opt/homebrew/Cellar/ruby/4.0.6_1/include/ruby-4.0.0/ruby/internal/core/rdata.h:50: | # define RBIMPL_ATTR_DEPRECATED(msg) __attribute__((__deprec35: note: expanded from macro 'RUBY_MACRO_SELECT'
ated__ msg))
      |                                                     ^
   50 | #define RUBY_MACRO_SELECT(x, y)   RBIMPL_MACRO_SELECT(x, y)
      |                                   ^
/opt/homebrew/Cellar/ruby/4.0.6_1/include/ruby-4.0.0/ruby/internal/core/rdata.h:49:35: note: expanded from macro 'RBIMPL_MACRO_SELECT'
   49 | #define RBIMPL_MACRO_SELECT(x, y) x ## y
      |                                   ^
<scratch space>:122:1: note: expanded from here
  122 | rb_data_object_get_1
      | ^
/opt/homebrew/Cellar/ruby/4.0.6_1/include/ruby-4.0.0/ruby/internal/core/rdata.h:368:31: note: expanded from macro 'rb_data_object_get_1'
  368 | #define rb_data_object_get_1  rb_data_object_get_warning
      |                               ^
/opt/homebrew/Cellar/ruby/4.0.6_1/include/ruby-4.0.0/ruby/internal/core/rdata.h:317:1: note: 'rb_data_object_get_warning' has been explicitly marked deprecated here
  317 | RBIMPL_ATTRSET_UNTYPED_DATA_FUNC()
      | ^
/opt/homebrew/Cellar/ruby/4.0.6_1/include/ruby-4.0.0/ruby/internal/core/rdata.h:47:5: note: expanded from macro 'RBIMPL_ATTRSET_UNTYPED_DATA_FUNC'
   47 |     RBIMPL_ATTR_DEPRECATED(("by TypedData"))
      |     ^
/opt/homebrew/Cellar/ruby/4.0.6_1/include/ruby-4.0.0/ruby/internal/attr/deprecated.h:36:53: note: expanded from macro 'RBIMPL_ATTR_DEPRECATED'
   36 | # define RBIMPL_ATTR_DEPRECATED(msg) __attribute__((__deprecated__ msg))
      |                                                     ^
StructLayout.c:446:5: warning: 'rb_data_object_get_warning' is deprecated: by TypedData [-Wdeprecated-declarations]
  446 |     Data_Get_Struct(self, StructLayout, layout);
      |     ^
Struct.c:644:9: /opt/homebrew/Cellar/ruby/4.0.6_1/include/ruby-4.0.0/ruby/internal/core/rdata.h:warning: 'rb_data_object_get_warning' is deprecated: by TypedData [-Wdeprecated-declarations]
  644 | 278:34:        Dat note: expanded from macro 'Data_Get_Struct'
a_Get_Struct(ar  ray->field278 |     ((->rbType, Arraysval) = RBIMPL_CAST((typeT*)ype, arrb_datarayTy_opebject_get(ob);
      |         ^
/opt/homebrew/Cellar/ruby/4.0.6_1/include/ruby-4.0.0/ruby/internal/core/rdata.h:278:34: note: expanded from macro 'Data_Get_Struct'
  278 |     ((sval) = RBIMPL_CAST((type*)rb_data_object_get(obj)))
      |                                  ^
/opt/homebrew/Cellar/ruby/4.0.6_1/include/ruby-4.0.0/ruby/internal/core/rdata.h:370:31: note: expanded from macro 'rb_data_object_get'
  370 | #define rb_data_object_get    RUBY_MACRO_SEj)))
      |                                  ^
L/opt/homebrew/Cellar/ruby/4.0.6_1/include/ruby-4.0.0/ruby/internal/core/rdata.h:E370C:T31(:r b_data_object_note: expanded from macro 'rb_data_object_get'
  370 | #defineget_2, RUBY_UNTYPED_DATA_WARNING)
      |                               ^ rb_data
_object_get/opt/homebrew/Cellar/ruby/4.0.6_1/include/ruby-4.0.0/ruby/internal/core/rdata.h:50:35: note: expanded from macro 'RUBY_MACRO_SELECT'
   50 | #define RUBY_MACRO_SELECT(x, y)   RBIMPL_MACRO_SELECT(x, y)
      |                                   ^
/opt/homebrew/Cellar/ruby/4.0.6_1/include/ruby-4.0.0/ruby/internal/core/rdata.h:49:35: note: expanded from macro 'RBIMPL_MACRO_SELECT'
    49 |    RUBY_MA#defiCRO_ne RSELECT(rbBIMPL_M_ACRO_SELECT(xd,ata_objec ty) x ## y
      _get_2, RUBY|                                   ^
<scratch space>:123:1: note: expanded from here
  123 | rb_data_objec_UNTYPED_DATt_Ag_eWARNING)
      |                               ^
t_1
      | ^
/opt/homebrew/Cellar/ruby/4.0.6_1/include/ruby-4.0.0/ruby/internal/core/rdata.h:368:31: note: expanded from macro 'rb_data_object_get_1'
  368 | #def/opt/homebrew/Cellar/ruby/4.0.6_1/include/ruby-4.0.0/ruby/internal/core/rdata.hi:50n:e35 :r bnote: _expanded from macro 'RUBY_MACRO_SELECT'd
ata_object   50 | #define RUBY_MA_get_1  rCRO_SELECT(bx_data_obj, y) ect_get_warni n gR
B      I| M                              ^P
L_MACRO_/opt/homebrew/Cellar/ruby/4.0.6_1/include/ruby-4.0.0/ruby/internal/core/rdata.hS:E317L:E1C:T note: 'rb_data_object_get_warning' has been explicitly marked deprecated here
  317 | (x, RBIMPL_ATTRSET_Uy)
      |                                   ^
NTYPED_DATA_FUNC()
      | ^
/opt/homebrew/Cellar/ruby/4.0.6_1/include/ruby-4.0.0/ruby/internal/core/rdata.h:47/opt/homebrew/Cellar/ruby/4.0.6_1/include/ruby-4.0.0/ruby/internal/core/rdata.h:49:35: note: expanded from macro 'RBIMPL_MACRO_SELECT'
   49 | #:5: define RBIMPL_note: expanded from macro 'RBIMPL_ATTRSET_UNTYPED_DATA_FUNC'MAC
   R47 |  O_SELECT(x, y) x ## y
       |                                   ^  RBIMPL_ATTR_DEPRECATE
<scratch space>:115D:(("by TypedData"))
      |     ^
1/opt/homebrew/Cellar/ruby/4.0.6_1/include/ruby-4.0.0/ruby/internal/attr/deprecated.h::36 :note: 53expanded from here:
 note: expanded from macro 'RBIMPL_ATTR_DEPRECATED'
  115 | rb_   36 | # defindata_object_gete RBIMP_L_A1T
T      R_DEPRECATED(msg) __a| ^
/opt/homebrew/Cellar/ruby/4.0.6_1/include/ruby-4.0.0/ruby/internal/core/rdata.h:368:31: note: expanded from macro 'rb_data_object_get_1'
  368tt | ri#bute__((__deprecated__ dmesfgi)n)e
       r| b                                                    ^_
data_object_get_1  rb_data_object_get_warning
      |                               ^
/opt/homebrew/Cellar/ruby/4.0.6_1/include/ruby-4.0.0/ruby/internal/core/rdata.h:317:1: note: 'rb_data_object_get_warning' has been explicitly marked deprecated here
  317 | RBIMPL_ATTRSET_UNTYPED_DATA_FUNC()
      | ^
/opt/homebrew/Cellar/ruby/4.0.6_1/include/ruby-4.0.0/ruby/internal/core/rdata.h:47:5: note: expanded from macro 'RBIMPL_ATTRSET_UNTYPED_DATA_FUNC'
   47 |     RBIMPL_ATTR_DEPRECATED(("by TypedData"))
      |     ^
/opt/homebrew/Cellar/ruby/4.0.6_1/include/ruby-4.0.0/ruby/internal/attr/deprecated.h:36:53: note: expanded from macro 'RBIMPL_ATTR_DEPRECATED'
   36 | # define RBIMPL_ATTR_DEPRECATED(msg) __attribute__((__deprecated__ msg))
      |                                                     ^
Struct.c:664:5: warning: 'rb_data_object_get_warning' is deprecated: by TypedData [-Wdeprecated-declarations]
  664 |     Data_Get_Struct(self, InlineArray, array);
      |     ^
/opt/homebrew/Cellar/ruby/4.0.6_1/include/ruby-4.0.0/ruby/internal/core/rdata.h:278:34: note: expanded from macro 'Data_Get_Struct'
  278 |     ((sval) = RBIMPL_CAST((type*)rb_data_object_get(obj)))
      |                                  ^
/opt/homebrew/Cellar/ruby/4.0.6_1/include/ruby-4.0.0/ruby/internal/core/rdata.h:370:31: note: expanded from macro 'rb_data_object_get'
  370 | #define rb_data_object_get    RUBY_MACRO_SELECT(rb_data_object_get_2, RUBY_UNTYPED_DATA_WARNING)
      |                               ^
/opt/homebrew/Cellar/ruby/4.0.6_1/include/ruby-4.0.0/ruby/internal/core/rdata.h:50:35: note: expanded from macro 'RUBY_MACRO_SELECT'
   50 | #define RUBY_MACRO_SELECT(x, y)   RBIMPL_MACRO_SELECT(x, y)
      |                                   ^
/opt/homebrew/Cellar/ruby/4.0.6_1/include/ruby-4.0.0/ruby/internal/core/rdata.h:49:35: note: expanded from macro 'RBIMPL_MACRO_SELECT'
   49 | #define RBIMPL_MACRO_SELECT(x, y) x ## y
      |                                   ^
<scratch space>:124:1: note: expanded from here
  124 | rb_data_object_get_1
      | ^
/opt/homebrew/Cellar/ruby/4.0.6_1/include/ruby-4.0.0/ruby/internal/core/rdata.h:368:31: note: expanded from macro 'rb_data_object_get_1'
  368 | #define rb_data_object_get_1  rb_data_object_get_warning
      |                               ^
/opt/homebrew/Cellar/ruby/4.0.6_1/include/ruby-4.0.0/ruby/internal/core/rdata.h:317:1: note: 'rb_data_object_get_warning' has been explicitly marked deprecated here
  317 | RBIMPL_ATTRSET_UNTYPED_DATA_FUNC()
      | ^
/opt/homebrew/Cellar/ruby/4.0.6_1/include/ruby-4.0.0/ruby/internal/core/rdata.h:47:5: note: expanded from macro 'RBIMPL_ATTRSET_UNTYPED_DATA_FUNC'
   47 |     RBIMPL_ATTR_DEPRECATED(("by TypedData"))
      |     ^
/opt/homebrew/Cellar/ruby/4.0.6_1/include/ruby-4.0.0/ruby/internal/attr/deprecated.h:36:53: note: expanded from macro 'RBIMPL_ATTR_DEPRECATED'
   36 | # define RBIMPL_ATTR_DEPRECATED(msg) __attribute__((__deprecated__ msg))
      |                                                     ^
StructLayout.c:473:9: warning: 'rb_data_object_get_warning' is deprecated: by TypedData [-Wdeprecated-declarations]
  473 |         Data_Get_Struct(rbField, Struct.c:685:5: warning: 'rb_data_object_get_warning' is deprecated: by TypedData [-Wdeprecated-declarations]
  685 |     Data_GeStructFit_Struct(self, InlineArray, array);
      |     ^
e/opt/homebrew/Cellar/ruby/4.0.6_1/include/ruby-4.0.0/ruby/internal/core/rdata.h:278:34: note: expanded from macro 'Data_Get_Struct'
  278 |   ld, f  ((sval) = RBIMPL_CAST(ield)(type*)rb_dat;
      | a        ^_object_get(obj)))

      |                                  ^
/opt/homebrew/Cellar/ruby/4.0.6_1/include/ruby-4.0.0/ruby/internal/core/rdata.h:370:31: note: expanded from macro 'rb_data_object_get'
  370 | #define rb_data_object_get    RUBY_MA/opt/homebrew/Cellar/ruby/4.0.6_1/include/ruby-4.0.0/ruby/internal/core/rdata.hCRO_SELECT(rb:278:34: note: expanded from macro 'Data_Get_Struct'
  278_ | data_object_get_2,     (RUBY_UNTYPED_DATA_(svaWlARNING)
      |                               ^
/opt/homebrew/Cellar/ruby/4.0.6_1/include/ruby-4.0.0/ruby/internal/core/rdata.h:50:35: note: expanded from macro 'RUBY_MACRO_SELECT'
   ) = RBIMPL_CAST50((ty | #define RUpe*)rbBY_M_data_objACRO_SELECT(x, ect_yg)   RBIMPL_MACet(oRbO_SELECT(x, y)
      |                                   ^
/opt/homebrew/Cellar/ruby/4.0.6_1/include/ruby-4.0.0/ruby/internal/core/rdata.h:49:35: note: expanded from macro 'RBIMPL_MACRO_SELECT'
   49 | #definj)))e
 RBIMPL_MACRO_      |                                  ^
SELECT(x, y) x ## y
/opt/homebrew/Cellar/ruby/4.0.6_1/include/ruby-4.0.0/ruby/internal/core/rdata.h:370:31      |                                   ^
<scratch space>:125: note: expanded from macro 'rb_data_object_get'
:1: note: expanded from here
  125 | rb_d  370 | a#ta_object_get_1
      | ^
/opt/homebrew/Cellar/ruby/4.0.6_1/include/ruby-4.0.0/ruby/internal/core/rdata.hdefine rb_data_o:368:31: note: expanded from macro 'rb_data_object_get_1'b
  368 | #definject_get   e RUBY_MACRO_SELECT(rb_data_object_get_2, RUBY_UNTYPED_DA rb_data_objecTA_WARNING)
      | t_get_1  rb_data_ob                              ^
ject_get_warnin/opt/homebrew/Cellar/ruby/4.0.6_1/include/ruby-4.0.0/ruby/internal/core/rdata.hg
      |                               ^
:/opt/homebrew/Cellar/ruby/4.0.6_1/include/ruby-4.0.0/ruby/internal/core/rdata.h:317:1: note: 'rb_data_object_get_warning' has been explicitly marked deprecated here
  31750 | RBIMPL_ATTRSET_UNTYPE:35:D_DATA_FU note: expanded from macro 'RUBY_MACRO_SELECT'
   50 | #define RUBY_MACRO_SELECT(x, y)   RBIMPL_MACRO_SNC()
      | ^
/opt/homebrew/Cellar/ruby/4.0.6_1/include/ruby-4.0.0/ruby/internal/core/rdata.h:47:5: note: expanded from macro 'RBIMPL_ATTRSET_UNTYPED_DATA_FUNC'
E   47 |     RLECT(x, y)
      |                                   ^
/opt/homebrew/Cellar/ruby/4.0.6_1/include/ruby-4.0.0/ruby/internal/core/rdata.h:BI49:35: note: expanded from macro 'RBIMPL_MACRO_SELECT'
   49 | #define RBIMPMPL_L_MACRO_SELECATTR_DEPRECT(x, y) x ## y
      |                                   ^
ATED(<scratch space>(:"116b:1: note: expanded from here
  116 | y TypedData"))
      |     ^
/opt/homebrew/Cellar/ruby/4.0.6_1/include/ruby-4.0.0/ruby/internal/attr/deprecated.h:36:53: note: expanded from macro 'RBIMPL_ATTR_DEPRECATED'
   rb_data_object_get36 | #_ defin1
      | ^
/opt/homebrew/Cellar/ruby/4.0.6_1/include/ruby-4.0.0/ruby/internal/core/rdata.h:368:31: note: expanded from macro 'rb_data_object_get_1'
e RBIMPL_ATTR_DEPRECA  TED(msg) __attribute__((__depreca368 | #dteed__ msg))
      fine|                                                     ^
 rb_data_object_get_1  rb_data_object_get_warning
      |                               ^
/opt/homebrew/Cellar/ruby/4.0.6_1/include/ruby-4.0.0/ruby/internal/core/rdata.h:317:1: note: 'rb_data_object_get_warning' has been explicitly marked deprecated here
  317 | RBIMPL_ATTRSET_UNTYPED_DATA_FUNC()
      | ^
/opt/homebrew/Cellar/ruby/4.0.6_1/include/ruby-4.0.0/ruby/internal/core/rdata.h:47:5: note: expanded from macro 'RBIMPL_ATTRSET_UNTYPED_DATA_FUNC'
   47 |     RBIMPL_ATTR_DEStruct.c:708:5: PRECATED((warning: 'rb_data_object_get_warning' is deprecated: by TypedData [-Wdeprecated-declarations]
  708 |   "by TypedData"))
      |      ^
/opt/homebrew/Cellar/ruby/4.0.6_1/include/ruby-4.0.0/ruby/internal/attr/deprecated.h:36:53: Data_Get note: expanded from macro 'RBIMPL_ATTR_DEPRECATED'
   36 | _#Struct(self, Inlin eArray, array);
      |     ^
def/opt/homebrew/Cellar/ruby/4.0.6_1/include/ruby-4.0.0/ruby/internal/core/rdata.h:278:ine 34: note: expanded from macro 'Data_Get_Struct'
  278 |     ((sval) = RBIMPL_CAST((type*)rb_data_objeRct_get(obj)))
      |                                  ^
/opt/homebrew/Cellar/ruby/4.0.6_1/include/ruby-4.0.0/ruby/internal/core/rdata.h:370:31: note: expanded from macro 'rb_data_object_get'
  370 | #define rb_data_object_get    RUBY_MACRO_SELECT(rb_BdaIta_objMPL_AeTct_geTR_DEPRt_2, RUBY_ECATED(msgU) __attribute_N_T(Y(P_E_Dd_eprecated__ msg)DATA_WARNING)
      |                               ^
/opt/homebrew/Cellar/ruby/4.0.6_1/include/ruby-4.0.0/ruby/internal/core/rdata.h:50:35)
      |                                                     ^
: note: expanded from macro 'RUBY_MACRO_SELECT'
   50 | #define RUBY_MACRO_SELECT(x, y)   RBIMPL_MACRO_SELECT(x, y)
      |                                   ^
/opt/homebrew/Cellar/ruby/4.0.6_1/include/ruby-4.0.0/ruby/internal/core/rdata.h:49:35: note: expanded from macro 'RBIMPL_MACRO_SELECT'
   49 | #define RBIMPL_MACRO_SELECT(x, y) x ## y
      |                                   ^
<scratch space>:126:1: note: expanded from here
  126 | rb_data_object_get_1
      | ^
/opt/homebrew/Cellar/ruby/4.0.6_1/include/ruby-4.0.0/ruby/internal/core/rdata.h:368:31: note: expanded from macro 'rb_data_object_get_1'
  368 | #define rb_data_object_get_1  rb_data_object_get_warning
      |                               ^
/opt/homebrew/Cellar/ruby/4.0.6_1/include/ruby-4.0.0/ruby/internal/core/rdata.h:317:1: note: 'rb_data_object_get_warning' has been explicitly marked deprecated here
  317 | RBIMPL_ATTRSET_UNTYPED_DATA_FUNC()
      | ^
/opt/homebrew/Cellar/ruby/4.0.6_1/include/ruby-4.0.0/ruby/internal/core/rdata.h:47:5: note: expanded from macro 'RBIMPL_ATTRSET_UNTYPED_DATA_FUNC'
   47 |     RBIMPL_ATTR_DEPRECATED(("by TypedData"))
      |     ^
/opt/homebrew/Cellar/ruby/4.0.6_1/include/ruby-4.0.0/ruby/internal/attr/deprecated.h:36:53: note: expanded from macro 'RBIMPL_ATTR_DEPRECATED'
   36 | # define RBIMPL_ATTR_DEPRECATED(msg) __attribute__((__deprecated__ msg))
      |                                                     ^
StructLayout.c:518:5: warning: 'rb_data_object_get_warning' is deprecated: by TypedData [-Wdeprecated-declarations]
  518 |     Data_Get_Struct(self, StructLayout, layout);
      |     ^
/opt/homebrew/Cellar/ruby/4.0.6_1/include/ruby-4.0.0/ruby/internal/core/rdata.h:278:34: note: expanded from macro 'Data_Get_Struct'
  278 |     ((sval) = RBIMPL_CAST((type*)rb_data_object_get(obj)))
      |                                  ^
/opt/homebrew/Cellar/ruby/4.0.6_1/include/ruby-4.0.0/ruby/internal/core/rdata.h:370:31: note: expanded from macro 'rb_data_object_get'
  370 | #define rb_data_object_get    RUBY_MACRO_SELECT(rb_data_object_get_2, RUBY_UNTYPED_DATA_WARNING)
      |                               ^
/opt/homebrew/Cellar/ruby/4.0.6_1/include/ruby-4.0.0/ruby/internal/core/rdata.h:50:35: note: expanded from macro 'RUBY_MACRO_SELECT'
   50 | #define RUBY_MACRO_SELECT(x, y)   RBIMPL_MACRO_SELECT(x, y)
      |                                   ^
/opt/homebrew/Cellar/ruby/4.0.6_1/include/ruby-4.0.0/ruby/internal/core/rdata.h:49:35: note: expanded from macro 'RBIMPL_MACRO_SELECT'
   49 | #define RBIMPL_MACStruct.c:731:5: warning: RO_SELECT(x, 'rb_data_object_get_warning' is deprecated: by TypedData [-Wdeprecated-declarations]
  731 | y  )   xD a#t# y
      |                                   ^
<scratch space>:117a:1:_ Gnote: eexpanded from heret
_St  117 | rrb_datau_ocbtj(escetl_fg, InlineArray, et_1array
      | ^
/opt/homebrew/Cellar/ruby/4.0.6_1/include/ruby-4.0.0/ruby/internal/core/rdata.h:368:31: note: expanded from macro 'rb_data_object_get_1');
      |     ^

  /opt/homebrew/Cellar/ruby/4.0.6_1/include/ruby-4.0.0/ruby/internal/core/rdata.h368: | 278#:d34e:f inote: nexpanded from macro 'Data_Get_Struct'e
 rb_data_o  b278j | e c t  ((sval) = RBIMPL_CAST((type*)rb_da_gett_1a _ orbbj_edcatt_ag_eot(obj)))
      |                                  ^
/opt/homebrew/Cellar/ruby/4.0.6_1/include/ruby-4.0.0/ruby/internal/core/rdata.h:370:31: note: expanded from macro 'rb_data_object_get'bject_get_warn
ing
      |                               ^  370 | #
defi/opt/homebrew/Cellar/ruby/4.0.6_1/include/ruby-4.0.0/ruby/internal/core/rdata.h:317:1: note: 'rb_data_object_get_warning' has been explicitly marked deprecated here
  317ne r | RBIMPL_ATTRSET_Ub_data_object_gNTYPet    REDUBY_MACR_DATA_FUNC()
      | ^
O_SELECT(rb_data_object/opt/homebrew/Cellar/ruby/4.0.6_1/include/ruby-4.0.0/ruby/internal/core/rdata.h:47:_get_5: note: expanded from macro 'RBIMPL_ATTRSET_UNTYPED_DATA_FUNC'
   47 |   2  ,R BRIUMBPYL__UANTTTYRP_DEPRECATED(("by TypedData"))
      |     ^
ED_DA/opt/homebrew/Cellar/ruby/4.0.6_1/include/ruby-4.0.0/ruby/internal/attr/deprecated.hT:A_WARNING)
      |                               ^
/opt/homebrew/Cellar/ruby/4.0.6_1/include/ruby-4.0.0/ruby/internal/core/rdata.h:50:35: note: expanded from macro 'RUBY_MACRO_SELECT'
   50 | #define RUBY_MACRO_36:53: Snote: expanded from macro 'RBIMPL_ATTR_DEPRECATED'E
LECT(x, y)      36 | # definRe BRIBMIMPL_ATTPL_MR_DEPRECATEDACRO_SEL(ECmTs(gx), y)
      |                                   ^
/opt/homebrew/Cellar/ruby/4.0.6_1/include/ruby-4.0.0/ruby/internal/core/rdata.h:49:35: note: expanded from macro 'RBIMPL_MACRO_SELECT'
   49 |  __attribu#define te__((__depreRBIMcated__ msg))PL_MACRO_SELECT
      |                                                     ^(x, y) x ##
 y
      |                                   ^
<scratch space>:127:1: note: expanded from here
  127 | rb_data_object_get_1
      | ^
/opt/homebrew/Cellar/ruby/4.0.6_1/include/ruby-4.0.0/ruby/internal/core/rdata.h:368:31: note: expanded from macro 'rb_data_object_get_1'
  368 | #define rb_data_object_get_1  rb_data_object_get_warning
      |                               ^
/opt/homebrew/Cellar/ruby/4.0.6_1/include/ruby-4.0.0/ruby/internal/core/rdata.h:317:1: note: 'rb_data_object_get_warning' has been explicitly marked deprecated here
  317 | RBIMPL_ATTRSET_UNTYPED_DATA_FUNC()
      | ^
/opt/homebrew/Cellar/ruby/4.0.6_1/include/ruby-4.0.0/ruby/internal/core/rdata.h:47:5: note: expanded from macro 'RBIMPL_ATTRSET_UNTYPED_DATA_FUNC'
   47 |     RBIMPL_ATTR_DEPRECATED(("by TypedData"))
      |     ^
/opt/homebrew/Cellar/ruby/4.0.6_1/include/ruby-4.0.0/ruby/internal/attr/deprecated.h:36:53: note: expanded from macro 'RBIMPL_ATTR_DEPRECATED'
   36 | # define RBIMPL_ATTR_DEPRECATED(msg) __attribute__((__deprecated__ msg))
      |                                                     ^
StructLayout.c:548:5: warning: 'rb_data_object_get_warning' is deprecated: by TypedData [-Wdeprecated-declarations]
  548 |     Data_Get_Struct(self, StructLayout, layout);
      |     ^
/opt/homebrew/Cellar/ruby/4.0.6_1/include/ruby-4.0.0/ruby/internal/core/rdata.h:278:34: note: expanded from macro 'Data_Get_Struct'
  278 |     ((sval) = RBIMPL_CAST((type*)rb_data_object_get(obj)))
      |                                  ^
/opt/homebrew/Cellar/ruby/4.0.6_1/include/ruby-4.0.0/ruby/internal/core/rdata.h:370:31: note: expanded from macro 'rb_data_object_get'
  370 | #define rb_data_object_get    RUBY_MACRO_SELECT(rb_data_object_get_2, RUBY_UNTYPED_DATA_WARNING)
      |                               ^
/opt/homebrew/Cellar/ruby/4.0.6_1/include/ruby-4.0.0/ruby/internal/core/rdata.h:50:35: note: expanded from macro 'RUBY_MACRO_SELECT'
   50 | #define RUBY_MACRO_SELECT(x, y)   RBIMPL_MACRO_SELECT(x, y)
      |                                   ^
/opt/homebrew/Cellar/ruby/4.0.6_1/include/ruby-4.0.0/ruby/internal/core/rdata.h:49:35: note: expanded from macro 'RBIMPL_MACRO_SELECT'
   49 | #define RBIMPL_MACRO_SELECT(x, y) x ## y
      |                                   ^
<scratch space>:118:1: note: expanded from here
  118 | rb_data_object_get_1
      | ^
/opt/homebrew/Cellar/ruby/4.0.6_1/include/ruby-4.0.0/ruby/internal/core/rdata.h:368:31: note: expanded from macro 'rb_data_object_get_1'
  368 | #define rb_data_object_get_1  rb_data_object_get_warning
      |                               ^
/opt/homebrew/Cellar/ruby/4.0.6_1/include/ruby-4.0.0/ruby/internal/core/rdata.h:317:1: note: 'rb_data_object_get_warning' has been explicitly marked deprecated here
  317 | RBIMPL_ATTRSET_UNTYPED_DATA_FUNC()
      | ^
/opt/homebrew/Cellar/ruby/4.0.6_1/include/ruby-4.0.0/ruby/internal/core/rdata.h:47:5: note: expanded from macro 'RBIMPL_ATTRSET_UNTYPED_DATA_FUNC'
   47 |     RBIMPL_ATTR_DEPRECATED(("by TypedData"))
      |     ^
/opt/homebrew/Cellar/ruby/4.0.6_1/include/ruby-4.0.0/ruby/internal/attr/deprecated.h:36:53: note: expanded from macro 'RBIMPL_ATTR_DEPRECATED'
   36 | # define RBIMPL_ATTR_DEPRECATED(msg) __attribute__((__deprecated__ msg))
      |                                                     ^
StructLayout.c:563:5: warning: 'rb_data_object_get_warning' is deprecated: by TypedData [-Wdeprecated-declarations]
  563 |     Data_Get_Struct(self, StructLayout, layout);
      |     ^
/opt/homebrew/Cellar/ruby/4.0.6_1/include/ruby-4.0.0/ruby/internal/core/rdata.h:278:34: note: expanded from macro 'Data_Get_Struct'
  278 |     ((sval) = RBIMPL_CAST((type*)rb_data_object_get(obj)))
      |                                  ^
/opt/homebrew/Cellar/ruby/4.0.6_1/include/ruby-4.0.0/ruby/internal/core/rdata.h:370:31: note: expanded from macro 'rb_data_object_get'
  370 | #define rb_data_object_get    RUBY_MACRO_SELECT(rb_data_object_get_2, RUBY_UNTYPED_DATA_WARNING)
      |                               ^
/opt/homebrew/Cellar/ruby/4.0.6_1/include/ruby-4.0.0/ruby/internal/core/rdata.h:50:35: note: expanded from macro 'RUBY_MACRO_SELECT'
   50 | #define RUBY_MACRO_SELECT(x, y)   RBIMPL_MACRO_SELECT(x, y)
      |                                   ^
/opt/homebrew/Cellar/ruby/4.0.6_1/include/ruby-4.0.0/ruby/internal/core/rdata.h:49:35: note: expanded from macro 'RBIMPL_MACRO_SELECT'
   49 | #define RBIMPL_MACRO_SELECT(x, y) x ## y
      |                                   ^
<scratch space>:119:1: note: expanded from here
  119 | rb_data_object_get_1
      | ^
/opt/homebrew/Cellar/ruby/4.0.6_1/include/ruby-4.0.0/ruby/internal/core/rdata.h:368:31: note: expanded from macro 'rb_data_object_get_1'
  368 | #define rb_data_object_get_1  rb_data_object_get_warning
      |                               ^
/opt/homebrew/Cellar/ruby/4.0.6_1/include/ruby-4.0.0/ruby/internal/core/rdata.h:317:1: note: 'rb_data_object_get_warning' has been explicitly marked deprecated here
  317 | RBIMPL_ATTRSET_UNTYPED_DATA_FUNC()
      | ^
/opt/homebrew/Cellar/ruby/4.0.6_1/include/ruby-4.0.0/ruby/internal/core/rdata.h:47:5: note: expanded from macro 'RBIMPL_ATTRSET_UNTYPED_DATA_FUNC'
   47 |     RBIMPL_ATTR_DEPRECATED(("by TypedData"))
      |     ^
/opt/homebrew/Cellar/ruby/4.0.6_1/include/ruby-4.0.0/ruby/internal/attr/deprecated.h:36:53: note: expanded from macro 'RBIMPL_ATTR_DEPRECATED'
   36 | # define RBIMPL_ATTR_DEPRECATED(msg) __attribute__((__deprecated__ msg))
      |                                                     ^
StructLayout.c:578:5: warning: 'rb_data_object_get_warning' is deprecated: by TypedData [-Wdeprecated-declarations]
  578 |     Data_Get_Struct(self, StructLayout, layout);
      |     ^
/opt/homebrew/Cellar/ruby/4.0.6_1/include/ruby-4.0.0/ruby/internal/core/rdata.h:278:34: note: expanded from macro 'Data_Get_Struct'
  278 |     ((sval) = RBIMPL_CAST((type*)rb_data_object_get(obj)))
      |                                  ^
/opt/homebrew/Cellar/ruby/4.0.6_1/include/ruby-4.0.0/ruby/internal/core/rdata.h:370:31: note: expanded from macro 'rb_data_object_get'
  370 | #define rb_data_object_get    RUBY_MACRO_SELECT(rb_data_object_get_2, RUBY_UNTYPED_DATA_WARNING)
      |                               ^
/opt/homebrew/Cellar/ruby/4.0.6_1/include/ruby-4.0.0/ruby/internal/core/rdata.h:50:35: note: expanded from macro 'RUBY_MACRO_SELECT'
   50 | #define RUBY_MACRO_SELECT(x, y)   RBIMPL_MACRO_SELECT(x, y)
      |                                   ^
/opt/homebrew/Cellar/ruby/4.0.6_1/include/ruby-4.0.0/ruby/internal/core/rdata.h:49:35: note: expanded from macro 'RBIMPL_MACRO_SELECT'
   49 | #define RBIMPL_MACRO_SELECT(x, y) x ## y
      |                                   ^
<scratch space>:120:1: note: expanded from here
  120 | rb_data_object_get_1
      | ^
/opt/homebrew/Cellar/ruby/4.0.6_1/include/ruby-4.0.0/ruby/internal/core/rdata.h:368:31: note: expanded from macro 'rb_data_object_get_1'
  368 | #define rb_data_object_get_1  rb_data_object_get_warning
      |                               ^
/opt/homebrew/Cellar/ruby/4.0.6_1/include/ruby-4.0.0/ruby/internal/core/rdata.h:317:1: note: 'rb_data_object_get_warning' has been explicitly marked deprecated here
  317 | RBIMPL_ATTRSET_UNTYPED_DATA_FUNC()
      | ^
/opt/homebrew/Cellar/ruby/4.0.6_1/include/ruby-4.0.0/ruby/internal/core/rdata.h:47:5: note: expanded from macro 'RBIMPL_ATTRSET_UNTYPED_DATA_FUNC'
   47 |     RBIMPL_ATTR_DEPRECATED(("by TypedData"))
      |     ^
/opt/homebrew/Cellar/ruby/4.0.6_1/include/ruby-4.0.0/ruby/internal/attr/deprecated.h:36:53: note: expanded from macro 'RBIMPL_ATTR_DEPRECATED'
   36 | # define RBIMPL_ATTR_DEPRECATED(msg) __attribute__((__deprecated__ msg))
      |                                                     ^
StructLayout.c:593:5: warning: 'rb_data_object_get_warning' is deprecated: by TypedData [-Wdeprecated-declarations]
  593 |     Data_Get_Struct(self, StructLayout, layout);
      |     ^
/opt/homebrew/Cellar/ruby/4.0.6_1/include/ruby-4.0.0/ruby/internal/core/rdata.h:278:34: note: expanded from macro 'Data_Get_Struct'
  278 |     ((sval) = RBIMPL_CAST((type*)rb_data_object_get(obj)))
      |                                  ^
/opt/homebrew/Cellar/ruby/4.0.6_1/include/ruby-4.0.0/ruby/internal/core/rdata.h:370:31: note: expanded from macro 'rb_data_object_get'
  370 | #define rb_data_object_get    RUBY_MACRO_SELECT(rb_data_object_get_2, RUBY_UNTYPED_DATA_WARNING)
      |                               ^
/opt/homebrew/Cellar/ruby/4.0.6_1/include/ruby-4.0.0/ruby/internal/core/rdata.h:50:35: note: expanded from macro 'RUBY_MACRO_SELECT'
   50 | #define RUBY_MACRO_SELECT(x, y)   RBIMPL_MACRO_SELECT(x, y)
      |                                   ^
/opt/homebrew/Cellar/ruby/4.0.6_1/include/ruby-4.0.0/ruby/internal/core/rdata.h:49:35: note: expanded from macro 'RBIMPL_MACRO_SELECT'
   49 | #define RBIMPL_MACRO_SELECT(x, y) x ## y
      |                                   ^
<scratch space>:121:1: note: expanded from here
  121 | rb_data_object_get_1
      | ^
/opt/homebrew/Cellar/ruby/4.0.6_1/include/ruby-4.0.0/ruby/internal/core/rdata.h:368:31: note: expanded from macro 'rb_data_object_get_1'
  368 | #define rb_data_object_get_1  rb_data_object_get_warning
      |                               ^
/opt/homebrew/Cellar/ruby/4.0.6_1/include/ruby-4.0.0/ruby/internal/core/rdata.h:317:1: note: 'rb_data_object_get_warning' has been explicitly marked deprecated here
  317 | RBIMPL_ATTRSET_UNTYPED_DATA_FUNC()
      | ^
/opt/homebrew/Cellar/ruby/4.0.6_1/include/ruby-4.0.0/ruby/internal/core/rdata.h:47:5: note: expanded from macro 'RBIMPL_ATTRSET_UNTYPED_DATA_FUNC'
   47 |     RBIMPL_ATTR_DEPRECATED(("by TypedData"))
      |     ^
/opt/homebrew/Cellar/ruby/4.0.6_1/include/ruby-4.0.0/ruby/internal/attr/deprecated.h:36:53: note: expanded from macro 'RBIMPL_ATTR_DEPRECATED'
   36 | # define RBIMPL_ATTR_DEPRECATED(msg) __attribute__((__deprecated__ msg))
      |                                                     ^
15 warnings generated.
8 warnings generated.
7 warnings generated.
22 warnings generated.
Struct.c:644:9: warning: call to 'rb_data_object_get_warning' declared with 'warning' attribute: untyped Data is unsafe; use TypedData instead [-Wattribute-warning]
  644 |         Data_Get_Struct(array->field->rbType, ArrayType, arrayType);
      |         ^
/opt/homebrew/Cellar/ruby/4.0.6_1/include/ruby-4.0.0/ruby/internal/core/rdata.h:278:34: note: expanded from macro 'Data_Get_Struct'
  278 |     ((sval) = RBIMPL_CAST((type*)rb_data_object_get(obj)))
      |                                  ^
/opt/homebrew/Cellar/ruby/4.0.6_1/include/ruby-4.0.0/ruby/internal/core/rdata.h:370:31: note: expanded from macro 'rb_data_object_get'
  370 | #define rb_data_object_get    RUBY_MACRO_SELECT(rb_data_object_get_2, RUBY_UNTYPED_DATA_WARNING)
      |                               ^
/opt/homebrew/Cellar/ruby/4.0.6_1/include/ruby-4.0.0/ruby/internal/core/rdata.h:50:35: note: expanded from macro 'RUBY_MACRO_SELECT'
   50 | #define RUBY_MACRO_SELECT(x, y)   RBIMPL_MACRO_SELECT(x, y)
      |                                   ^
/opt/homebrew/Cellar/ruby/4.0.6_1/include/ruby-4.0.0/ruby/internal/core/rdata.h:49:35: note: expanded from macro 'RBIMPL_MACRO_SELECT'
   49 | #define RBIMPL_MACRO_SELECT(x, y) x ## y
      |                                   ^
<scratch space>:123:1: note: expanded from here
  123 | rb_data_object_get_1
      | ^
/opt/homebrew/Cellar/ruby/4.0.6_1/include/ruby-4.0.0/ruby/internal/core/rdata.h:368:31: note: expanded from macro 'rb_data_object_get_1'
  368 | #define rb_data_object_get_1  rb_data_object_get_warning
      |                               ^
29 warnings generated.
70 warnings generated.
linking shared-object ffi_c.bundle
ld: warning: search path '/opt/homebrew/Cellar/openssl@3/3.6.3/lib' not found

current directory: /Users/iouna/Documents/INFO /CV+Homepage+PPT/github + Homepage /Yiounah.github.io/vendor/bundle/ruby/4.0.0/gems/ffi-1.15.1/ext/ffi_c
make -j11 DESTDIR\= sitearchdir\=./.gem.20260901-96313-b73hyz sitelibdir\=./.gem.20260901-96313-b73hyz install
/usr/bin/install -c -m 0755 ffi_c.bundle ./.gem.20260901-96313-b73hyz

current directory: /Users/iouna/Documents/INFO /CV+Homepage+PPT/github + Homepage /Yiounah.github.io/vendor/bundle/ruby/4.0.0/gems/ffi-1.15.1/ext/ffi_c
make DESTDIR\= sitearchdir\=./.gem.20260901-96313-b73hyz sitelibdir\=./.gem.20260901-96313-b73hyz clean
